"data_partida","mandante","estado_mandante","time_fora","estado_time_fora","gols_mandante","gols_time_fora","temporada","rodada"
2007-05-12 00:00:00,"Figueirense","","Athletico-PR","PR",3,6,2007,1
2007-05-12 00:00:00,"Fluminense","","Cruzeiro","",2,2,2007,1
2007-05-12 00:00:00,"São Paulo","","Goiás","",2,0,2007,1
2007-05-13 00:00:00,"Paraná","","Grêmio","",3,0,2007,1
2007-05-13 00:00:00,"Flamengo","","Palmeiras","",2,4,2007,1
2007-05-13 00:00:00,"Internacional","","Botafogo","",2,3,2007,1
2007-05-13 00:00:00,"Atlético-MG","MG","Náutico","",2,1,2007,1
2007-05-13 00:00:00,"América-RN","RN","Vasco","",0,1,2007,1
2007-05-13 00:00:00,"Corinthians","","Juventude","",1,0,2007,1
2007-05-13 00:00:00,"Sport","","Santos","",4,1,2007,1
2007-05-19 00:00:00,"Santos","","América-RN","RN",2,3,2007,2
2007-05-19 00:00:00,"Athletico-PR","PR","Internacional","",2,1,2007,2
2007-05-19 00:00:00,"Juventude","","Paraná","",1,2,2007,2
2007-05-20 00:00:00,"Goiás","","Flamengo","",1,3,2007,2
2007-05-20 00:00:00,"Botafogo","","Atlético-MG","MG",2,1,2007,2
2007-05-20 00:00:00,"Cruzeiro","","Corinthians","",0,3,2007,2
2007-05-20 00:00:00,"Palmeiras","","Figueirense","",2,1,2007,2
2007-05-20 00:00:00,"Grêmio","","Fluminense","",2,0,2007,2
2007-05-20 00:00:00,"Náutico","","São Paulo","",1,0,2007,2
2007-05-20 00:00:00,"Vasco","","Sport","",3,1,2007,2
2007-05-26 00:00:00,"América-RN","RN","Figueirense","",0,1,2007,3
2007-05-26 00:00:00,"Corinthians","","Atlético-MG","MG",0,0,2007,3
2007-05-26 00:00:00,"Fluminense","","Internacional","",3,0,2007,3
2007-05-27 00:00:00,"São Paulo","","Palmeiras","",0,0,2007,3
2007-05-27 00:00:00,"Grêmio","","Sport","",1,0,2007,3
2007-05-27 00:00:00,"Náutico","","Vasco","",2,2,2007,3
2007-05-27 00:00:00,"Athletico-PR","PR","Santos","",0,1,2007,3
2007-05-27 00:00:00,"Flamengo","","Botafogo","",2,2,2007,3
2007-05-27 00:00:00,"Cruzeiro","","Paraná","",3,4,2007,3
2007-05-27 00:00:00,"Goiás","","Juventude","",3,1,2007,3
2007-06-02 00:00:00,"Atlético-MG","MG","Athletico-PR","PR",1,1,2007,4
2007-06-02 00:00:00,"Botafogo","","Grêmio","",3,0,2007,4
2007-06-02 00:00:00,"Figueirense","","Goiás","",2,1,2007,4
2007-06-03 00:00:00,"Juventude","","América-RN","RN",3,0,2007,4
2007-06-03 00:00:00,"Santos","","Corinthians","",1,1,2007,4
2007-06-03 00:00:00,"Sport","","Flamengo","",2,2,2007,4
2007-06-03 00:00:00,"Palmeiras","","Cruzeiro","",1,3,2007,4
2007-06-03 00:00:00,"Vasco","","Fluminense","",1,1,2007,4
2007-06-03 00:00:00,"Paraná","","São Paulo","",0,1,2007,4
2007-06-04 00:00:00,"Internacional","","Náutico","",2,0,2007,4
2007-06-09 00:00:00,"Vasco","","Grêmio","",4,0,2007,5
2007-06-09 00:00:00,"Palmeiras","","Botafogo","",1,1,2007,5
2007-06-09 00:00:00,"Náutico","","Paraná","",4,4,2007,5
2007-06-10 00:00:00,"América-RN","RN","Corinthians","",1,2,2007,5
2007-06-10 00:00:00,"Fluminense","","Sport","",3,0,2007,5
2007-06-10 00:00:00,"Figueirense","","Flamengo","",4,0,2007,5
2007-06-10 00:00:00,"Athletico-PR","PR","Goiás","",0,3,2007,5
2007-06-10 00:00:00,"Internacional","","Santos","",1,0,2007,5
2007-06-10 00:00:00,"São Paulo","","Atlético-MG","MG",0,1,2007,5
2007-06-10 00:00:00,"Cruzeiro","","Juventude","",2,3,2007,5
2007-06-16 00:00:00,"Grêmio","","Cruzeiro","",0,2,2007,6
2007-06-16 00:00:00,"Corinthians","","Paraná","",0,0,2007,6
2007-06-16 00:00:00,"Flamengo","","Internacional","",2,2,2007,6
2007-06-17 00:00:00,"Goiás","","Palmeiras","",3,1,2007,6
2007-06-17 00:00:00,"Atlético-MG","MG","Figueirense","",4,1,2007,6
2007-06-17 00:00:00,"São Paulo","","Vasco","",2,0,2007,6
2007-06-17 00:00:00,"Athletico-PR","PR","Fluminense","",1,1,2007,6
2007-06-17 00:00:00,"Juventude","","Santos","",0,2,2007,6
2007-06-17 00:00:00,"Botafogo","","Náutico","",3,1,2007,6
2007-06-17 00:00:00,"Sport","","América-RN","RN",2,2,2007,6
2007-06-23 00:00:00,"Juventude","","Figueirense","",1,1,2007,7
2007-06-23 00:00:00,"Paraná","","Sport","",1,0,2007,7
2007-06-24 00:00:00,"Palmeiras","","Athletico-PR","PR",0,2,2007,7
2007-06-24 00:00:00,"América-RN","RN","Fluminense","",0,1,2007,7
2007-06-24 00:00:00,"Santos","","São Paulo","",0,2,2007,7
2007-06-24 00:00:00,"Cruzeiro","","Atlético-MG","MG",4,2,2007,7
2007-06-24 00:00:00,"Náutico","","Goiás","",0,2,2007,7
2007-06-24 00:00:00,"Internacional","","Grêmio","",0,2,2007,7
2007-08-15 00:00:00,"Botafogo","","Corinthians","",2,3,2007,7
2007-10-18 00:00:00,"Vasco","","Flamengo","",1,2,2007,7
2007-06-28 00:00:00,"Sport","","Náutico","",4,1,2007,8
2007-06-28 00:00:00,"Figueirense","","São Paulo","",0,0,2007,8
2007-06-30 00:00:00,"Santos","","Grêmio","",0,0,2007,8
2007-06-30 00:00:00,"Cruzeiro","","Vasco","",3,1,2007,8
2007-06-30 00:00:00,"América-RN","RN","Goiás","",0,3,2007,8
2007-06-30 00:00:00,"Corinthians","","Palmeiras","",0,1,2007,8
2007-06-30 00:00:00,"Internacional","","Atlético-MG","MG",1,1,2007,8
2007-06-30 00:00:00,"Paraná","","Athletico-PR","PR",2,2,2007,8
2007-06-30 00:00:00,"Fluminense","","Botafogo","",1,2,2007,8
2007-08-23 00:00:00,"Flamengo","","Juventude","",4,0,2007,8
2007-07-03 00:00:00,"Palmeiras","","América-RN","RN",2,0,2007,9
2007-07-03 00:00:00,"São Paulo","","Internacional","",1,0,2007,9
2007-07-03 00:00:00,"Fluminense","","Paraná","",0,0,2007,9
2007-07-03 00:00:00,"Grêmio","","Juventude","",3,1,2007,9
2007-07-03 00:00:00,"Athletico-PR","PR","Náutico","",1,1,2007,9
2007-07-03 00:00:00,"Figueirense","","Cruzeiro","",2,1,2007,9
2007-07-03 00:00:00,"Goiás","","Botafogo","",1,1,2007,9
2007-07-04 00:00:00,"Vasco","","Santos","",4,0,2007,9
2007-07-04 00:00:00,"Atlético-MG","MG","Flamengo","",1,1,2007,9
2007-07-04 00:00:00,"Sport","","Corinthians","",2,1,2007,9
2007-07-06 00:00:00,"Paraná","","América-RN","RN",0,1,2007,10
2007-07-07 00:00:00,"Atlético-MG","MG","Grêmio","",0,1,2007,10
2007-07-07 00:00:00,"Santos","","Cruzeiro","",4,1,2007,10
2007-07-07 00:00:00,"Corinthians","","Fluminense","",1,1,2007,10
2007-07-07 00:00:00,"Náutico","","Palmeiras","",0,1,2007,10
2007-07-07 00:00:00,"Juventude","","Vasco","",2,0,2007,10
2007-07-07 00:00:00,"Internacional","","Figueirense","",2,1,2007,10
2007-07-07 00:00:00,"Goiás","","Sport","",3,2,2007,10
2007-07-07 00:00:00,"São Paulo","","Flamengo","",0,0,2007,10
2007-07-07 00:00:00,"Botafogo","","Athletico-PR","PR",2,0,2007,10
2007-07-12 00:00:00,"Paraná","","Figueirense","",1,2,2007,11
2007-07-12 00:00:00,"Juventude","","Náutico","",1,1,2007,11
2007-07-12 00:00:00,"Vasco","","Athletico-PR","PR",1,0,2007,11
2007-07-14 00:00:00,"Grêmio","","Palmeiras","",1,1,2007,11
2007-07-14 00:00:00,"Santos","","Botafogo","",3,0,2007,11
2007-07-14 00:00:00,"Sport","","Atlético-MG","MG",2,0,2007,11
2007-07-14 00:00:00,"América-RN","RN","Internacional","",1,2,2007,11
2007-07-14 00:00:00,"Cruzeiro","","Goiás","",2,1,2007,11
2007-07-14 00:00:00,"Corinthians","","São Paulo","",1,1,2007,11
2007-08-16 00:00:00,"Fluminense","","Flamengo","",0,1,2007,11
2007-06-14 00:00:00,"Botafogo","","Vasco","",4,0,2007,12
2007-07-18 00:00:00,"Figueirense","","Sport","",0,1,2007,12
2007-07-18 00:00:00,"Athletico-PR","PR","Juventude","",4,0,2007,12
2007-07-18 00:00:00,"Atlético-MG","MG","América-RN","RN",4,1,2007,12
2007-07-18 00:00:00,"Internacional","","Corinthians","",3,0,2007,12
2007-07-18 00:00:00,"São Paulo","","Fluminense","",0,1,2007,12
2007-07-18 00:00:00,"Náutico","","Cruzeiro","",1,4,2007,12
2007-07-19 00:00:00,"Palmeiras","","Santos","",2,2,2007,12
2007-07-19 00:00:00,"Goiás","","Grêmio","",0,0,2007,12
2007-07-19 00:00:00,"Flamengo","","Paraná","",1,2,2007,12
2007-07-21 00:00:00,"Vasco","","Atlético-MG","MG",4,0,2007,13
2007-07-21 00:00:00,"Juventude","","Internacional","",2,0,2007,13
2007-07-21 00:00:00,"América-RN","RN","Athletico-PR","PR",2,1,2007,13
2007-07-22 00:00:00,"Corinthians","","Náutico","",0,3,2007,13
2007-07-22 00:00:00,"Cruzeiro","","São Paulo","",1,2,2007,13
2007-07-22 00:00:00,"Grêmio","","Flamengo","",1,0,2007,13
2007-07-22 00:00:00,"Fluminense","","Goiás","",3,0,2007,13
2007-07-22 00:00:00,"Sport","","Botafogo","",3,3,2007,13
2007-07-22 00:00:00,"Paraná","","Palmeiras","",1,0,2007,13
2007-07-22 00:00:00,"Santos","","Figueirense","",3,1,2007,13
2007-07-25 00:00:00,"Athletico-PR","PR","Cruzeiro","",2,2,2007,14
2007-07-25 00:00:00,"Goiás","","Santos","",1,0,2007,14
2007-07-25 00:00:00,"Flamengo","","América-RN","RN",3,1,2007,14
2007-07-25 00:00:00,"Náutico","","Grêmio","",0,2,2007,14
2007-07-25 00:00:00,"Palmeiras","","Vasco","",3,2,2007,14
2007-07-25 00:00:00,"Figueirense","","Corinthians","",2,2,2007,14
2007-07-25 00:00:00,"Internacional","","Paraná","",1,0,2007,14
2007-07-26 00:00:00,"Botafogo","","Juventude","",3,1,2007,14
2007-07-26 00:00:00,"São Paulo","","Sport","",3,1,2007,14
2007-07-26 00:00:00,"Atlético-MG","MG","Fluminense","",3,0,2007,14
2007-07-28 00:00:00,"Santos","","Náutico","",1,2,2007,15
2007-07-28 00:00:00,"Grêmio","","Athletico-PR","PR",1,1,2007,15
2007-07-28 00:00:00,"Vasco","","Goiás","",4,1,2007,15
2007-07-29 00:00:00,"Paraná","","Atlético-MG","MG",1,3,2007,15
2007-07-29 00:00:00,"Juventude","","Palmeiras","",1,1,2007,15
2007-07-29 00:00:00,"Sport","","Internacional","",1,5,2007,15
2007-07-29 00:00:00,"Corinthians","","Flamengo","",2,2,2007,15
2007-07-29 00:00:00,"Fluminense","","Figueirense","",1,1,2007,15
2007-07-29 00:00:00,"América-RN","RN","São Paulo","",0,1,2007,15
2007-07-29 00:00:00,"Cruzeiro","","Botafogo","",3,2,2007,15
2007-08-01 00:00:00,"Náutico","","Fluminense","",0,0,2007,16
2007-08-01 00:00:00,"Goiás","","Paraná","",2,0,2007,16
2007-08-01 00:00:00,"Palmeiras","","Sport","",1,2,2007,16
2007-08-01 00:00:00,"Botafogo","","América-RN","RN",4,2,2007,16
2007-08-01 00:00:00,"Athletico-PR","PR","Corinthians","",2,2,2007,16
2007-08-01 00:00:00,"Atlético-MG","MG","Santos","",1,2,2007,16
2007-08-01 00:00:00,"Internacional","","Vasco","",0,2,2007,16
2007-08-02 00:00:00,"São Paulo","","Juventude","",3,1,2007,16
2007-08-02 00:00:00,"Figueirense","","Grêmio","",1,0,2007,16
2007-09-12 00:00:00,"Flamengo","","Cruzeiro","",3,1,2007,16
2007-08-04 00:00:00,"Corinthians","","Goiás","",1,0,2007,17
2007-08-04 00:00:00,"América-RN","RN","Náutico","",1,5,2007,17
2007-08-04 00:00:00,"Sport","","Athletico-PR","PR",3,2,2007,17
2007-08-05 00:00:00,"Juventude","","Atlético-MG","MG",1,2,2007,17
2007-08-05 00:00:00,"Santos","","Flamengo","",3,0,2007,17
2007-08-05 00:00:00,"Cruzeiro","","Internacional","",3,2,2007,17
2007-08-05 00:00:00,"Fluminense","","Palmeiras","",0,1,2007,17
2007-08-05 00:00:00,"Vasco","","Figueirense","",2,2,2007,17
2007-08-05 00:00:00,"Paraná","","Botafogo","",0,0,2007,17
2007-08-05 00:00:00,"Grêmio","","São Paulo","",0,2,2007,17
2007-08-08 00:00:00,"Juventude","","Fluminense","",0,0,2007,18
2007-08-08 00:00:00,"Cruzeiro","","Sport","",2,0,2007,18
2007-08-08 00:00:00,"Náutico","","Figueirense","",4,2,2007,18
2007-08-08 00:00:00,"Botafogo","","São Paulo","",0,2,2007,18
2007-08-08 00:00:00,"Athletico-PR","PR","Flamengo","",2,0,2007,18
2007-08-08 00:00:00,"Goiás","","Atlético-MG","MG",3,2,2007,18
2007-08-09 00:00:00,"Santos","","Paraná","",2,0,2007,18
2007-08-09 00:00:00,"Palmeiras","","Internacional","",1,1,2007,18
2007-08-09 00:00:00,"Grêmio","","América-RN","RN",3,0,2007,18
2007-08-09 00:00:00,"Vasco","","Corinthians","",2,0,2007,18
2007-08-11 00:00:00,"Sport","","Juventude","",3,0,2007,19
2007-08-11 00:00:00,"São Paulo","","Athletico-PR","PR",2,0,2007,19
2007-08-11 00:00:00,"Flamengo","","Náutico","",2,1,2007,19
2007-08-12 00:00:00,"Internacional","","Goiás","",1,0,2007,19
2007-08-12 00:00:00,"Figueirense","","Botafogo","",1,1,2007,19
2007-08-12 00:00:00,"Atlético-MG","MG","Palmeiras","",1,2,2007,19
2007-08-12 00:00:00,"Corinthians","","Grêmio","",2,1,2007,19
2007-08-12 00:00:00,"América-RN","RN","Cruzeiro","",1,2,2007,19
2007-08-12 00:00:00,"Paraná","","Vasco","",0,0,2007,19
2007-08-12 00:00:00,"Fluminense","","Santos","",3,0,2007,19
2007-08-18 00:00:00,"Grêmio","","Paraná","",2,0,2007,20
2007-08-18 00:00:00,"Athletico-PR","PR","Figueirense","",1,1,2007,20
2007-08-18 00:00:00,"Santos","","Sport","",2,0,2007,20
2007-08-19 00:00:00,"Juventude","","Corinthians","",2,2,2007,20
2007-08-19 00:00:00,"Vasco","","América-RN","RN",2,0,2007,20
2007-08-19 00:00:00,"Náutico","","Atlético-MG","MG",0,1,2007,20
2007-08-19 00:00:00,"Palmeiras","","Flamengo","",2,1,2007,20
2007-08-19 00:00:00,"Cruzeiro","","Fluminense","",4,2,2007,20
2007-08-19 00:00:00,"Botafogo","","Internacional","",1,1,2007,20
2007-08-19 00:00:00,"Goiás","","São Paulo","",0,0,2007,20
2007-08-25 00:00:00,"Internacional","","Athletico-PR","PR",1,0,2007,21
2007-08-25 00:00:00,"Fluminense","","Grêmio","",1,1,2007,21
2007-08-25 00:00:00,"Corinthians","","Cruzeiro","",0,3,2007,21
2007-08-26 00:00:00,"Paraná","","Juventude","",3,1,2007,21
2007-08-26 00:00:00,"Atlético-MG","MG","Botafogo","",1,2,2007,21
2007-08-26 00:00:00,"São Paulo","","Náutico","",5,0,2007,21
2007-08-26 00:00:00,"Figueirense","","Palmeiras","",1,2,2007,21
2007-08-26 00:00:00,"América-RN","RN","Santos","",1,4,2007,21
2007-08-26 00:00:00,"Sport","","Vasco","",0,0,2007,21
2007-08-26 00:00:00,"Flamengo","","Goiás","",3,1,2007,21
2007-08-29 00:00:00,"Paraná","","Cruzeiro","",2,2,2007,22
2007-08-29 00:00:00,"Juventude","","Goiás","",2,0,2007,22
2007-08-29 00:00:00,"Figueirense","","América-RN","RN",3,1,2007,22
2007-08-29 00:00:00,"Botafogo","","Flamengo","",1,1,2007,22
2007-08-29 00:00:00,"Palmeiras","","São Paulo","",0,1,2007,22
2007-08-29 00:00:00,"Sport","","Grêmio","",2,0,2007,22
2007-08-29 00:00:00,"Atlético-MG","MG","Corinthians","",5,2,2007,22
2007-08-29 00:00:00,"Internacional","","Fluminense","",1,4,2007,22
2007-08-30 00:00:00,"Santos","","Athletico-PR","PR",3,1,2007,22
2007-08-30 00:00:00,"Vasco","","Náutico","",4,1,2007,22
2007-09-01 00:00:00,"São Paulo","","Paraná","",6,0,2007,23
2007-09-01 00:00:00,"Flamengo","","Sport","",1,1,2007,23
2007-09-01 00:00:00,"América-RN","RN","Juventude","",0,3,2007,23
2007-09-02 00:00:00,"Cruzeiro","","Palmeiras","",5,0,2007,23
2007-09-02 00:00:00,"Grêmio","","Botafogo","",3,0,2007,23
2007-09-02 00:00:00,"Athletico-PR","PR","Atlético-MG","MG",1,0,2007,23
2007-09-02 00:00:00,"Corinthians","","Santos","",2,0,2007,23
2007-09-02 00:00:00,"Náutico","","Internacional","",1,1,2007,23
2007-09-02 00:00:00,"Fluminense","","Vasco","",1,1,2007,23
2007-09-02 00:00:00,"Goiás","","Figueirense","",2,1,2007,23
2007-09-05 00:00:00,"Corinthians","","América-RN","RN",1,0,2007,24
2007-09-05 00:00:00,"Goiás","","Athletico-PR","PR",2,3,2007,24
2007-09-05 00:00:00,"Flamengo","","Figueirense","",4,1,2007,24
2007-09-05 00:00:00,"Juventude","","Cruzeiro","",1,0,2007,24
2007-09-05 00:00:00,"Atlético-MG","MG","São Paulo","",0,0,2007,24
2007-09-05 00:00:00,"Santos","","Internacional","",2,1,2007,24
2007-09-05 00:00:00,"Grêmio","","Vasco","",3,1,2007,24
2007-09-06 00:00:00,"Paraná","","Náutico","",2,4,2007,24
2007-09-06 00:00:00,"Botafogo","","Palmeiras","",1,1,2007,24
2007-09-06 00:00:00,"Sport","","Fluminense","",0,2,2007,24
2007-09-08 00:00:00,"Internacional","","Flamengo","",3,0,2007,25
2007-09-08 00:00:00,"Vasco","","São Paulo","",0,2,2007,25
2007-09-08 00:00:00,"Figueirense","","Atlético-MG","MG",2,1,2007,25
2007-09-08 00:00:00,"Santos","","Juventude","",1,0,2007,25
2007-09-08 00:00:00,"Cruzeiro","","Grêmio","",2,0,2007,25
2007-09-09 00:00:00,"Palmeiras","","Goiás","",2,0,2007,25
2007-09-09 00:00:00,"Paraná","","Corinthians","",1,0,2007,25
2007-09-09 00:00:00,"América-RN","RN","Sport","",1,1,2007,25
2007-09-09 00:00:00,"Fluminense","","Athletico-PR","PR",2,0,2007,25
2007-09-09 00:00:00,"Náutico","","Botafogo","",4,1,2007,25
2007-09-15 00:00:00,"São Paulo","","Santos","",2,1,2007,26
2007-09-15 00:00:00,"Goiás","","Náutico","",0,3,2007,26
2007-09-15 00:00:00,"Fluminense","","América-RN","RN",2,0,2007,26
2007-09-16 00:00:00,"Corinthians","","Botafogo","",0,1,2007,26
2007-09-16 00:00:00,"Athletico-PR","PR","Palmeiras","",2,1,2007,26
2007-09-16 00:00:00,"Sport","","Paraná","",3,1,2007,26
2007-09-16 00:00:00,"Atlético-MG","MG","Cruzeiro","",3,4,2007,26
2007-09-16 00:00:00,"Figueirense","","Juventude","",4,1,2007,26
2007-09-16 00:00:00,"Grêmio","","Internacional","",1,0,2007,26
2007-09-16 00:00:00,"Flamengo","","Vasco","",1,1,2007,26
2007-09-22 00:00:00,"São Paulo","","Figueirense","",2,0,2007,27
2007-09-22 00:00:00,"Grêmio","","Santos","",1,0,2007,27
2007-09-22 00:00:00,"Goiás","","América-RN","RN",1,1,2007,27
2007-09-23 00:00:00,"Náutico","","Sport","",2,0,2007,27
2007-09-23 00:00:00,"Atlético-MG","MG","Internacional","",2,2,2007,27
2007-09-23 00:00:00,"Juventude","","Flamengo","",2,2,2007,27
2007-09-23 00:00:00,"Palmeiras","","Corinthians","",1,0,2007,27
2007-09-23 00:00:00,"Athletico-PR","PR","Paraná","",2,1,2007,27
2007-09-23 00:00:00,"Botafogo","","Fluminense","",0,2,2007,27
2007-09-23 00:00:00,"Vasco","","Cruzeiro","",0,2,2007,27
2007-09-29 00:00:00,"Corinthians","","Sport","",1,2,2007,28
2007-09-29 00:00:00,"Flamengo","","Atlético-MG","MG",1,0,2007,28
2007-09-29 00:00:00,"Náutico","","Athletico-PR","PR",5,0,2007,28
2007-09-30 00:00:00,"Internacional","","São Paulo","",1,2,2007,28
2007-09-30 00:00:00,"Botafogo","","Goiás","",0,3,2007,28
2007-09-30 00:00:00,"Santos","","Vasco","",1,0,2007,28
2007-09-30 00:00:00,"Juventude","","Grêmio","",1,2,2007,28
2007-09-30 00:00:00,"Cruzeiro","","Figueirense","",1,2,2007,28
2007-09-30 00:00:00,"América-RN","RN","Palmeiras","",0,0,2007,28
2007-09-30 00:00:00,"Paraná","","Fluminense","",3,1,2007,28
2007-10-03 00:00:00,"Palmeiras","","Náutico","",2,1,2007,29
2007-10-03 00:00:00,"Sport","","Goiás","",4,0,2007,29
2007-10-03 00:00:00,"Vasco","","Juventude","",0,1,2007,29
2007-10-03 00:00:00,"Grêmio","","Atlético-MG","MG",2,2,2007,29
2007-10-03 00:00:00,"Fluminense","","Corinthians","",1,1,2007,29
2007-10-03 00:00:00,"Athletico-PR","PR","Botafogo","",2,0,2007,29
2007-10-03 00:00:00,"Cruzeiro","","Santos","",0,1,2007,29
2007-10-04 00:00:00,"América-RN","RN","Paraná","",3,2,2007,29
2007-10-04 00:00:00,"Flamengo","","São Paulo","",1,0,2007,29
2007-10-04 00:00:00,"Figueirense","","Internacional","",0,0,2007,29
2007-10-06 00:00:00,"Palmeiras","","Grêmio","",2,0,2007,30
2007-10-06 00:00:00,"Botafogo","","Santos","",1,2,2007,30
2007-10-06 00:00:00,"Náutico","","Juventude","",4,1,2007,30
2007-10-07 00:00:00,"Athletico-PR","PR","Vasco","",1,0,2007,30
2007-10-07 00:00:00,"Atlético-MG","MG","Sport","",3,1,2007,30
2007-10-07 00:00:00,"São Paulo","","Corinthians","",0,1,2007,30
2007-10-07 00:00:00,"Internacional","","América-RN","RN",2,0,2007,30
2007-10-07 00:00:00,"Figueirense","","Paraná","",4,0,2007,30
2007-10-07 00:00:00,"Goiás","","Cruzeiro","",0,0,2007,30
2007-10-07 00:00:00,"Flamengo","","Fluminense","",0,2,2007,30
2007-10-12 00:00:00,"Juventude","","Athletico-PR","PR",0,0,2007,31
2007-10-12 00:00:00,"Cruzeiro","","Náutico","",2,2,2007,31
2007-10-12 00:00:00,"Sport","","Figueirense","",0,0,2007,31
2007-10-13 00:00:00,"Fluminense","","São Paulo","",1,1,2007,31
2007-10-13 00:00:00,"Paraná","","Flamengo","",0,1,2007,31
2007-10-13 00:00:00,"Corinthians","","Internacional","",1,1,2007,31
2007-10-13 00:00:00,"Santos","","Palmeiras","",1,1,2007,31
2007-10-13 00:00:00,"América-RN","RN","Atlético-MG","MG",0,1,2007,31
2007-10-13 00:00:00,"Grêmio","","Goiás","",2,1,2007,31
2007-10-14 00:00:00,"Vasco","","Botafogo","",2,1,2007,31
2007-10-20 00:00:00,"Palmeiras","","Paraná","",3,0,2007,32
2007-10-20 00:00:00,"Goiás","","Fluminense","",5,3,2007,32
2007-10-20 00:00:00,"Botafogo","","Sport","",3,1,2007,32
2007-10-21 00:00:00,"Náutico","","Corinthians","",1,0,2007,32
2007-10-21 00:00:00,"Atlético-MG","MG","Vasco","",1,0,2007,32
2007-10-21 00:00:00,"São Paulo","","Cruzeiro","",1,0,2007,32
2007-10-21 00:00:00,"Athletico-PR","PR","América-RN","RN",2,0,2007,32
2007-10-21 00:00:00,"Flamengo","","Grêmio","",2,0,2007,32
2007-10-21 00:00:00,"Internacional","","Juventude","",3,0,2007,32
2007-10-21 00:00:00,"Figueirense","","Santos","",1,0,2007,32
2007-10-27 00:00:00,"Cruzeiro","","Athletico-PR","PR",1,1,2007,33
2007-10-27 00:00:00,"Fluminense","","Atlético-MG","MG",1,1,2007,33
2007-10-27 00:00:00,"Santos","","Goiás","",3,0,2007,33
2007-10-28 00:00:00,"América-RN","RN","Flamengo","",0,1,2007,33
2007-10-28 00:00:00,"Sport","","São Paulo","",1,2,2007,33
2007-10-28 00:00:00,"Grêmio","","Náutico","",4,3,2007,33
2007-10-28 00:00:00,"Corinthians","","Figueirense","",2,1,2007,33
2007-10-28 00:00:00,"Juventude","","Botafogo","",1,1,2007,33
2007-10-28 00:00:00,"Paraná","","Internacional","",1,0,2007,33
2007-10-28 00:00:00,"Vasco","","Palmeiras","",2,2,2007,33
2007-10-31 00:00:00,"Figueirense","","Fluminense","",0,2,2007,34
2007-10-31 00:00:00,"Athletico-PR","PR","Grêmio","",2,0,2007,34
2007-10-31 00:00:00,"Atlético-MG","MG","Paraná","",0,0,2007,34
2007-10-31 00:00:00,"Goiás","","Vasco","",2,3,2007,34
2007-10-31 00:00:00,"Náutico","","Santos","",1,2,2007,34
2007-10-31 00:00:00,"Flamengo","","Corinthians","",2,1,2007,34
2007-10-31 00:00:00,"São Paulo","","América-RN","RN",3,0,2007,34
2007-11-01 00:00:00,"Botafogo","","Cruzeiro","",4,1,2007,34
2007-11-01 00:00:00,"Palmeiras","","Juventude","",0,1,2007,34
2007-11-01 00:00:00,"Internacional","","Sport","",0,0,2007,34
2007-11-03 00:00:00,"Paraná","","Goiás","",1,0,2007,35
2007-11-03 00:00:00,"Fluminense","","Náutico","",2,1,2007,35
2007-11-03 00:00:00,"Grêmio","","Figueirense","",1,2,2007,35
2007-11-04 00:00:00,"Cruzeiro","","Flamengo","",3,1,2007,35
2007-11-04 00:00:00,"Santos","","Atlético-MG","MG",2,2,2007,35
2007-11-04 00:00:00,"Corinthians","","Athletico-PR","PR",2,2,2007,35
2007-11-04 00:00:00,"América-RN","RN","Botafogo","",1,1,2007,35
2007-11-04 00:00:00,"Sport","","Palmeiras","",3,1,2007,35
2007-11-04 00:00:00,"Vasco","","Internacional","",1,2,2007,35
2007-11-07 00:00:00,"Juventude","","São Paulo","",2,0,2007,35
2007-11-10 00:00:00,"Internacional","","Cruzeiro","",1,0,2007,36
2007-11-10 00:00:00,"Botafogo","","Paraná","",3,2,2007,36
2007-11-10 00:00:00,"Náutico","","América-RN","RN",4,0,2007,36
2007-11-11 00:00:00,"Athletico-PR","PR","Sport","",0,0,2007,36
2007-11-11 00:00:00,"Goiás","","Corinthians","",1,1,2007,36
2007-11-11 00:00:00,"Figueirense","","Vasco","",3,3,2007,36
2007-11-11 00:00:00,"Flamengo","","Santos","",1,0,2007,36
2007-11-11 00:00:00,"Atlético-MG","MG","Juventude","",4,1,2007,36
2007-11-11 00:00:00,"São Paulo","","Grêmio","",1,0,2007,36
2007-11-14 00:00:00,"Palmeiras","","Fluminense","",1,0,2007,36
2007-11-24 00:00:00,"América-RN","RN","Grêmio","",0,3,2007,37
2007-11-24 00:00:00,"Fluminense","","Juventude","",3,2,2007,37
2007-11-25 00:00:00,"São Paulo","","Botafogo","",2,2,2007,37
2007-11-25 00:00:00,"Internacional","","Palmeiras","",2,1,2007,37
2007-11-25 00:00:00,"Paraná","","Santos","",2,3,2007,37
2007-11-25 00:00:00,"Sport","","Cruzeiro","",1,0,2007,37
2007-11-25 00:00:00,"Flamengo","","Athletico-PR","PR",2,0,2007,37
2007-11-28 00:00:00,"Corinthians","","Vasco","",0,1,2007,37
2007-11-28 00:00:00,"Figueirense","","Náutico","",2,0,2007,37
2007-11-28 00:00:00,"Atlético-MG","MG","Goiás","",4,1,2007,37
2007-12-02 00:00:00,"Palmeiras","","Atlético-MG","MG",1,3,2007,38
2007-12-02 00:00:00,"Grêmio","","Corinthians","",1,1,2007,38
2007-12-02 00:00:00,"Juventude","","Sport","",2,1,2007,38
2007-12-02 00:00:00,"Santos","","Fluminense","",2,4,2007,38
2007-12-02 00:00:00,"Cruzeiro","","América-RN","RN",2,0,2007,38
2007-12-02 00:00:00,"Náutico","","Flamengo","",1,0,2007,38
2007-12-02 00:00:00,"Botafogo","","Figueirense","",1,1,2007,38
2007-12-02 00:00:00,"Goiás","","Internacional","",2,1,2007,38
2007-12-02 00:00:00,"Athletico-PR","PR","São Paulo","",2,1,2007,38
2007-12-02 00:00:00,"Vasco","","Paraná","",3,0,2007,38
2008-05-10 00:00:00,"São Paulo","","Grêmio","",0,1,2008,1
2008-05-10 00:00:00,"Vitória","","Cruzeiro","",0,2,2008,1
2008-05-10 00:00:00,"Náutico","","Goiás","",2,1,2008,1
2008-05-11 00:00:00,"Ipatinga","","Athletico-PR","PR",0,1,2008,1
2008-05-11 00:00:00,"Coritiba","","Palmeiras","",2,0,2008,1
2008-05-11 00:00:00,"Internacional","","Vasco","",1,0,2008,1
2008-05-11 00:00:00,"Botafogo","","Sport","",2,0,2008,1
2008-05-11 00:00:00,"Atlético-MG","MG","Fluminense","",0,0,2008,1
2008-05-11 00:00:00,"Flamengo","","Santos","",3,1,2008,1
2008-05-11 00:00:00,"Portuguesa","","Figueirense","",5,5,2008,1
2008-05-17 00:00:00,"Sport","","Vitória","",0,0,2008,2
2008-05-17 00:00:00,"Vasco","","Portuguesa","",3,1,2008,2
2008-05-17 00:00:00,"Cruzeiro","","Botafogo","",1,0,2008,2
2008-05-18 00:00:00,"Grêmio","","Flamengo","",0,0,2008,2
2008-05-18 00:00:00,"Athletico-PR","PR","São Paulo","",1,1,2008,2
2008-05-18 00:00:00,"Fluminense","","Náutico","",0,2,2008,2
2008-05-18 00:00:00,"Goiás","","Atlético-MG","MG",1,1,2008,2
2008-05-18 00:00:00,"Figueirense","","Coritiba","",2,1,2008,2
2008-05-18 00:00:00,"Palmeiras","","Internacional","",2,1,2008,2
2008-05-18 00:00:00,"Santos","","Ipatinga","",4,0,2008,2
2008-05-24 00:00:00,"Grêmio","","Náutico","",2,0,2008,3
2008-05-24 00:00:00,"Flamengo","","Internacional","",2,1,2008,3
2008-05-24 00:00:00,"Vitória","","Figueirense","",4,0,2008,3
2008-05-25 00:00:00,"Goiás","","Ipatinga","",1,1,2008,3
2008-05-25 00:00:00,"Sport","","Fluminense","",2,1,2008,3
2008-05-25 00:00:00,"São Paulo","","Coritiba","",1,1,2008,3
2008-05-25 00:00:00,"Cruzeiro","","Santos","",4,0,2008,3
2008-05-25 00:00:00,"Portuguesa","","Palmeiras","",1,1,2008,3
2008-05-25 00:00:00,"Athletico-PR","PR","Atlético-MG","MG",1,1,2008,3
2008-05-25 00:00:00,"Botafogo","","Vasco","",1,1,2008,3
2008-05-31 00:00:00,"Figueirense","","Goiás","",0,0,2008,4
2008-05-31 00:00:00,"Internacional","","Sport","",1,1,2008,4
2008-05-31 00:00:00,"Vasco","","Grêmio","",2,1,2008,4
2008-06-01 00:00:00,"Ipatinga","","Vitória","",2,0,2008,4
2008-06-01 00:00:00,"Coritiba","","Cruzeiro","",1,1,2008,4
2008-06-01 00:00:00,"Santos","","São Paulo","",0,0,2008,4
2008-06-01 00:00:00,"Náutico","","Botafogo","",3,0,2008,4
2008-06-01 00:00:00,"Palmeiras","","Athletico-PR","PR",1,0,2008,4
2008-06-01 00:00:00,"Atlético-MG","MG","Portuguesa","",2,0,2008,4
2008-06-01 00:00:00,"Fluminense","","Flamengo","",0,1,2008,4
2008-06-07 00:00:00,"Ipatinga","","Náutico","",0,0,2008,5
2008-06-07 00:00:00,"Flamengo","","Figueirense","",5,0,2008,5
2008-06-07 00:00:00,"São Paulo","","Atlético-MG","MG",5,1,2008,5
2008-06-08 00:00:00,"Athletico-PR","PR","Goiás","",5,0,2008,5
2008-06-08 00:00:00,"Grêmio","","Fluminense","",2,1,2008,5
2008-06-08 00:00:00,"Sport","","Palmeiras","",2,0,2008,5
2008-06-08 00:00:00,"Portuguesa","","Internacional","",3,1,2008,5
2008-06-08 00:00:00,"Botafogo","","Coritiba","",2,1,2008,5
2008-06-08 00:00:00,"Cruzeiro","","Vasco","",1,0,2008,5
2008-06-08 00:00:00,"Vitória","","Santos","",1,0,2008,5
2008-06-12 00:00:00,"Fluminense","","Santos","",1,1,2008,6
2008-06-12 00:00:00,"Palmeiras","","Cruzeiro","",5,2,2008,6
2008-06-12 00:00:00,"Atlético-MG","MG","Ipatinga","",4,2,2008,6
2008-06-14 00:00:00,"Figueirense","","Sport","",3,1,2008,6
2008-06-14 00:00:00,"Internacional","","Botafogo","",2,1,2008,6
2008-06-14 00:00:00,"Flamengo","","São Paulo","",2,4,2008,6
2008-06-14 00:00:00,"Náutico","","Vasco","",1,1,2008,6
2008-06-14 00:00:00,"Goiás","","Grêmio","",0,3,2008,6
2008-06-14 00:00:00,"Coritiba","","Vitória","",0,0,2008,6
2008-06-14 00:00:00,"Portuguesa","","Athletico-PR","PR",1,0,2008,6
2008-06-21 00:00:00,"Cruzeiro","","Figueirense","",3,0,2008,7
2008-06-21 00:00:00,"São Paulo","","Sport","",1,0,2008,7
2008-06-21 00:00:00,"Botafogo","","Portuguesa","",0,1,2008,7
2008-06-21 00:00:00,"Coritiba","","Fluminense","",2,1,2008,7
2008-06-22 00:00:00,"Ipatinga","","Flamengo","",1,3,2008,7
2008-06-22 00:00:00,"Vitória","","Internacional","",2,1,2008,7
2008-06-22 00:00:00,"Vasco","","Palmeiras","",0,2,2008,7
2008-06-22 00:00:00,"Grêmio","","Athletico-PR","PR",3,0,2008,7
2008-06-22 00:00:00,"Náutico","","Atlético-MG","MG",2,1,2008,7
2008-06-22 00:00:00,"Santos","","Goiás","",0,4,2008,7
2008-06-28 00:00:00,"Vasco","","Ipatinga","",4,2,2008,8
2008-06-28 00:00:00,"Portuguesa","","Santos","",0,0,2008,8
2008-06-28 00:00:00,"Vitória","","Goiás","",3,0,2008,8
2008-06-29 00:00:00,"Athletico-PR","PR","Coritiba","",1,1,2008,8
2008-06-29 00:00:00,"Cruzeiro","","São Paulo","",1,1,2008,8
2008-06-29 00:00:00,"Sport","","Flamengo","",1,2,2008,8
2008-06-29 00:00:00,"Figueirense","","Atlético-MG","MG",1,1,2008,8
2008-06-29 00:00:00,"Palmeiras","","Náutico","",2,0,2008,8
2008-06-29 00:00:00,"Fluminense","","Botafogo","",0,0,2008,8
2008-06-29 00:00:00,"Grêmio","","Internacional","",1,1,2008,8
2008-07-05 00:00:00,"Sport","","Cruzeiro","",1,0,2008,9
2008-07-05 00:00:00,"Flamengo","","Náutico","",3,0,2008,9
2008-07-05 00:00:00,"Athletico-PR","PR","Santos","",1,0,2008,9
2008-07-06 00:00:00,"Internacional","","Coritiba","",3,0,2008,9
2008-07-06 00:00:00,"Portuguesa","","Vitória","",1,2,2008,9
2008-07-06 00:00:00,"Atlético-MG","MG","Palmeiras","",1,1,2008,9
2008-07-06 00:00:00,"Figueirense","","Vasco","",2,1,2008,9
2008-07-06 00:00:00,"São Paulo","","Ipatinga","",1,1,2008,9
2008-07-06 00:00:00,"Goiás","","Fluminense","",1,0,2008,9
2008-07-06 00:00:00,"Botafogo","","Grêmio","",2,0,2008,9
2008-07-09 00:00:00,"Coritiba","","Portuguesa","",4,0,2008,10
2008-07-09 00:00:00,"Internacional","","Goiás","",1,0,2008,10
2008-07-09 00:00:00,"Fluminense","","Athletico-PR","PR",3,0,2008,10
2008-07-09 00:00:00,"Vitória","","Botafogo","",5,2,2008,10
2008-07-09 00:00:00,"Santos","","Grêmio","",1,1,2008,10
2008-07-09 00:00:00,"Náutico","","São Paulo","",2,1,2008,10
2008-07-09 00:00:00,"Atlético-MG","MG","Flamengo","",1,1,2008,10
2008-07-10 00:00:00,"Ipatinga","","Cruzeiro","",2,2,2008,10
2008-07-10 00:00:00,"Palmeiras","","Figueirense","",1,1,2008,10
2008-07-10 00:00:00,"Vasco","","Sport","",4,0,2008,10
2008-07-12 00:00:00,"Fluminense","","Vitória","",2,1,2008,11
2008-07-12 00:00:00,"Goiás","","Coritiba","",2,2,2008,11
2008-07-13 00:00:00,"Ipatinga","","Figueirense","",0,1,2008,11
2008-07-13 00:00:00,"Cruzeiro","","Atlético-MG","MG",2,1,2008,11
2008-07-13 00:00:00,"Santos","","Botafogo","",2,2,2008,11
2008-07-13 00:00:00,"Athletico-PR","PR","Internacional","",1,1,2008,11
2008-07-13 00:00:00,"São Paulo","","Palmeiras","",2,1,2008,11
2008-07-13 00:00:00,"Grêmio","","Portuguesa","",2,1,2008,11
2008-07-13 00:00:00,"Flamengo","","Vasco","",3,1,2008,11
2008-07-13 00:00:00,"Náutico","","Sport","",0,2,2008,11
2008-07-16 00:00:00,"Sport","","Grêmio","",2,2,2008,12
2008-07-16 00:00:00,"Botafogo","","Ipatinga","",4,0,2008,12
2008-07-16 00:00:00,"Figueirense","","Santos","",3,0,2008,12
2008-07-16 00:00:00,"Portuguesa","","Náutico","",3,2,2008,12
2008-07-16 00:00:00,"Cruzeiro","","Athletico-PR","PR",1,0,2008,12
2008-07-16 00:00:00,"Palmeiras","","Fluminense","",3,1,2008,12
2008-07-16 00:00:00,"Vitória","","São Paulo","",1,3,2008,12
2008-07-17 00:00:00,"Vasco","","Goiás","",1,1,2008,12
2008-07-17 00:00:00,"Coritiba","","Flamengo","",1,0,2008,12
2008-07-17 00:00:00,"Internacional","","Atlético-MG","MG",1,0,2008,12
2008-07-19 00:00:00,"Ipatinga","","Portuguesa","",4,1,2008,13
2008-07-19 00:00:00,"Fluminense","","Figueirense","",1,0,2008,13
2008-07-19 00:00:00,"Grêmio","","Cruzeiro","",1,0,2008,13
2008-07-20 00:00:00,"Náutico","","Internacional","",1,1,2008,13
2008-07-20 00:00:00,"Athletico-PR","PR","Vasco","",3,1,2008,13
2008-07-20 00:00:00,"Santos","","Sport","",1,0,2008,13
2008-07-20 00:00:00,"Goiás","","Palmeiras","",3,2,2008,13
2008-07-20 00:00:00,"São Paulo","","Botafogo","",2,1,2008,13
2008-07-20 00:00:00,"Flamengo","","Vitória","",0,1,2008,13
2008-07-20 00:00:00,"Atlético-MG","MG","Coritiba","",3,2,2008,13
2008-07-23 00:00:00,"Cruzeiro","","Goiás","",0,1,2008,14
2008-07-23 00:00:00,"Coritiba","","Ipatinga","",1,0,2008,14
2008-07-23 00:00:00,"Vitória","","Náutico","",2,0,2008,14
2008-07-23 00:00:00,"Vasco","","Fluminense","",3,3,2008,14
2008-07-23 00:00:00,"Portuguesa","","Flamengo","",2,2,2008,14
2008-07-23 00:00:00,"Botafogo","","Atlético-MG","MG",4,0,2008,14
2008-07-23 00:00:00,"Internacional","","São Paulo","",2,0,2008,14
2008-07-24 00:00:00,"Palmeiras","","Santos","",4,2,2008,14
2008-07-24 00:00:00,"Figueirense","","Grêmio","",1,7,2008,14
2008-07-24 00:00:00,"Sport","","Athletico-PR","PR",1,0,2008,14
2008-07-26 00:00:00,"Náutico","","Coritiba","",1,2,2008,15
2008-07-26 00:00:00,"Ipatinga","","Internacional","",1,0,2008,15
2008-07-26 00:00:00,"Fluminense","","Cruzeiro","",1,3,2008,15
2008-07-27 00:00:00,"Grêmio","","Palmeiras","",1,1,2008,15
2008-07-27 00:00:00,"Santos","","Vasco","",5,2,2008,15
2008-07-27 00:00:00,"Goiás","","Sport","",1,2,2008,15
2008-07-27 00:00:00,"Athletico-PR","PR","Figueirense","",0,0,2008,15
2008-07-27 00:00:00,"Flamengo","","Botafogo","",0,0,2008,15
2008-07-27 00:00:00,"Atlético-MG","MG","Vitória","",2,1,2008,15
2008-07-27 00:00:00,"São Paulo","","Portuguesa","",3,1,2008,15
2008-07-30 00:00:00,"Vitória","","Athletico-PR","PR",2,1,2008,16
2008-07-30 00:00:00,"Cruzeiro","","Náutico","",4,2,2008,16
2008-07-30 00:00:00,"Portuguesa","","Fluminense","",3,1,2008,16
2008-07-30 00:00:00,"Botafogo","","Goiás","",2,0,2008,16
2008-07-30 00:00:00,"Palmeiras","","Flamengo","",1,0,2008,16
2008-07-30 00:00:00,"Figueirense","","São Paulo","",1,1,2008,16
2008-07-30 00:00:00,"Internacional","","Santos","",0,1,2008,16
2008-07-31 00:00:00,"Coritiba","","Grêmio","",0,1,2008,16
2008-07-31 00:00:00,"Vasco","","Atlético-MG","MG",6,1,2008,16
2008-07-31 00:00:00,"Sport","","Ipatinga","",3,1,2008,16
2008-08-02 00:00:00,"Náutico","","Figueirense","",1,2,2008,17
2008-08-02 00:00:00,"Goiás","","Portuguesa","",4,0,2008,17
2008-08-02 00:00:00,"Fluminense","","Internacional","",1,2,2008,17
2008-08-03 00:00:00,"Flamengo","","Cruzeiro","",1,2,2008,17
2008-08-03 00:00:00,"Ipatinga","","Palmeiras","",1,2,2008,17
2008-08-03 00:00:00,"São Paulo","","Vasco","",4,0,2008,17
2008-08-03 00:00:00,"Grêmio","","Vitória","",2,0,2008,17
2008-08-03 00:00:00,"Atlético-MG","MG","Sport","",2,1,2008,17
2008-08-03 00:00:00,"Santos","","Coritiba","",1,3,2008,17
2008-08-03 00:00:00,"Athletico-PR","PR","Botafogo","",0,3,2008,17
2008-08-06 00:00:00,"Grêmio","","Ipatinga","",1,0,2008,18
2008-08-06 00:00:00,"Vasco","","Coritiba","",0,2,2008,18
2008-08-06 00:00:00,"Sport","","Portuguesa","",2,0,2008,18
2008-08-06 00:00:00,"Athletico-PR","PR","Náutico","",2,0,2008,18
2008-08-06 00:00:00,"Santos","","Atlético-MG","MG",2,3,2008,18
2008-08-06 00:00:00,"Goiás","","Flamengo","",2,1,2008,18
2008-08-06 00:00:00,"Fluminense","","São Paulo","",3,1,2008,18
2008-08-07 00:00:00,"Cruzeiro","","Internacional","",2,0,2008,18
2008-08-07 00:00:00,"Palmeiras","","Vitória","",3,0,2008,18
2008-08-07 00:00:00,"Figueirense","","Botafogo","",1,2,2008,18
2008-08-09 00:00:00,"Flamengo","","Athletico-PR","PR",1,0,2008,19
2008-08-09 00:00:00,"Atlético-MG","MG","Grêmio","",0,4,2008,19
2008-08-09 00:00:00,"São Paulo","","Goiás","",2,1,2008,19
2008-08-10 00:00:00,"Portuguesa","","Cruzeiro","",2,1,2008,19
2008-08-10 00:00:00,"Vitória","","Vasco","",5,0,2008,19
2008-08-10 00:00:00,"Botafogo","","Palmeiras","",1,0,2008,19
2008-08-10 00:00:00,"Coritiba","","Sport","",3,0,2008,19
2008-08-10 00:00:00,"Ipatinga","","Fluminense","",2,1,2008,19
2008-08-10 00:00:00,"Náutico","","Santos","",1,0,2008,19
2008-08-10 00:00:00,"Internacional","","Figueirense","",1,1,2008,19
2008-08-16 00:00:00,"Figueirense","","Portuguesa","",2,1,2008,20
2008-08-16 00:00:00,"Cruzeiro","","Vitória","",2,1,2008,20
2008-08-16 00:00:00,"Athletico-PR","PR","Ipatinga","",5,0,2008,20
2008-08-17 00:00:00,"Vasco","","Internacional","",4,0,2008,20
2008-08-17 00:00:00,"Grêmio","","São Paulo","",1,0,2008,20
2008-08-17 00:00:00,"Santos","","Flamengo","",2,2,2008,20
2008-08-17 00:00:00,"Goiás","","Náutico","",3,0,2008,20
2008-08-17 00:00:00,"Sport","","Botafogo","",0,1,2008,20
2008-08-17 00:00:00,"Palmeiras","","Coritiba","",1,0,2008,20
2008-08-17 00:00:00,"Fluminense","","Atlético-MG","MG",1,0,2008,20
2008-08-20 00:00:00,"Vitória","","Sport","",0,0,2008,21
2008-08-20 00:00:00,"Coritiba","","Figueirense","",3,0,2008,21
2008-08-20 00:00:00,"São Paulo","","Athletico-PR","PR",3,1,2008,21
2008-08-20 00:00:00,"Botafogo","","Cruzeiro","",1,0,2008,21
2008-08-20 00:00:00,"Ipatinga","","Santos","",1,1,2008,21
2008-08-20 00:00:00,"Náutico","","Fluminense","",1,3,2008,21
2008-08-20 00:00:00,"Internacional","","Palmeiras","",4,1,2008,21
2008-08-21 00:00:00,"Flamengo","","Grêmio","",2,1,2008,21
2008-08-21 00:00:00,"Atlético-MG","MG","Goiás","",1,1,2008,21
2008-08-21 00:00:00,"Portuguesa","","Vasco","",0,1,2008,21
2008-08-23 00:00:00,"Fluminense","","Sport","",1,1,2008,22
2008-08-23 00:00:00,"Figueirense","","Vitória","",1,2,2008,22
2008-08-24 00:00:00,"Ipatinga","","Goiás","",1,0,2008,22
2008-08-24 00:00:00,"Palmeiras","","Portuguesa","",4,2,2008,22
2008-08-24 00:00:00,"Coritiba","","São Paulo","",2,2,2008,22
2008-08-24 00:00:00,"Santos","","Cruzeiro","",2,0,2008,22
2008-08-24 00:00:00,"Internacional","","Flamengo","",1,1,2008,22
2008-08-24 00:00:00,"Vasco","","Botafogo","",1,1,2008,22
2008-08-24 00:00:00,"Atlético-MG","MG","Athletico-PR","PR",4,0,2008,22
2008-08-24 00:00:00,"Náutico","","Grêmio","",1,1,2008,22
2008-08-30 00:00:00,"Botafogo","","Náutico","",1,1,2008,23
2008-08-30 00:00:00,"Vitória","","Ipatinga","",0,0,2008,23
2008-08-30 00:00:00,"Goiás","","Figueirense","",2,0,2008,23
2008-08-31 00:00:00,"São Paulo","","Santos","",0,0,2008,23
2008-08-31 00:00:00,"Sport","","Internacional","",1,0,2008,23
2008-08-31 00:00:00,"Athletico-PR","PR","Palmeiras","",1,2,2008,23
2008-08-31 00:00:00,"Grêmio","","Vasco","",2,1,2008,23
2008-08-31 00:00:00,"Flamengo","","Fluminense","",2,2,2008,23
2008-08-31 00:00:00,"Cruzeiro","","Coritiba","",1,1,2008,23
2008-08-31 00:00:00,"Portuguesa","","Atlético-MG","MG",1,1,2008,23
2008-09-03 00:00:00,"Goiás","","Athletico-PR","PR",4,0,2008,24
2008-09-03 00:00:00,"Santos","","Vitória","",2,0,2008,24
2008-09-03 00:00:00,"Figueirense","","Flamengo","",2,3,2008,24
2008-09-03 00:00:00,"Atlético-MG","MG","São Paulo","",1,1,2008,24
2008-09-04 00:00:00,"Vasco","","Cruzeiro","",1,3,2008,24
2008-09-04 00:00:00,"Palmeiras","","Sport","",0,3,2008,24
2008-09-06 00:00:00,"Náutico","","Ipatinga","",2,0,2008,24
2008-09-06 00:00:00,"Coritiba","","Botafogo","",0,1,2008,24
2008-09-06 00:00:00,"Internacional","","Portuguesa","",1,0,2008,24
2008-09-06 00:00:00,"Fluminense","","Grêmio","",0,0,2008,24
2008-09-13 00:00:00,"Grêmio","","Goiás","",1,2,2008,25
2008-09-13 00:00:00,"Athletico-PR","PR","Portuguesa","",2,0,2008,25
2008-09-13 00:00:00,"Ipatinga","","Atlético-MG","MG",3,2,2008,25
2008-09-14 00:00:00,"Vasco","","Náutico","",1,3,2008,25
2008-09-14 00:00:00,"Cruzeiro","","Palmeiras","",0,1,2008,25
2008-09-14 00:00:00,"São Paulo","","Flamengo","",2,0,2008,25
2008-09-14 00:00:00,"Sport","","Figueirense","",5,0,2008,25
2008-09-14 00:00:00,"Santos","","Fluminense","",2,1,2008,25
2008-09-14 00:00:00,"Vitória","","Coritiba","",1,0,2008,25
2008-09-14 00:00:00,"Botafogo","","Internacional","",1,2,2008,25
2008-09-20 00:00:00,"Fluminense","","Coritiba","",2,3,2008,26
2008-09-20 00:00:00,"Atlético-MG","MG","Náutico","",2,1,2008,26
2008-09-20 00:00:00,"Goiás","","Santos","",4,1,2008,26
2008-09-21 00:00:00,"Figueirense","","Cruzeiro","",3,4,2008,26
2008-09-21 00:00:00,"Sport","","São Paulo","",0,0,2008,26
2008-09-21 00:00:00,"Athletico-PR","PR","Grêmio","",0,0,2008,26
2008-09-21 00:00:00,"Portuguesa","","Botafogo","",3,1,2008,26
2008-09-21 00:00:00,"Flamengo","","Ipatinga","",1,0,2008,26
2008-09-21 00:00:00,"Palmeiras","","Vasco","",2,0,2008,26
2008-09-21 00:00:00,"Internacional","","Vitória","",1,0,2008,26
2008-09-27 00:00:00,"Flamengo","","Sport","",2,1,2008,27
2008-09-27 00:00:00,"Goiás","","Vitória","",3,0,2008,27
2008-09-27 00:00:00,"Atlético-MG","MG","Figueirense","",0,0,2008,27
2008-09-28 00:00:00,"Ipatinga","","Vasco","",3,1,2008,27
2008-09-28 00:00:00,"São Paulo","","Cruzeiro","",2,0,2008,27
2008-09-28 00:00:00,"Náutico","","Palmeiras","",0,0,2008,27
2008-09-28 00:00:00,"Coritiba","","Athletico-PR","PR",1,1,2008,27
2008-09-28 00:00:00,"Santos","","Portuguesa","",1,1,2008,27
2008-09-28 00:00:00,"Internacional","","Grêmio","",4,1,2008,27
2008-09-28 00:00:00,"Botafogo","","Fluminense","",1,1,2008,27
2008-10-01 00:00:00,"Fluminense","","Goiás","",1,1,2008,28
2008-10-02 00:00:00,"Vitória","","Portuguesa","",3,1,2008,28
2008-10-02 00:00:00,"Cruzeiro","","Sport","",1,0,2008,28
2008-10-04 00:00:00,"Grêmio","","Botafogo","",2,1,2008,28
2008-10-04 00:00:00,"Ipatinga","","São Paulo","",1,3,2008,28
2008-10-04 00:00:00,"Palmeiras","","Atlético-MG","MG",3,1,2008,28
2008-10-04 00:00:00,"Vasco","","Figueirense","",2,4,2008,28
2008-10-04 00:00:00,"Náutico","","Flamengo","",0,2,2008,28
2008-10-04 00:00:00,"Coritiba","","Internacional","",4,2,2008,28
2008-10-04 00:00:00,"Santos","","Athletico-PR","PR",4,0,2008,28
2008-10-08 00:00:00,"Grêmio","","Santos","",2,0,2008,29
2008-10-08 00:00:00,"Sport","","Vasco","",2,2,2008,29
2008-10-08 00:00:00,"Figueirense","","Palmeiras","",0,0,2008,29
2008-10-09 00:00:00,"Botafogo","","Vitória","",3,1,2008,29
2008-10-09 00:00:00,"Cruzeiro","","Ipatinga","",1,0,2008,29
2008-10-09 00:00:00,"São Paulo","","Náutico","",1,0,2008,29
2008-10-11 00:00:00,"Flamengo","","Atlético-MG","MG",0,3,2008,29
2008-10-11 00:00:00,"Athletico-PR","PR","Fluminense","",1,3,2008,29
2008-10-11 00:00:00,"Portuguesa","","Coritiba","",0,0,2008,29
2008-10-11 00:00:00,"Goiás","","Internacional","",1,1,2008,29
2008-10-18 00:00:00,"Botafogo","","Santos","",0,1,2008,30
2008-10-18 00:00:00,"Internacional","","Athletico-PR","PR",2,1,2008,30
2008-10-18 00:00:00,"Figueirense","","Ipatinga","",1,1,2008,30
2008-10-19 00:00:00,"Atlético-MG","MG","Cruzeiro","",0,2,2008,30
2008-10-19 00:00:00,"Palmeiras","","São Paulo","",2,2,2008,30
2008-10-19 00:00:00,"Vitória","","Fluminense","",2,2,2008,30
2008-10-19 00:00:00,"Coritiba","","Goiás","",1,1,2008,30
2008-10-19 00:00:00,"Vasco","","Flamengo","",0,1,2008,30
2008-10-19 00:00:00,"Sport","","Náutico","",2,2,2008,30
2008-10-19 00:00:00,"Portuguesa","","Grêmio","",2,0,2008,30
2008-10-22 00:00:00,"Goiás","","Vasco","",2,4,2008,31
2008-10-23 00:00:00,"São Paulo","","Vitória","",2,1,2008,31
2008-10-23 00:00:00,"Flamengo","","Coritiba","",5,0,2008,31
2008-10-23 00:00:00,"Grêmio","","Sport","",1,0,2008,31
2008-10-25 00:00:00,"Fluminense","","Palmeiras","",3,0,2008,31
2008-10-25 00:00:00,"Ipatinga","","Botafogo","",0,3,2008,31
2008-10-25 00:00:00,"Atlético-MG","MG","Internacional","",2,2,2008,31
2008-10-25 00:00:00,"Náutico","","Portuguesa","",1,1,2008,31
2008-10-25 00:00:00,"Athletico-PR","PR","Cruzeiro","",1,0,2008,31
2008-10-25 00:00:00,"Santos","","Figueirense","",3,0,2008,31
2008-10-29 00:00:00,"Portuguesa","","Ipatinga","",2,0,2008,32
2008-10-29 00:00:00,"Coritiba","","Atlético-MG","MG",2,1,2008,32
2008-10-29 00:00:00,"Palmeiras","","Goiás","",1,0,2008,32
2008-10-29 00:00:00,"Internacional","","Náutico","",1,1,2008,32
2008-10-29 00:00:00,"Vitória","","Flamengo","",0,0,2008,32
2008-10-29 00:00:00,"Botafogo","","São Paulo","",1,2,2008,32
2008-10-29 00:00:00,"Cruzeiro","","Grêmio","",3,0,2008,32
2008-10-30 00:00:00,"Vasco","","Athletico-PR","PR",2,2,2008,32
2008-10-30 00:00:00,"Sport","","Santos","",1,1,2008,32
2008-11-05 00:00:00,"Figueirense","","Fluminense","",0,1,2008,32
2008-11-01 00:00:00,"Náutico","","Vitória","",1,0,2008,33
2008-11-01 00:00:00,"Flamengo","","Portuguesa","",2,2,2008,33
2008-11-01 00:00:00,"Ipatinga","","Coritiba","",2,0,2008,33
2008-11-02 00:00:00,"Santos","","Palmeiras","",1,2,2008,33
2008-11-02 00:00:00,"Goiás","","Cruzeiro","",3,0,2008,33
2008-11-02 00:00:00,"Athletico-PR","PR","Sport","",1,0,2008,33
2008-11-02 00:00:00,"Atlético-MG","MG","Botafogo","",2,1,2008,33
2008-11-02 00:00:00,"São Paulo","","Internacional","",3,0,2008,33
2008-11-02 00:00:00,"Grêmio","","Figueirense","",1,1,2008,33
2008-11-02 00:00:00,"Fluminense","","Vasco","",0,1,2008,33
2008-11-08 00:00:00,"Vasco","","Santos","",1,0,2008,34
2008-11-08 00:00:00,"Figueirense","","Athletico-PR","PR",0,2,2008,34
2008-11-08 00:00:00,"Portuguesa","","São Paulo","",2,3,2008,34
2008-11-09 00:00:00,"Cruzeiro","","Fluminense","",1,0,2008,34
2008-11-09 00:00:00,"Palmeiras","","Grêmio","",0,1,2008,34
2008-11-09 00:00:00,"Sport","","Goiás","",2,1,2008,34
2008-11-09 00:00:00,"Coritiba","","Náutico","",0,0,2008,34
2008-11-09 00:00:00,"Vitória","","Atlético-MG","MG",0,1,2008,34
2008-11-09 00:00:00,"Internacional","","Ipatinga","",4,0,2008,34
2008-11-09 00:00:00,"Botafogo","","Flamengo","",0,1,2008,34
2008-11-12 00:00:00,"Atlético-MG","MG","Vasco","",4,1,2008,35
2008-11-15 00:00:00,"Ipatinga","","Sport","",3,0,2008,35
2008-11-15 00:00:00,"Náutico","","Cruzeiro","",5,2,2008,35
2008-11-15 00:00:00,"Fluminense","","Portuguesa","",3,1,2008,35
2008-11-16 00:00:00,"Flamengo","","Palmeiras","",5,2,2008,35
2008-11-16 00:00:00,"São Paulo","","Figueirense","",3,1,2008,35
2008-11-16 00:00:00,"Goiás","","Botafogo","",3,1,2008,35
2008-11-16 00:00:00,"Athletico-PR","PR","Vitória","",2,1,2008,35
2008-11-16 00:00:00,"Santos","","Internacional","",1,0,2008,35
2008-11-16 00:00:00,"Grêmio","","Coritiba","",2,1,2008,35
2008-11-20 00:00:00,"Figueirense","","Náutico","",4,3,2008,36
2008-11-22 00:00:00,"Botafogo","","Athletico-PR","PR",2,2,2008,36
2008-11-22 00:00:00,"Portuguesa","","Goiás","",0,0,2008,36
2008-11-22 00:00:00,"Coritiba","","Santos","",5,1,2008,36
2008-11-23 00:00:00,"Vitória","","Grêmio","",4,2,2008,36
2008-11-23 00:00:00,"Vasco","","São Paulo","",1,2,2008,36
2008-11-23 00:00:00,"Cruzeiro","","Flamengo","",3,2,2008,36
2008-11-23 00:00:00,"Palmeiras","","Ipatinga","",2,0,2008,36
2008-11-23 00:00:00,"Sport","","Atlético-MG","MG",3,0,2008,36
2008-11-23 00:00:00,"Internacional","","Fluminense","",0,2,2008,36
2008-11-30 00:00:00,"Flamengo","","Goiás","",3,3,2008,37
2008-11-30 00:00:00,"Ipatinga","","Grêmio","",1,4,2008,37
2008-11-30 00:00:00,"Atlético-MG","MG","Santos","",0,0,2008,37
2008-11-30 00:00:00,"São Paulo","","Fluminense","",1,1,2008,37
2008-11-30 00:00:00,"Náutico","","Athletico-PR","PR",2,1,2008,37
2008-11-30 00:00:00,"Coritiba","","Vasco","",0,2,2008,37
2008-11-30 00:00:00,"Portuguesa","","Sport","",2,2,2008,37
2008-11-30 00:00:00,"Vitória","","Palmeiras","",0,0,2008,37
2008-11-30 00:00:00,"Internacional","","Cruzeiro","",1,0,2008,37
2008-11-30 00:00:00,"Botafogo","","Figueirense","",1,3,2008,37
2008-12-07 00:00:00,"Cruzeiro","","Portuguesa","",4,1,2008,38
2008-12-07 00:00:00,"Figueirense","","Internacional","",3,1,2008,38
2008-12-07 00:00:00,"Vasco","","Vitória","",0,2,2008,38
2008-12-07 00:00:00,"Sport","","Coritiba","",4,3,2008,38
2008-12-07 00:00:00,"Athletico-PR","PR","Flamengo","",5,3,2008,38
2008-12-07 00:00:00,"Santos","","Náutico","",0,0,2008,38
2008-12-07 00:00:00,"Goiás","","São Paulo","",0,1,2008,38
2008-12-07 00:00:00,"Grêmio","","Atlético-MG","MG",2,0,2008,38
2008-12-07 00:00:00,"Fluminense","","Ipatinga","",1,1,2008,38
2008-12-07 00:00:00,"Palmeiras","","Botafogo","",0,1,2008,38
2009-05-09 00:00:00,"Palmeiras","","Coritiba","",2,1,2009,1
2009-05-09 00:00:00,"Sport","","Barueri","",1,1,2009,1
2009-05-09 00:00:00,"Avaí","","Atlético-MG","MG",2,2,2009,1
2009-05-10 00:00:00,"Athletico-PR","PR","Vitória","",0,2,2009,1
2009-05-10 00:00:00,"Fluminense","","São Paulo","",1,0,2009,1
2009-05-10 00:00:00,"Cruzeiro","","Flamengo","",2,0,2009,1
2009-05-10 00:00:00,"Corinthians","","Internacional","",0,1,2009,1
2009-05-10 00:00:00,"Grêmio","","Santos","",1,1,2009,1
2009-05-10 00:00:00,"Goiás","","Náutico","",3,3,2009,1
2009-05-10 00:00:00,"Santo André","","Botafogo","",1,1,2009,1
2009-05-16 00:00:00,"Coritiba","","Santo André","",2,4,2009,2
2009-05-16 00:00:00,"Atlético-MG","MG","Grêmio","",2,1,2009,2
2009-05-16 00:00:00,"Flamengo","","Avaí","",0,0,2009,2
2009-05-17 00:00:00,"Santos","","Goiás","",3,3,2009,2
2009-05-17 00:00:00,"Barueri","","Fluminense","",0,0,2009,2
2009-05-17 00:00:00,"Internacional","","Palmeiras","",2,0,2009,2
2009-05-17 00:00:00,"São Paulo","","Athletico-PR","PR",2,2,2009,2
2009-05-17 00:00:00,"Náutico","","Cruzeiro","",2,0,2009,2
2009-05-17 00:00:00,"Botafogo","","Corinthians","",0,0,2009,2
2009-05-17 00:00:00,"Vitória","","Sport","",1,0,2009,2
2009-05-23 00:00:00,"Corinthians","","Barueri","",2,1,2009,3
2009-05-23 00:00:00,"Cruzeiro","","Vitória","",2,0,2009,3
2009-05-23 00:00:00,"Goiás","","Internacional","",0,1,2009,3
2009-05-24 00:00:00,"Grêmio","","Botafogo","",2,0,2009,3
2009-05-24 00:00:00,"Palmeiras","","São Paulo","",0,0,2009,3
2009-05-24 00:00:00,"Athletico-PR","PR","Náutico","",2,3,2009,3
2009-05-24 00:00:00,"Fluminense","","Santos","",1,4,2009,3
2009-05-24 00:00:00,"Santo André","","Flamengo","",1,2,2009,3
2009-05-24 00:00:00,"Avaí","","Coritiba","",2,2,2009,3
2009-05-24 00:00:00,"Sport","","Atlético-MG","MG",2,3,2009,3
2009-05-30 00:00:00,"Coritiba","","Goiás","",1,3,2009,4
2009-05-30 00:00:00,"Atlético-MG","MG","Santo André","",0,0,2009,4
2009-05-30 00:00:00,"Botafogo","","Sport","",2,2,2009,4
2009-05-31 00:00:00,"Náutico","","Fluminense","",1,1,2009,4
2009-05-31 00:00:00,"São Paulo","","Cruzeiro","",3,0,2009,4
2009-05-31 00:00:00,"Santos","","Corinthians","",3,1,2009,4
2009-05-31 00:00:00,"Flamengo","","Athletico-PR","PR",2,1,2009,4
2009-05-31 00:00:00,"Vitória","","Grêmio","",1,0,2009,4
2009-05-31 00:00:00,"Internacional","","Avaí","",2,1,2009,4
2009-05-31 00:00:00,"Barueri","","Palmeiras","",2,2,2009,4
2009-06-04 00:00:00,"Santo André","","Santos","",3,3,2009,5
2009-06-04 00:00:00,"Grêmio","","Náutico","",3,0,2009,5
2009-06-06 00:00:00,"Corinthians","","Coritiba","",2,0,2009,5
2009-06-07 00:00:00,"Palmeiras","","Vitória","",2,1,2009,5
2009-06-07 00:00:00,"Avaí","","São Paulo","",0,0,2009,5
2009-06-07 00:00:00,"Sport","","Flamengo","",4,2,2009,5
2009-06-07 00:00:00,"Athletico-PR","PR","Atlético-MG","MG",0,4,2009,5
2009-06-07 00:00:00,"Cruzeiro","","Internacional","",1,1,2009,5
2009-06-07 00:00:00,"Fluminense","","Botafogo","",1,0,2009,5
2009-06-07 00:00:00,"Goiás","","Barueri","",2,2,2009,5
2009-06-13 00:00:00,"Sport","","Athletico-PR","PR",0,1,2009,6
2009-06-13 00:00:00,"Botafogo","","Santos","",2,0,2009,6
2009-06-13 00:00:00,"São Paulo","","Santo André","",1,1,2009,6
2009-06-14 00:00:00,"Fluminense","","Grêmio","",0,0,2009,6
2009-06-14 00:00:00,"Goiás","","Corinthians","",0,0,2009,6
2009-06-14 00:00:00,"Atlético-MG","MG","Náutico","",3,0,2009,6
2009-06-14 00:00:00,"Coritiba","","Flamengo","",5,0,2009,6
2009-06-14 00:00:00,"Palmeiras","","Cruzeiro","",3,1,2009,6
2009-06-14 00:00:00,"Internacional","","Vitória","",0,0,2009,6
2009-06-14 00:00:00,"Barueri","","Avaí","",3,1,2009,6
2009-06-20 00:00:00,"Athletico-PR","PR","Palmeiras","",2,2,2009,7
2009-06-20 00:00:00,"Santo André","","Sport","",2,1,2009,7
2009-06-20 00:00:00,"Vitória","","Botafogo","",4,3,2009,7
2009-06-20 00:00:00,"Grêmio","","Goiás","",2,2,2009,7
2009-06-20 00:00:00,"Náutico","","Coritiba","",0,1,2009,7
2009-06-20 00:00:00,"Avaí","","Fluminense","",3,2,2009,7
2009-06-21 00:00:00,"Corinthians","","São Paulo","",3,1,2009,7
2009-06-21 00:00:00,"Flamengo","","Internacional","",4,0,2009,7
2009-06-21 00:00:00,"Santos","","Atlético-MG","MG",2,3,2009,7
2009-06-21 00:00:00,"Cruzeiro","","Barueri","",2,4,2009,7
2009-06-27 00:00:00,"Athletico-PR","PR","Corinthians","",1,0,2009,8
2009-06-27 00:00:00,"São Paulo","","Náutico","",2,0,2009,8
2009-06-27 00:00:00,"Barueri","","Atlético-MG","MG",4,2,2009,8
2009-06-27 00:00:00,"Cruzeiro","","Avaí","",1,0,2009,8
2009-06-27 00:00:00,"Botafogo","","Goiás","",1,4,2009,8
2009-06-28 00:00:00,"Internacional","","Coritiba","",3,0,2009,8
2009-06-28 00:00:00,"Palmeiras","","Santos","",1,1,2009,8
2009-06-28 00:00:00,"Vitória","","Santo André","",4,1,2009,8
2009-06-28 00:00:00,"Sport","","Grêmio","",3,1,2009,8
2009-06-28 00:00:00,"Fluminense","","Flamengo","",0,0,2009,8
2009-07-04 00:00:00,"Santo André","","Barueri","",1,1,2009,9
2009-07-04 00:00:00,"Flamengo","","Vitória","",2,1,2009,9
2009-07-04 00:00:00,"Santos","","Sport","",1,0,2009,9
2009-07-05 00:00:00,"Coritiba","","São Paulo","",2,0,2009,9
2009-07-05 00:00:00,"Goiás","","Cruzeiro","",1,0,2009,9
2009-07-05 00:00:00,"Grêmio","","Athletico-PR","PR",4,1,2009,9
2009-07-05 00:00:00,"Atlético-MG","MG","Botafogo","",1,1,2009,9
2009-07-05 00:00:00,"Náutico","","Internacional","",0,2,2009,9
2009-07-05 00:00:00,"Avaí","","Palmeiras","",0,3,2009,9
2009-07-08 00:00:00,"Corinthians","","Fluminense","",4,2,2009,9
2009-07-11 00:00:00,"Palmeiras","","Náutico","",4,1,2009,10
2009-07-11 00:00:00,"Avaí","","Botafogo","",1,2,2009,10
2009-07-11 00:00:00,"Barueri","","Coritiba","",3,1,2009,10
2009-07-12 00:00:00,"Cruzeiro","","Atlético-MG","MG",0,3,2009,10
2009-07-12 00:00:00,"Grêmio","","Corinthians","",3,0,2009,10
2009-07-12 00:00:00,"Athletico-PR","PR","Internacional","",3,2,2009,10
2009-07-12 00:00:00,"São Paulo","","Flamengo","",2,2,2009,10
2009-07-12 00:00:00,"Vitória","","Santos","",6,2,2009,10
2009-07-12 00:00:00,"Sport","","Goiás","",1,0,2009,10
2009-07-12 00:00:00,"Fluminense","","Santo André","",0,1,2009,10
2009-07-15 00:00:00,"Coritiba","","Grêmio","",2,1,2009,11
2009-07-15 00:00:00,"Goiás","","Avaí","",0,2,2009,11
2009-07-15 00:00:00,"Santo André","","Athletico-PR","PR",1,0,2009,11
2009-07-15 00:00:00,"Santos","","Barueri","",3,3,2009,11
2009-07-15 00:00:00,"Flamengo","","Palmeiras","",1,2,2009,11
2009-07-15 00:00:00,"Internacional","","Fluminense","",4,2,2009,11
2009-07-16 00:00:00,"Atlético-MG","MG","São Paulo","",2,0,2009,11
2009-07-16 00:00:00,"Corinthians","","Sport","",4,3,2009,11
2009-07-16 00:00:00,"Náutico","","Vitória","",1,1,2009,11
2009-08-27 00:00:00,"Botafogo","","Cruzeiro","",1,1,2009,11
2009-07-18 00:00:00,"Fluminense","","Goiás","",1,4,2009,12
2009-07-18 00:00:00,"Palmeiras","","Santo André","",1,0,2009,12
2009-07-19 00:00:00,"Cruzeiro","","Corinthians","",1,2,2009,12
2009-07-19 00:00:00,"Vitória","","Atlético-MG","MG",0,0,2009,12
2009-07-19 00:00:00,"Athletico-PR","PR","Coritiba","",0,0,2009,12
2009-07-19 00:00:00,"Grêmio","","Internacional","",2,1,2009,12
2009-07-19 00:00:00,"São Paulo","","Santos","",2,1,2009,12
2009-07-19 00:00:00,"Sport","","Avaí","",1,3,2009,12
2009-07-19 00:00:00,"Barueri","","Náutico","",4,0,2009,12
2009-07-19 00:00:00,"Botafogo","","Flamengo","",2,2,2009,12
2009-07-22 00:00:00,"Avaí","","Grêmio","",1,0,2009,13
2009-07-22 00:00:00,"Santo André","","Cruzeiro","",0,2,2009,13
2009-07-22 00:00:00,"Flamengo","","Barueri","",1,1,2009,13
2009-07-22 00:00:00,"Santos","","Athletico-PR","PR",1,0,2009,13
2009-07-22 00:00:00,"Goiás","","Palmeiras","",2,1,2009,13
2009-07-22 00:00:00,"Náutico","","Botafogo","",2,2,2009,13
2009-07-22 00:00:00,"Internacional","","São Paulo","",2,2,2009,13
2009-07-23 00:00:00,"Coritiba","","Sport","",1,1,2009,13
2009-07-23 00:00:00,"Corinthians","","Vitória","",2,1,2009,13
2009-07-23 00:00:00,"Atlético-MG","MG","Fluminense","",2,1,2009,13
2009-07-25 00:00:00,"Athletico-PR","PR","Avaí","",1,3,2009,14
2009-07-25 00:00:00,"Grêmio","","Santo André","",3,2,2009,14
2009-07-25 00:00:00,"Botafogo","","Internacional","",3,2,2009,14
2009-07-26 00:00:00,"Atlético-MG","MG","Goiás","",0,1,2009,14
2009-07-26 00:00:00,"Santos","","Flamengo","",1,2,2009,14
2009-07-26 00:00:00,"Corinthians","","Palmeiras","",0,3,2009,14
2009-07-26 00:00:00,"Sport","","Náutico","",3,3,2009,14
2009-07-26 00:00:00,"Barueri","","São Paulo","",1,2,2009,14
2009-07-26 00:00:00,"Fluminense","","Cruzeiro","",1,1,2009,14
2009-07-26 00:00:00,"Vitória","","Coritiba","",1,0,2009,14
2009-07-29 00:00:00,"Coritiba","","Botafogo","",2,2,2009,15
2009-07-29 00:00:00,"Náutico","","Santos","",1,2,2009,15
2009-07-29 00:00:00,"Goiás","","Athletico-PR","PR",3,0,2009,15
2009-07-29 00:00:00,"Internacional","","Barueri","",3,2,2009,15
2009-07-29 00:00:00,"Cruzeiro","","Sport","",1,0,2009,15
2009-07-29 00:00:00,"Santo André","","Corinthians","",1,1,2009,15
2009-07-29 00:00:00,"Palmeiras","","Fluminense","",1,0,2009,15
2009-07-30 00:00:00,"Flamengo","","Atlético-MG","MG",3,1,2009,15
2009-07-30 00:00:00,"São Paulo","","Grêmio","",2,1,2009,15
2009-07-30 00:00:00,"Avaí","","Vitória","",4,0,2009,15
2009-08-01 00:00:00,"Botafogo","","Barueri","",2,1,2009,16
2009-08-01 00:00:00,"Sport","","Palmeiras","",0,1,2009,16
2009-08-02 00:00:00,"Corinthians","","Avaí","",0,0,2009,16
2009-08-02 00:00:00,"Athletico-PR","PR","Fluminense","",1,0,2009,16
2009-08-02 00:00:00,"Vitória","","São Paulo","",0,1,2009,16
2009-08-02 00:00:00,"Flamengo","","Náutico","",1,1,2009,16
2009-08-02 00:00:00,"Grêmio","","Cruzeiro","",4,1,2009,16
2009-08-02 00:00:00,"Atlético-MG","MG","Coritiba","",3,2,2009,16
2009-08-02 00:00:00,"Santo André","","Goiás","",1,2,2009,16
2009-08-26 00:00:00,"Santos","","Internacional","",3,3,2009,16
2009-08-05 00:00:00,"Cruzeiro","","Athletico-PR","PR",0,2,2009,17
2009-08-05 00:00:00,"São Paulo","","Botafogo","",3,1,2009,17
2009-08-05 00:00:00,"Avaí","","Santo André","",1,0,2009,17
2009-08-05 00:00:00,"Náutico","","Corinthians","",1,0,2009,17
2009-08-05 00:00:00,"Goiás","","Flamengo","",3,2,2009,17
2009-08-05 00:00:00,"Coritiba","","Santos","",0,1,2009,17
2009-08-06 00:00:00,"Barueri","","Vitória","",4,0,2009,17
2009-08-06 00:00:00,"Palmeiras","","Grêmio","",1,1,2009,17
2009-08-06 00:00:00,"Fluminense","","Sport","",5,1,2009,17
2009-09-02 00:00:00,"Internacional","","Atlético-MG","MG",3,0,2009,17
2009-08-08 00:00:00,"Náutico","","Santo André","",2,1,2009,18
2009-08-08 00:00:00,"Botafogo","","Athletico-PR","PR",0,1,2009,18
2009-08-08 00:00:00,"Santos","","Avaí","",2,2,2009,18
2009-08-09 00:00:00,"Vitória","","Fluminense","",2,2,2009,18
2009-08-09 00:00:00,"Flamengo","","Corinthians","",1,0,2009,18
2009-08-09 00:00:00,"Coritiba","","Cruzeiro","",1,3,2009,18
2009-08-09 00:00:00,"Barueri","","Grêmio","",1,0,2009,18
2009-08-09 00:00:00,"São Paulo","","Goiás","",3,1,2009,18
2009-08-10 00:00:00,"Internacional","","Sport","",3,0,2009,18
2009-08-12 00:00:00,"Atlético-MG","MG","Palmeiras","",1,1,2009,18
2009-08-15 00:00:00,"Palmeiras","","Botafogo","",1,1,2009,19
2009-08-15 00:00:00,"Avaí","","Náutico","",2,1,2009,19
2009-08-15 00:00:00,"Santo André","","Internacional","",0,2,2009,19
2009-08-16 00:00:00,"Corinthians","","Atlético-MG","MG",2,0,2009,19
2009-08-16 00:00:00,"Sport","","São Paulo","",1,2,2009,19
2009-08-16 00:00:00,"Grêmio","","Flamengo","",4,1,2009,19
2009-08-16 00:00:00,"Fluminense","","Coritiba","",1,3,2009,19
2009-08-16 00:00:00,"Goiás","","Vitória","",3,2,2009,19
2009-08-16 00:00:00,"Cruzeiro","","Santos","",0,0,2009,19
2009-08-16 00:00:00,"Athletico-PR","PR","Barueri","",3,0,2009,19
2009-08-19 00:00:00,"Santos","","Grêmio","",1,0,2009,20
2009-08-19 00:00:00,"Vitória","","Athletico-PR","PR",2,1,2009,20
2009-08-19 00:00:00,"Botafogo","","Santo André","",1,2,2009,20
2009-08-19 00:00:00,"Barueri","","Sport","",2,1,2009,20
2009-08-19 00:00:00,"Internacional","","Corinthians","",1,2,2009,20
2009-08-19 00:00:00,"Coritiba","","Palmeiras","",1,0,2009,20
2009-08-19 00:00:00,"São Paulo","","Fluminense","",1,0,2009,20
2009-08-20 00:00:00,"Náutico","","Goiás","",2,0,2009,20
2009-08-20 00:00:00,"Atlético-MG","MG","Avaí","",2,2,2009,20
2009-08-20 00:00:00,"Flamengo","","Cruzeiro","",1,2,2009,20
2009-08-22 00:00:00,"Santo André","","Coritiba","",1,0,2009,21
2009-08-22 00:00:00,"Palmeiras","","Internacional","",2,1,2009,21
2009-08-22 00:00:00,"Sport","","Vitória","",2,0,2009,21
2009-08-23 00:00:00,"Corinthians","","Botafogo","",3,3,2009,21
2009-08-23 00:00:00,"Athletico-PR","PR","São Paulo","",1,0,2009,21
2009-08-23 00:00:00,"Grêmio","","Atlético-MG","MG",4,1,2009,21
2009-08-23 00:00:00,"Fluminense","","Barueri","",0,0,2009,21
2009-08-23 00:00:00,"Avaí","","Flamengo","",3,0,2009,21
2009-08-23 00:00:00,"Cruzeiro","","Náutico","",4,2,2009,21
2009-08-23 00:00:00,"Goiás","","Santos","",2,1,2009,21
2009-08-26 00:00:00,"Barueri","","Corinthians","",2,2,2009,22
2009-08-29 00:00:00,"Coritiba","","Avaí","",2,0,2009,22
2009-08-29 00:00:00,"Náutico","","Athletico-PR","PR",3,0,2009,22
2009-08-29 00:00:00,"Flamengo","","Santo André","",3,0,2009,22
2009-08-29 00:00:00,"Atlético-MG","MG","Sport","",1,1,2009,22
2009-08-29 00:00:00,"São Paulo","","Palmeiras","",0,0,2009,22
2009-08-29 00:00:00,"Santos","","Fluminense","",2,0,2009,22
2009-08-29 00:00:00,"Internacional","","Goiás","",4,0,2009,22
2009-08-29 00:00:00,"Botafogo","","Grêmio","",3,3,2009,22
2009-08-29 00:00:00,"Vitória","","Cruzeiro","",3,3,2009,22
2009-09-02 00:00:00,"Corinthians","","Santos","",2,1,2009,23
2009-09-05 00:00:00,"Sport","","Botafogo","",2,1,2009,23
2009-09-05 00:00:00,"Grêmio","","Vitória","",1,1,2009,23
2009-09-05 00:00:00,"Palmeiras","","Barueri","",2,1,2009,23
2009-09-06 00:00:00,"Cruzeiro","","São Paulo","",1,2,2009,23
2009-09-06 00:00:00,"Goiás","","Coritiba","",2,2,2009,23
2009-09-06 00:00:00,"Athletico-PR","PR","Flamengo","",0,0,2009,23
2009-09-05 00:00:00,"Avaí","","Internacional","",1,2,2009,23
2009-09-05 00:00:00,"Santo André","","Atlético-MG","MG",1,2,2009,23
2009-09-05 00:00:00,"Fluminense","","Náutico","",1,1,2009,23
2009-09-12 00:00:00,"São Paulo","","Avaí","",2,0,2009,24
2009-09-12 00:00:00,"Flamengo","","Sport","",3,0,2009,24
2009-09-13 00:00:00,"Santos","","Santo André","",1,0,2009,24
2009-09-13 00:00:00,"Internacional","","Cruzeiro","",2,3,2009,24
2009-09-13 00:00:00,"Atlético-MG","MG","Athletico-PR","PR",2,1,2009,24
2009-09-13 00:00:00,"Vitória","","Palmeiras","",3,2,2009,24
2009-09-13 00:00:00,"Botafogo","","Fluminense","",0,0,2009,24
2009-09-13 00:00:00,"Barueri","","Goiás","",3,1,2009,24
2009-09-13 00:00:00,"Náutico","","Grêmio","",0,2,2009,24
2009-09-16 00:00:00,"Coritiba","","Corinthians","",1,1,2009,24
2009-09-19 00:00:00,"Vitória","","Internacional","",2,0,2009,25
2009-09-19 00:00:00,"Athletico-PR","PR","Sport","",1,0,2009,25
2009-09-19 00:00:00,"Náutico","","Atlético-MG","MG",0,0,2009,25
2009-09-20 00:00:00,"Grêmio","","Fluminense","",5,1,2009,25
2009-09-20 00:00:00,"Santo André","","São Paulo","",1,1,2009,25
2009-09-20 00:00:00,"Avaí","","Barueri","",4,0,2009,25
2009-09-20 00:00:00,"Corinthians","","Goiás","",1,4,2009,25
2009-09-20 00:00:00,"Santos","","Botafogo","",0,0,2009,25
2009-09-20 00:00:00,"Flamengo","","Coritiba","",3,0,2009,25
2009-09-19 00:00:00,"Cruzeiro","","Palmeiras","",1,2,2009,25
2009-09-26 00:00:00,"Palmeiras","","Athletico-PR","PR",2,1,2009,26
2009-09-26 00:00:00,"Barueri","","Cruzeiro","",0,1,2009,26
2009-09-27 00:00:00,"Goiás","","Grêmio","",2,1,2009,26
2009-09-27 00:00:00,"Fluminense","","Avaí","",3,2,2009,26
2009-09-27 00:00:00,"São Paulo","","Corinthians","",1,1,2009,26
2009-09-27 00:00:00,"Coritiba","","Náutico","",2,0,2009,26
2009-09-27 00:00:00,"Internacional","","Flamengo","",0,0,2009,26
2009-09-27 00:00:00,"Botafogo","","Vitória","",1,3,2009,26
2009-09-27 00:00:00,"Atlético-MG","MG","Santos","",3,1,2009,26
2009-09-27 00:00:00,"Sport","","Santo André","",2,1,2009,26
2009-09-30 00:00:00,"Náutico","","São Paulo","",1,2,2009,27
2009-10-03 00:00:00,"Atlético-MG","MG","Barueri","",2,1,2009,27
2009-10-03 00:00:00,"Corinthians","","Athletico-PR","PR",1,3,2009,27
2009-10-03 00:00:00,"Santo André","","Vitória","",1,0,2009,27
2009-10-04 00:00:00,"Santos","","Palmeiras","",1,3,2009,27
2009-10-04 00:00:00,"Goiás","","Botafogo","",1,3,2009,27
2009-10-04 00:00:00,"Grêmio","","Sport","",3,3,2009,27
2009-10-04 00:00:00,"Coritiba","","Internacional","",2,0,2009,27
2009-10-04 00:00:00,"Avaí","","Cruzeiro","",2,2,2009,27
2009-10-04 00:00:00,"Flamengo","","Fluminense","",2,0,2009,27
2009-10-07 00:00:00,"Barueri","","Santo André","",0,0,2009,28
2009-10-07 00:00:00,"Sport","","Santos","",0,1,2009,28
2009-10-07 00:00:00,"Athletico-PR","PR","Grêmio","",0,0,2009,28
2009-10-07 00:00:00,"São Paulo","","Coritiba","",2,2,2009,28
2009-10-07 00:00:00,"Vitória","","Flamengo","",3,3,2009,28
2009-10-07 00:00:00,"Fluminense","","Corinthians","",1,1,2009,28
2009-10-07 00:00:00,"Internacional","","Náutico","",3,1,2009,28
2009-10-08 00:00:00,"Botafogo","","Atlético-MG","MG",3,1,2009,28
2009-10-08 00:00:00,"Cruzeiro","","Goiás","",3,0,2009,28
2009-10-08 00:00:00,"Palmeiras","","Avaí","",2,2,2009,28
2009-10-10 00:00:00,"Corinthians","","Grêmio","",2,1,2009,29
2009-10-10 00:00:00,"Santo André","","Fluminense","",1,2,2009,29
2009-10-10 00:00:00,"Flamengo","","São Paulo","",2,1,2009,29
2009-10-10 00:00:00,"Coritiba","","Barueri","",1,2,2009,29
2009-10-10 00:00:00,"Internacional","","Athletico-PR","PR",1,1,2009,29
2009-10-12 00:00:00,"Santos","","Vitória","",0,0,2009,29
2009-10-12 00:00:00,"Goiás","","Sport","",1,1,2009,29
2009-10-12 00:00:00,"Náutico","","Palmeiras","",3,0,2009,29
2009-10-12 00:00:00,"Atlético-MG","MG","Cruzeiro","",0,1,2009,29
2009-10-12 00:00:00,"Botafogo","","Avaí","",2,2,2009,29
2009-10-17 00:00:00,"Avaí","","Goiás","",2,1,2009,30
2009-10-17 00:00:00,"Barueri","","Santos","",0,0,2009,30
2009-10-17 00:00:00,"São Paulo","","Atlético-MG","MG",0,1,2009,30
2009-10-18 00:00:00,"Fluminense","","Internacional","",2,2,2009,30
2009-10-18 00:00:00,"Palmeiras","","Flamengo","",0,2,2009,30
2009-10-18 00:00:00,"Sport","","Corinthians","",2,0,2009,30
2009-10-18 00:00:00,"Grêmio","","Coritiba","",2,0,2009,30
2009-10-18 00:00:00,"Athletico-PR","PR","Santo André","",3,0,2009,30
2009-10-18 00:00:00,"Cruzeiro","","Botafogo","",1,0,2009,30
2009-10-18 00:00:00,"Vitória","","Náutico","",3,1,2009,30
2009-10-21 00:00:00,"Santo André","","Palmeiras","",2,0,2009,31
2009-10-24 00:00:00,"Atlético-MG","MG","Vitória","",1,0,2009,31
2009-10-24 00:00:00,"Náutico","","Barueri","",2,1,2009,31
2009-10-25 00:00:00,"Santos","","São Paulo","",3,4,2009,31
2009-10-25 00:00:00,"Coritiba","","Athletico-PR","PR",3,2,2009,31
2009-10-25 00:00:00,"Internacional","","Grêmio","",1,0,2009,31
2009-10-25 00:00:00,"Goiás","","Fluminense","",2,2,2009,31
2009-10-25 00:00:00,"Corinthians","","Cruzeiro","",0,1,2009,31
2009-10-25 00:00:00,"Avaí","","Sport","",2,2,2009,31
2009-10-25 00:00:00,"Botafogo","","Flamengo","",0,1,2009,31
2009-10-28 00:00:00,"Athletico-PR","PR","Santos","",1,1,2009,32
2009-10-28 00:00:00,"Botafogo","","Náutico","",1,0,2009,32
2009-10-28 00:00:00,"Cruzeiro","","Santo André","",3,2,2009,32
2009-10-28 00:00:00,"Grêmio","","Avaí","",3,1,2009,32
2009-10-28 00:00:00,"Barueri","","Flamengo","",2,0,2009,32
2009-10-28 00:00:00,"Vitória","","Corinthians","",0,1,2009,32
2009-10-28 00:00:00,"São Paulo","","Internacional","",1,0,2009,32
2009-10-29 00:00:00,"Palmeiras","","Goiás","",4,0,2009,32
2009-10-29 00:00:00,"Fluminense","","Atlético-MG","MG",2,1,2009,32
2009-10-29 00:00:00,"Sport","","Coritiba","",1,1,2009,32
2009-10-31 00:00:00,"São Paulo","","Barueri","",1,0,2009,33
2009-10-31 00:00:00,"Avaí","","Athletico-PR","PR",2,0,2009,33
2009-10-31 00:00:00,"Flamengo","","Santos","",1,0,2009,33
2009-11-01 00:00:00,"Palmeiras","","Corinthians","",2,2,2009,33
2009-11-01 00:00:00,"Coritiba","","Vitória","",1,0,2009,33
2009-11-01 00:00:00,"Internacional","","Botafogo","",0,1,2009,33
2009-11-01 00:00:00,"Goiás","","Atlético-MG","MG",2,3,2009,33
2009-11-01 00:00:00,"Cruzeiro","","Fluminense","",2,3,2009,33
2009-11-01 00:00:00,"Náutico","","Sport","",3,2,2009,33
2009-11-01 00:00:00,"Santo André","","Grêmio","",2,0,2009,33
2009-11-04 00:00:00,"Grêmio","","São Paulo","",1,1,2009,34
2009-11-07 00:00:00,"Sport","","Cruzeiro","",2,3,2009,34
2009-11-07 00:00:00,"Vitória","","Avaí","",0,1,2009,34
2009-11-07 00:00:00,"Santos","","Náutico","",3,1,2009,34
2009-11-08 00:00:00,"Fluminense","","Palmeiras","",1,0,2009,34
2009-11-08 00:00:00,"Atlético-MG","MG","Flamengo","",1,3,2009,34
2009-11-08 00:00:00,"Corinthians","","Santo André","",2,0,2009,34
2009-11-08 00:00:00,"Barueri","","Internacional","",1,1,2009,34
2009-11-08 00:00:00,"Athletico-PR","PR","Goiás","",2,0,2009,34
2009-11-08 00:00:00,"Botafogo","","Coritiba","",2,0,2009,34
2009-11-11 00:00:00,"Palmeiras","","Sport","",2,2,2009,35
2009-11-14 00:00:00,"São Paulo","","Vitória","",2,0,2009,35
2009-11-14 00:00:00,"Cruzeiro","","Grêmio","",1,1,2009,35
2009-11-14 00:00:00,"Coritiba","","Atlético-MG","MG",2,1,2009,35
2009-11-15 00:00:00,"Barueri","","Botafogo","",3,0,2009,35
2009-11-15 00:00:00,"Avaí","","Corinthians","",3,1,2009,35
2009-11-15 00:00:00,"Náutico","","Flamengo","",0,2,2009,35
2009-11-15 00:00:00,"Internacional","","Santos","",3,1,2009,35
2009-11-15 00:00:00,"Fluminense","","Athletico-PR","PR",2,1,2009,35
2009-11-15 00:00:00,"Goiás","","Santo André","",3,1,2009,35
2009-11-18 00:00:00,"Grêmio","","Palmeiras","",2,0,2009,36
2009-11-21 00:00:00,"Corinthians","","Náutico","",2,3,2009,36
2009-11-21 00:00:00,"Athletico-PR","PR","Cruzeiro","",1,1,2009,36
2009-11-22 00:00:00,"Santos","","Coritiba","",4,0,2009,36
2009-11-22 00:00:00,"Santo André","","Avaí","",4,2,2009,36
2009-11-22 00:00:00,"Sport","","Fluminense","",0,3,2009,36
2009-11-22 00:00:00,"Botafogo","","São Paulo","",3,2,2009,36
2009-11-22 00:00:00,"Flamengo","","Goiás","",0,0,2009,36
2009-11-22 00:00:00,"Atlético-MG","MG","Internacional","",0,1,2009,36
2009-11-22 00:00:00,"Vitória","","Barueri","",2,1,2009,36
2009-11-29 00:00:00,"Grêmio","","Barueri","",4,2,2009,37
2009-11-29 00:00:00,"Avaí","","Santos","",2,2,2009,37
2009-11-29 00:00:00,"Corinthians","","Flamengo","",0,2,2009,37
2009-11-29 00:00:00,"Fluminense","","Vitória","",4,0,2009,37
2009-11-29 00:00:00,"Goiás","","São Paulo","",4,2,2009,37
2009-11-29 00:00:00,"Sport","","Internacional","",1,2,2009,37
2009-11-29 00:00:00,"Athletico-PR","PR","Botafogo","",2,0,2009,37
2009-11-29 00:00:00,"Cruzeiro","","Coritiba","",4,1,2009,37
2009-11-29 00:00:00,"Santo André","","Náutico","",5,3,2009,37
2009-11-29 00:00:00,"Palmeiras","","Atlético-MG","MG",3,1,2009,37
2009-12-05 00:00:00,"Atlético-MG","MG","Corinthians","",0,3,2009,38
2009-12-05 00:00:00,"Náutico","","Avaí","",0,1,2009,38
2009-12-06 00:00:00,"Vitória","","Goiás","",2,2,2009,38
2009-12-06 00:00:00,"Flamengo","","Grêmio","",2,1,2009,38
2009-12-06 00:00:00,"Internacional","","Santo André","",4,1,2009,38
2009-12-06 00:00:00,"Coritiba","","Fluminense","",1,1,2009,38
2009-12-06 00:00:00,"Barueri","","Athletico-PR","PR",0,0,2009,38
2009-12-06 00:00:00,"Santos","","Cruzeiro","",1,2,2009,38
2009-12-06 00:00:00,"São Paulo","","Sport","",4,0,2009,38
2009-12-06 00:00:00,"Botafogo","","Palmeiras","",2,1,2009,38
2010-05-08 00:00:00,"Palmeiras","","Vitória","",1,0,2010,1
2010-05-08 00:00:00,"Atlético-GO","GO","Grêmio","",0,0,2010,1
2010-05-08 00:00:00,"Botafogo","","Santos","",3,3,2010,1
2010-05-09 00:00:00,"Flamengo","","São Paulo","",1,1,2010,1
2010-05-09 00:00:00,"Internacional","","Cruzeiro","",1,2,2010,1
2010-05-09 00:00:00,"Atlético-MG","MG","Vasco","",2,1,2010,1
2010-05-09 00:00:00,"Corinthians","","Athletico-PR","PR",2,1,2010,1
2010-05-09 00:00:00,"Ceará","","Fluminense","",1,0,2010,1
2010-05-09 00:00:00,"Guarani","","Goiás","",1,0,2010,1
2010-05-09 00:00:00,"Avaí","","Grêmio Prudente","",6,1,2010,1
2010-05-15 00:00:00,"Fluminense","","Atlético-GO","GO",1,0,2010,2
2010-05-15 00:00:00,"Grêmio Prudente","","Atlético-MG","MG",4,0,2010,2
2010-05-15 00:00:00,"Vitória","","Flamengo","",1,1,2010,2
2010-05-16 00:00:00,"São Paulo","","Botafogo","",1,2,2010,2
2010-05-16 00:00:00,"Grêmio","","Corinthians","",1,2,2010,2
2010-05-16 00:00:00,"Santos","","Ceará","",1,1,2010,2
2010-05-16 00:00:00,"Goiás","","Internacional","",2,3,2010,2
2010-05-16 00:00:00,"Cruzeiro","","Avaí","",2,2,2010,2
2010-05-16 00:00:00,"Athletico-PR","PR","Guarani","",2,2,2010,2
2010-05-16 00:00:00,"Vasco","","Palmeiras","",0,0,2010,2
2010-05-22 00:00:00,"Botafogo","","Goiás","",3,0,2010,3
2010-05-22 00:00:00,"Palmeiras","","Grêmio","",4,2,2010,3
2010-05-22 00:00:00,"Atlético-GO","GO","Santos","",1,2,2010,3
2010-05-23 00:00:00,"Ceará","","Vitória","",1,0,2010,3
2010-05-23 00:00:00,"Corinthians","","Fluminense","",1,0,2010,3
2010-05-23 00:00:00,"Atlético-MG","MG","Athletico-PR","PR",3,1,2010,3
2010-05-23 00:00:00,"Internacional","","São Paulo","",0,2,2010,3
2010-05-23 00:00:00,"Guarani","","Cruzeiro","",2,2,2010,3
2010-05-23 00:00:00,"Avaí","","Vasco","",2,0,2010,3
2010-05-23 00:00:00,"Flamengo","","Grêmio Prudente","",3,1,2010,3
2010-05-26 00:00:00,"Grêmio","","Avaí","",3,0,2010,4
2010-05-26 00:00:00,"Fluminense","","Flamengo","",2,1,2010,4
2010-05-26 00:00:00,"Vitória","","Atlético-MG","MG",4,3,2010,4
2010-05-26 00:00:00,"São Paulo","","Palmeiras","",1,0,2010,4
2010-05-26 00:00:00,"Cruzeiro","","Botafogo","",1,0,2010,4
2010-05-26 00:00:00,"Santos","","Guarani","",3,1,2010,4
2010-05-26 00:00:00,"Grêmio Prudente","","Corinthians","",2,2,2010,4
2010-05-27 00:00:00,"Athletico-PR","PR","Atlético-GO","GO",2,1,2010,4
2010-05-27 00:00:00,"Vasco","","Internacional","",3,2,2010,4
2010-05-27 00:00:00,"Goiás","","Ceará","",0,0,2010,4
2010-05-29 00:00:00,"Flamengo","","Grêmio","",1,1,2010,5
2010-05-29 00:00:00,"Avaí","","Vitória","",0,0,2010,5
2010-05-29 00:00:00,"Palmeiras","","Grêmio Prudente","",0,0,2010,5
2010-05-30 00:00:00,"Guarani","","São Paulo","",0,0,2010,5
2010-05-30 00:00:00,"Corinthians","","Santos","",4,2,2010,5
2010-05-30 00:00:00,"Internacional","","Athletico-PR","PR",4,1,2010,5
2010-05-30 00:00:00,"Atlético-MG","MG","Fluminense","",1,3,2010,5
2010-05-30 00:00:00,"Botafogo","","Vasco","",1,1,2010,5
2010-05-30 00:00:00,"Ceará","","Cruzeiro","",1,0,2010,5
2010-05-30 00:00:00,"Atlético-GO","GO","Goiás","",1,3,2010,5
2010-06-02 00:00:00,"Athletico-PR","PR","Botafogo","",3,2,2010,6
2010-06-02 00:00:00,"Grêmio Prudente","","Atlético-GO","GO",1,0,2010,6
2010-06-02 00:00:00,"Fluminense","","Vitória","",2,1,2010,6
2010-06-02 00:00:00,"Ceará","","Avaí","",2,0,2010,6
2010-06-02 00:00:00,"Palmeiras","","Flamengo","",0,1,2010,6
2010-06-02 00:00:00,"Cruzeiro","","Santos","",0,0,2010,6
2010-06-02 00:00:00,"Goiás","","São Paulo","",2,1,2010,6
2010-06-03 00:00:00,"Grêmio","","Atlético-MG","MG",2,1,2010,6
2010-06-03 00:00:00,"Corinthians","","Internacional","",2,0,2010,6
2010-06-03 00:00:00,"Vasco","","Guarani","",0,1,2010,6
2010-06-05 00:00:00,"Avaí","","Fluminense","",0,3,2010,7
2010-06-05 00:00:00,"Vitória","","Athletico-PR","PR",1,0,2010,7
2010-06-05 00:00:00,"Flamengo","","Goiás","",1,2,2010,7
2010-06-06 00:00:00,"Botafogo","","Corinthians","",2,2,2010,7
2010-06-06 00:00:00,"São Paulo","","Grêmio","",3,1,2010,7
2010-06-06 00:00:00,"Atlético-MG","MG","Ceará","",0,1,2010,7
2010-06-06 00:00:00,"Santos","","Vasco","",4,0,2010,7
2010-06-06 00:00:00,"Internacional","","Palmeiras","",1,1,2010,7
2010-06-06 00:00:00,"Atlético-GO","GO","Cruzeiro","",2,1,2010,7
2010-06-06 00:00:00,"Guarani","","Grêmio Prudente","",1,0,2010,7
2010-07-14 00:00:00,"Athletico-PR","PR","Cruzeiro","",0,2,2010,8
2010-07-14 00:00:00,"Grêmio","","Vitória","",1,1,2010,8
2010-07-14 00:00:00,"São Paulo","","Avaí","",1,2,2010,8
2010-07-14 00:00:00,"Flamengo","","Botafogo","",1,0,2010,8
2010-07-14 00:00:00,"Goiás","","Vasco","",0,0,2010,8
2010-07-14 00:00:00,"Guarani","","Internacional","",0,3,2010,8
2010-07-14 00:00:00,"Ceará","","Corinthians","",0,0,2010,8
2010-07-15 00:00:00,"Atlético-MG","MG","Atlético-GO","GO",3,2,2010,8
2010-07-15 00:00:00,"Palmeiras","","Santos","",2,1,2010,8
2010-07-15 00:00:00,"Fluminense","","Grêmio Prudente","",1,1,2010,8
2010-07-17 00:00:00,"Vitória","","São Paulo","",3,2,2010,9
2010-07-17 00:00:00,"Vasco","","Athletico-PR","PR",3,1,2010,9
2010-07-18 00:00:00,"Atlético-GO","GO","Flamengo","",0,1,2010,9
2010-07-18 00:00:00,"Internacional","","Ceará","",2,1,2010,9
2010-07-18 00:00:00,"Corinthians","","Atlético-MG","MG",1,0,2010,9
2010-07-18 00:00:00,"Avaí","","Palmeiras","",4,2,2010,9
2010-07-18 00:00:00,"Botafogo","","Guarani","",1,1,2010,9
2010-07-18 00:00:00,"Santos","","Fluminense","",0,1,2010,9
2010-07-18 00:00:00,"Grêmio Prudente","","Grêmio","",2,0,2010,9
2010-07-18 00:00:00,"Cruzeiro","","Goiás","",1,0,2010,9
2010-07-21 00:00:00,"São Paulo","","Grêmio Prudente","",1,1,2010,10
2010-07-21 00:00:00,"Atlético-MG","MG","Internacional","",1,2,2010,10
2010-07-21 00:00:00,"Vitória","","Goiás","",2,2,2010,10
2010-07-21 00:00:00,"Flamengo","","Avaí","",1,1,2010,10
2010-07-21 00:00:00,"Grêmio","","Vasco","",1,1,2010,10
2010-07-21 00:00:00,"Athletico-PR","PR","Santos","",2,0,2010,10
2010-07-21 00:00:00,"Atlético-GO","GO","Corinthians","",3,1,2010,10
2010-07-22 00:00:00,"Fluminense","","Cruzeiro","",1,0,2010,10
2010-07-22 00:00:00,"Palmeiras","","Botafogo","",2,2,2010,10
2010-07-22 00:00:00,"Guarani","","Ceará","",1,1,2010,10
2010-07-24 00:00:00,"Avaí","","Atlético-MG","MG",0,0,2010,11
2010-07-24 00:00:00,"Vasco","","Atlético-GO","GO",2,0,2010,11
2010-07-24 00:00:00,"Grêmio Prudente","","Vitória","",0,0,2010,11
2010-07-25 00:00:00,"Santos","","São Paulo","",1,0,2010,11
2010-07-25 00:00:00,"Cruzeiro","","Grêmio","",2,2,2010,11
2010-07-25 00:00:00,"Goiás","","Athletico-PR","PR",0,2,2010,11
2010-07-25 00:00:00,"Internacional","","Flamengo","",1,0,2010,11
2010-07-25 00:00:00,"Corinthians","","Guarani","",3,1,2010,11
2010-07-25 00:00:00,"Botafogo","","Fluminense","",1,1,2010,11
2010-07-25 00:00:00,"Ceará","","Palmeiras","",0,0,2010,11
2010-07-31 00:00:00,"Atlético-GO","GO","Guarani","",1,1,2010,12
2010-07-31 00:00:00,"São Paulo","","Ceará","",2,1,2010,12
2010-07-31 00:00:00,"Fluminense","","Athletico-PR","PR",3,1,2010,12
2010-08-01 00:00:00,"Avaí","","Goiás","",4,1,2010,12
2010-08-01 00:00:00,"Internacional","","Grêmio","",0,0,2010,12
2010-08-01 00:00:00,"Palmeiras","","Corinthians","",1,1,2010,12
2010-08-01 00:00:00,"Vitória","","Botafogo","",1,3,2010,12
2010-08-01 00:00:00,"Flamengo","","Vasco","",0,0,2010,12
2010-08-01 00:00:00,"Atlético-MG","MG","Cruzeiro","",0,1,2010,12
2010-08-01 00:00:00,"Grêmio Prudente","","Santos","",1,2,2010,12
2010-08-07 00:00:00,"Guarani","","Avaí","",4,1,2010,13
2010-08-07 00:00:00,"Botafogo","","Atlético-MG","MG",3,0,2010,13
2010-08-08 00:00:00,"Corinthians","","Flamengo","",1,0,2010,13
2010-08-08 00:00:00,"Goiás","","Palmeiras","",1,1,2010,13
2010-08-08 00:00:00,"Ceará","","Atlético-GO","GO",0,0,2010,13
2010-08-08 00:00:00,"Grêmio","","Fluminense","",1,2,2010,13
2010-08-08 00:00:00,"Athletico-PR","PR","São Paulo","",1,1,2010,13
2010-08-08 00:00:00,"Cruzeiro","","Grêmio Prudente","",0,0,2010,13
2010-08-08 00:00:00,"Vasco","","Vitória","",1,0,2010,13
2010-10-13 00:00:00,"Santos","","Internacional","",1,0,2010,13
2010-08-14 00:00:00,"Palmeiras","","Athletico-PR","PR",2,0,2010,14
2010-08-14 00:00:00,"Atlético-GO","GO","Botafogo","",0,2,2010,14
2010-08-14 00:00:00,"Flamengo","","Ceará","",1,0,2010,14
2010-08-14 00:00:00,"Atlético-MG","MG","Guarani","",3,1,2010,14
2010-08-15 00:00:00,"Avaí","","Corinthians","",3,2,2010,14
2010-08-15 00:00:00,"Fluminense","","Internacional","",3,0,2010,14
2010-08-15 00:00:00,"São Paulo","","Cruzeiro","",2,2,2010,14
2010-08-15 00:00:00,"Grêmio Prudente","","Vasco","",1,2,2010,14
2010-08-15 00:00:00,"Vitória","","Santos","",4,2,2010,14
2010-08-15 00:00:00,"Grêmio","","Goiás","",2,0,2010,14
2010-08-21 00:00:00,"Botafogo","","Avaí","",1,0,2010,15
2010-08-21 00:00:00,"Goiás","","Grêmio Prudente","",1,2,2010,15
2010-08-21 00:00:00,"Ceará","","Grêmio","",2,1,2010,15
2010-08-22 00:00:00,"Santos","","Atlético-MG","MG",2,0,2010,15
2010-08-22 00:00:00,"Guarani","","Palmeiras","",0,0,2010,15
2010-08-22 00:00:00,"Athletico-PR","PR","Flamengo","",1,0,2010,15
2010-08-22 00:00:00,"Internacional","","Atlético-GO","GO",1,1,2010,15
2010-08-22 00:00:00,"Vasco","","Fluminense","",2,2,2010,15
2010-08-22 00:00:00,"Corinthians","","São Paulo","",3,0,2010,15
2010-08-22 00:00:00,"Cruzeiro","","Vitória","",0,1,2010,15
2010-08-25 00:00:00,"Avaí","","Internacional","",0,1,2010,16
2010-08-25 00:00:00,"Goiás","","Fluminense","",0,3,2010,16
2010-08-25 00:00:00,"Botafogo","","Ceará","",1,0,2010,16
2010-08-25 00:00:00,"Grêmio Prudente","","Athletico-PR","PR",0,1,2010,16
2010-08-25 00:00:00,"Grêmio","","Santos","",1,2,2010,16
2010-08-25 00:00:00,"Cruzeiro","","Corinthians","",1,0,2010,16
2010-08-25 00:00:00,"São Paulo","","Vasco","",0,0,2010,16
2010-08-26 00:00:00,"Palmeiras","","Atlético-GO","GO",0,3,2010,16
2010-08-26 00:00:00,"Flamengo","","Atlético-MG","MG",0,0,2010,16
2010-08-26 00:00:00,"Vitória","","Guarani","",1,1,2010,16
2010-08-28 00:00:00,"Vasco","","Cruzeiro","",1,1,2010,17
2010-08-28 00:00:00,"Internacional","","Botafogo","",1,0,2010,17
2010-08-28 00:00:00,"Santos","","Goiás","",2,0,2010,17
2010-08-28 00:00:00,"Ceará","","Grêmio Prudente","",2,2,2010,17
2010-08-29 00:00:00,"Corinthians","","Vitória","",2,1,2010,17
2010-08-29 00:00:00,"Atlético-MG","MG","Palmeiras","",1,2,2010,17
2010-08-29 00:00:00,"Guarani","","Flamengo","",2,1,2010,17
2010-08-29 00:00:00,"Athletico-PR","PR","Grêmio","",1,1,2010,17
2010-08-29 00:00:00,"Fluminense","","São Paulo","",2,2,2010,17
2010-08-29 00:00:00,"Atlético-GO","GO","Avaí","",2,2,2010,17
2010-09-01 00:00:00,"Grêmio Prudente","","Botafogo","",0,1,2010,18
2010-09-01 00:00:00,"Vitória","","Internacional","",0,0,2010,18
2010-09-01 00:00:00,"Grêmio","","Guarani","",1,0,2010,18
2010-09-01 00:00:00,"Goiás","","Atlético-MG","MG",1,3,2010,18
2010-09-01 00:00:00,"Cruzeiro","","Flamengo","",1,0,2010,18
2010-09-01 00:00:00,"Athletico-PR","PR","Ceará","",2,1,2010,18
2010-09-02 00:00:00,"Fluminense","","Palmeiras","",1,1,2010,18
2010-09-02 00:00:00,"São Paulo","","Atlético-GO","GO",2,1,2010,18
2010-09-02 00:00:00,"Santos","","Avaí","",2,1,2010,18
2010-10-13 00:00:00,"Vasco","","Corinthians","",2,0,2010,18
2010-09-04 00:00:00,"Corinthians","","Goiás","",5,1,2010,19
2010-09-04 00:00:00,"Ceará","","Vasco","",0,2,2010,19
2010-09-04 00:00:00,"Botafogo","","Grêmio","",2,2,2010,19
2010-09-05 00:00:00,"Avaí","","Athletico-PR","PR",0,1,2010,19
2010-09-05 00:00:00,"Palmeiras","","Cruzeiro","",2,3,2010,19
2010-09-05 00:00:00,"Guarani","","Fluminense","",2,1,2010,19
2010-09-05 00:00:00,"Flamengo","","Santos","",0,0,2010,19
2010-09-05 00:00:00,"Atlético-GO","GO","Vitória","",4,1,2010,19
2010-09-05 00:00:00,"Internacional","","Grêmio Prudente","",2,0,2010,19
2010-09-05 00:00:00,"Atlético-MG","MG","São Paulo","",2,3,2010,19
2010-09-08 00:00:00,"Goiás","","Guarani","",3,1,2010,20
2010-09-08 00:00:00,"Cruzeiro","","Internacional","",1,0,2010,20
2010-09-08 00:00:00,"Fluminense","","Ceará","",3,1,2010,20
2010-09-08 00:00:00,"Grêmio","","Atlético-GO","GO",2,0,2010,20
2010-09-08 00:00:00,"Athletico-PR","PR","Corinthians","",1,1,2010,20
2010-09-08 00:00:00,"São Paulo","","Flamengo","",2,0,2010,20
2010-09-08 00:00:00,"Vitória","","Palmeiras","",1,1,2010,20
2010-09-09 00:00:00,"Vasco","","Atlético-MG","MG",1,1,2010,20
2010-09-09 00:00:00,"Santos","","Botafogo","",0,1,2010,20
2010-09-09 00:00:00,"Grêmio Prudente","","Avaí","",1,1,2010,20
2010-09-11 00:00:00,"Flamengo","","Vitória","",2,2,2010,21
2010-09-11 00:00:00,"Atlético-GO","GO","Fluminense","",2,1,2010,21
2010-09-11 00:00:00,"Corinthians","","Grêmio","",0,1,2010,21
2010-09-12 00:00:00,"Palmeiras","","Vasco","",0,0,2010,21
2010-09-12 00:00:00,"Atlético-MG","MG","Grêmio Prudente","",1,0,2010,21
2010-09-12 00:00:00,"Botafogo","","São Paulo","",2,0,2010,21
2010-09-12 00:00:00,"Avaí","","Cruzeiro","",1,2,2010,21
2010-09-12 00:00:00,"Internacional","","Goiás","",0,0,2010,21
2010-09-12 00:00:00,"Ceará","","Santos","",2,1,2010,21
2010-09-12 00:00:00,"Guarani","","Athletico-PR","PR",1,0,2010,21
2010-09-15 00:00:00,"Goiás","","Botafogo","",4,1,2010,22
2010-09-15 00:00:00,"Santos","","Atlético-GO","GO",4,2,2010,22
2010-09-15 00:00:00,"Grêmio","","Palmeiras","",1,2,2010,22
2010-09-15 00:00:00,"Cruzeiro","","Guarani","",4,2,2010,22
2010-09-15 00:00:00,"Athletico-PR","PR","Atlético-MG","MG",2,1,2010,22
2010-09-15 00:00:00,"Fluminense","","Corinthians","",1,2,2010,22
2010-09-15 00:00:00,"Vitória","","Ceará","",0,0,2010,22
2010-09-15 00:00:00,"Grêmio Prudente","","Flamengo","",1,2,2010,22
2010-09-16 00:00:00,"São Paulo","","Internacional","",1,3,2010,22
2010-09-16 00:00:00,"Vasco","","Avaí","",1,1,2010,22
2010-09-18 00:00:00,"Atlético-GO","GO","Athletico-PR","PR",1,2,2010,23
2010-09-18 00:00:00,"Corinthians","","Grêmio Prudente","",3,0,2010,23
2010-09-18 00:00:00,"Botafogo","","Cruzeiro","",2,2,2010,23
2010-09-19 00:00:00,"Atlético-MG","MG","Vitória","",2,3,2010,23
2010-09-19 00:00:00,"Guarani","","Santos","",0,0,2010,23
2010-09-19 00:00:00,"Internacional","","Vasco","",1,0,2010,23
2010-09-19 00:00:00,"Palmeiras","","São Paulo","",0,2,2010,23
2010-09-19 00:00:00,"Avaí","","Grêmio","",0,3,2010,23
2010-09-19 00:00:00,"Flamengo","","Fluminense","",3,3,2010,23
2010-09-19 00:00:00,"Ceará","","Goiás","",1,1,2010,23
2010-09-22 00:00:00,"Grêmio Prudente","","Palmeiras","",0,1,2010,24
2010-09-22 00:00:00,"São Paulo","","Guarani","",2,1,2010,24
2010-09-22 00:00:00,"Goiás","","Atlético-GO","GO",1,3,2010,24
2010-09-22 00:00:00,"Cruzeiro","","Ceará","",2,0,2010,24
2010-09-22 00:00:00,"Vasco","","Botafogo","",2,2,2010,24
2010-09-22 00:00:00,"Athletico-PR","PR","Internacional","",1,0,2010,24
2010-09-22 00:00:00,"Grêmio","","Flamengo","",2,2,2010,24
2010-09-22 00:00:00,"Santos","","Corinthians","",2,3,2010,24
2010-09-23 00:00:00,"Fluminense","","Atlético-MG","MG",5,1,2010,24
2010-09-23 00:00:00,"Vitória","","Avaí","",3,0,2010,24
2010-09-25 00:00:00,"Atlético-GO","GO","Grêmio Prudente","",3,0,2010,25
2010-09-25 00:00:00,"São Paulo","","Goiás","",0,3,2010,25
2010-09-25 00:00:00,"Santos","","Cruzeiro","",4,1,2010,25
2010-09-25 00:00:00,"Guarani","","Vasco","",1,0,2010,25
2010-09-25 00:00:00,"Flamengo","","Palmeiras","",1,3,2010,25
2010-09-26 00:00:00,"Botafogo","","Athletico-PR","PR",1,1,2010,25
2010-09-26 00:00:00,"Vitória","","Fluminense","",1,2,2010,25
2010-09-26 00:00:00,"Internacional","","Corinthians","",3,2,2010,25
2010-09-26 00:00:00,"Avaí","","Ceará","",5,0,2010,25
2010-09-26 00:00:00,"Atlético-MG","MG","Grêmio","",1,2,2010,25
2010-09-28 00:00:00,"Vasco","","Santos","",3,1,2010,26
2010-09-28 00:00:00,"Goiás","","Flamengo","",1,1,2010,26
2010-09-29 00:00:00,"Grêmio Prudente","","Guarani","",4,2,2010,26
2010-09-29 00:00:00,"Cruzeiro","","Atlético-GO","GO",3,0,2010,26
2010-09-29 00:00:00,"Athletico-PR","PR","Vitória","",1,0,2010,26
2010-09-29 00:00:00,"Palmeiras","","Internacional","",2,0,2010,26
2010-09-29 00:00:00,"Fluminense","","Avaí","",1,0,2010,26
2010-09-29 00:00:00,"Grêmio","","São Paulo","",4,2,2010,26
2010-09-29 00:00:00,"Ceará","","Atlético-MG","MG",0,0,2010,26
2010-09-29 00:00:00,"Corinthians","","Botafogo","",1,1,2010,26
2010-10-01 00:00:00,"Vasco","","Goiás","",3,2,2010,27
2010-10-02 00:00:00,"Santos","","Palmeiras","",1,1,2010,27
2010-10-02 00:00:00,"Vitória","","Grêmio","",0,3,2010,27
2010-10-02 00:00:00,"Grêmio Prudente","","Fluminense","",1,1,2010,27
2010-10-02 00:00:00,"Corinthians","","Ceará","",2,2,2010,27
2010-10-02 00:00:00,"Cruzeiro","","Athletico-PR","PR",0,0,2010,27
2010-10-02 00:00:00,"Botafogo","","Flamengo","",1,1,2010,27
2010-10-02 00:00:00,"Internacional","","Guarani","",3,0,2010,27
2010-10-02 00:00:00,"Atlético-GO","GO","Atlético-MG","MG",2,3,2010,27
2010-10-02 00:00:00,"Avaí","","São Paulo","",0,0,2010,27
2010-10-06 00:00:00,"Fluminense","","Santos","",0,3,2010,28
2010-10-06 00:00:00,"Guarani","","Botafogo","",1,1,2010,28
2010-10-06 00:00:00,"Grêmio","","Grêmio Prudente","",4,0,2010,28
2010-10-06 00:00:00,"São Paulo","","Vitória","",2,0,2010,28
2010-10-06 00:00:00,"Ceará","","Internacional","",1,0,2010,28
2010-10-06 00:00:00,"Athletico-PR","PR","Vasco","",0,0,2010,28
2010-10-06 00:00:00,"Atlético-MG","MG","Corinthians","",2,1,2010,28
2010-10-07 00:00:00,"Palmeiras","","Avaí","",4,1,2010,28
2010-10-07 00:00:00,"Flamengo","","Atlético-GO","GO",2,0,2010,28
2010-10-07 00:00:00,"Goiás","","Cruzeiro","",0,1,2010,28
2010-10-09 00:00:00,"Grêmio Prudente","","São Paulo","",2,3,2010,29
2010-10-09 00:00:00,"Santos","","Athletico-PR","PR",2,0,2010,29
2010-10-09 00:00:00,"Vasco","","Grêmio","",3,3,2010,29
2010-10-10 00:00:00,"Corinthians","","Atlético-GO","GO",3,4,2010,29
2010-10-10 00:00:00,"Avaí","","Flamengo","",2,2,2010,29
2010-10-10 00:00:00,"Botafogo","","Palmeiras","",0,0,2010,29
2010-10-10 00:00:00,"Cruzeiro","","Fluminense","",1,0,2010,29
2010-10-10 00:00:00,"Goiás","","Vitória","",1,0,2010,29
2010-10-10 00:00:00,"Internacional","","Atlético-MG","MG",1,0,2010,29
2010-10-10 00:00:00,"Ceará","","Guarani","",2,0,2010,29
2010-10-16 00:00:00,"Flamengo","","Internacional","",3,0,2010,30
2010-10-16 00:00:00,"Athletico-PR","PR","Goiás","",2,1,2010,30
2010-10-17 00:00:00,"Atlético-MG","MG","Avaí","",2,0,2010,30
2010-10-17 00:00:00,"Atlético-GO","GO","Vasco","",2,0,2010,30
2010-10-17 00:00:00,"Guarani","","Corinthians","",0,0,2010,30
2010-10-17 00:00:00,"Grêmio","","Cruzeiro","",2,1,2010,30
2010-10-17 00:00:00,"Vitória","","Grêmio Prudente","",2,0,2010,30
2010-10-17 00:00:00,"Palmeiras","","Ceará","",1,1,2010,30
2010-10-17 00:00:00,"Fluminense","","Botafogo","",0,0,2010,30
2010-10-17 00:00:00,"São Paulo","","Santos","",4,3,2010,30
2010-10-23 00:00:00,"Guarani","","Atlético-GO","GO",0,1,2010,31
2010-10-23 00:00:00,"Botafogo","","Vitória","",1,0,2010,31
2010-10-24 00:00:00,"Corinthians","","Palmeiras","",1,0,2010,31
2010-10-24 00:00:00,"Ceará","","São Paulo","",2,0,2010,31
2010-10-24 00:00:00,"Goiás","","Avaí","",1,0,2010,31
2010-10-24 00:00:00,"Athletico-PR","PR","Fluminense","",2,2,2010,31
2010-10-24 00:00:00,"Santos","","Grêmio Prudente","",2,3,2010,31
2010-10-24 00:00:00,"Grêmio","","Internacional","",2,2,2010,31
2010-10-24 00:00:00,"Cruzeiro","","Atlético-MG","MG",3,4,2010,31
2010-10-24 00:00:00,"Vasco","","Flamengo","",1,1,2010,31
2010-10-27 00:00:00,"Flamengo","","Corinthians","",1,1,2010,32
2010-10-28 00:00:00,"Atlético-GO","GO","Ceará","",1,1,2010,32
2010-10-28 00:00:00,"São Paulo","","Athletico-PR","PR",2,1,2010,32
2010-10-28 00:00:00,"Fluminense","","Grêmio","",2,0,2010,32
2010-10-30 00:00:00,"Internacional","","Santos","",1,1,2010,32
2010-10-30 00:00:00,"Vitória","","Vasco","",4,2,2010,32
2010-10-30 00:00:00,"Atlético-MG","MG","Botafogo","",0,2,2010,32
2010-10-30 00:00:00,"Palmeiras","","Goiás","",3,2,2010,32
2010-10-30 00:00:00,"Avaí","","Guarani","",1,0,2010,32
2010-10-30 00:00:00,"Grêmio Prudente","","Cruzeiro","",0,2,2010,32
2010-11-03 00:00:00,"Santos","","Vitória","",1,1,2010,33
2010-11-03 00:00:00,"Goiás","","Grêmio","",0,2,2010,33
2010-11-03 00:00:00,"Botafogo","","Atlético-GO","GO",3,2,2010,33
2010-11-03 00:00:00,"Internacional","","Fluminense","",0,0,2010,33
2010-11-03 00:00:00,"Guarani","","Atlético-MG","MG",0,0,2010,33
2010-11-03 00:00:00,"Cruzeiro","","São Paulo","",0,2,2010,33
2010-11-03 00:00:00,"Corinthians","","Avaí","",4,0,2010,33
2010-11-03 00:00:00,"Ceará","","Flamengo","",2,2,2010,33
2010-11-04 00:00:00,"Athletico-PR","PR","Palmeiras","",1,0,2010,33
2010-11-04 00:00:00,"Vasco","","Grêmio Prudente","",2,1,2010,33
2010-11-06 00:00:00,"Grêmio","","Ceará","",5,1,2010,34
2010-11-06 00:00:00,"Atlético-GO","GO","Internacional","",2,2,2010,34
2010-11-06 00:00:00,"Atlético-MG","MG","Santos","",2,2,2010,34
2010-11-07 00:00:00,"Avaí","","Botafogo","",0,0,2010,34
2010-11-07 00:00:00,"São Paulo","","Corinthians","",0,2,2010,34
2010-11-07 00:00:00,"Vitória","","Cruzeiro","",0,1,2010,34
2010-11-07 00:00:00,"Grêmio Prudente","","Goiás","",4,1,2010,34
2010-11-07 00:00:00,"Palmeiras","","Guarani","",1,0,2010,34
2010-11-07 00:00:00,"Fluminense","","Vasco","",1,0,2010,34
2010-11-07 00:00:00,"Flamengo","","Athletico-PR","PR",0,1,2010,34
2010-11-10 00:00:00,"Ceará","","Botafogo","",2,2,2010,35
2010-11-13 00:00:00,"Santos","","Grêmio","",0,0,2010,35
2010-11-13 00:00:00,"Corinthians","","Cruzeiro","",1,0,2010,35
2010-11-13 00:00:00,"Atlético-MG","MG","Flamengo","",4,1,2010,35
2010-11-14 00:00:00,"Atlético-GO","GO","Palmeiras","",3,0,2010,35
2010-11-14 00:00:00,"Fluminense","","Goiás","",1,1,2010,35
2010-11-14 00:00:00,"Guarani","","Vitória","",1,1,2010,35
2010-11-14 00:00:00,"Internacional","","Avaí","",2,3,2010,35
2010-11-14 00:00:00,"Vasco","","São Paulo","",1,1,2010,35
2010-11-14 00:00:00,"Athletico-PR","PR","Grêmio Prudente","",2,1,2010,35
2010-11-20 00:00:00,"Flamengo","","Guarani","",2,1,2010,36
2010-11-20 00:00:00,"Grêmio","","Athletico-PR","PR",3,1,2010,36
2010-11-20 00:00:00,"Grêmio Prudente","","Ceará","",1,1,2010,36
2010-11-21 00:00:00,"São Paulo","","Fluminense","",1,4,2010,36
2010-11-21 00:00:00,"Botafogo","","Internacional","",1,2,2010,36
2010-11-21 00:00:00,"Vitória","","Corinthians","",1,1,2010,36
2010-11-21 00:00:00,"Palmeiras","","Atlético-MG","MG",0,2,2010,36
2010-11-21 00:00:00,"Goiás","","Santos","",1,4,2010,36
2010-11-21 00:00:00,"Avaí","","Atlético-GO","GO",3,0,2010,36
2010-11-21 00:00:00,"Cruzeiro","","Vasco","",3,1,2010,36
2010-11-28 00:00:00,"Internacional","","Vitória","",1,1,2010,37
2010-11-28 00:00:00,"Guarani","","Grêmio","",0,3,2010,37
2010-11-28 00:00:00,"Palmeiras","","Fluminense","",1,2,2010,37
2010-11-28 00:00:00,"Avaí","","Santos","",3,2,2010,37
2010-11-28 00:00:00,"Atlético-GO","GO","São Paulo","",1,1,2010,37
2010-11-28 00:00:00,"Atlético-MG","MG","Goiás","",3,1,2010,37
2010-11-28 00:00:00,"Flamengo","","Cruzeiro","",1,2,2010,37
2010-11-28 00:00:00,"Botafogo","","Grêmio Prudente","",3,1,2010,37
2010-11-28 00:00:00,"Corinthians","","Vasco","",2,0,2010,37
2010-11-28 00:00:00,"Ceará","","Athletico-PR","PR",1,1,2010,37
2010-12-02 00:00:00,"Grêmio Prudente","","Internacional","",0,3,2010,38
2010-12-05 00:00:00,"Athletico-PR","PR","Avaí","",1,0,2010,38
2010-12-05 00:00:00,"Vasco","","Ceará","",2,0,2010,38
2010-12-05 00:00:00,"Goiás","","Corinthians","",1,1,2010,38
2010-12-05 00:00:00,"Cruzeiro","","Palmeiras","",2,1,2010,38
2010-12-05 00:00:00,"Santos","","Flamengo","",0,0,2010,38
2010-12-05 00:00:00,"Fluminense","","Guarani","",1,0,2010,38
2010-12-05 00:00:00,"Vitória","","Atlético-GO","GO",0,0,2010,38
2010-12-05 00:00:00,"São Paulo","","Atlético-MG","MG",4,0,2010,38
2010-12-05 00:00:00,"Grêmio","","Botafogo","",3,0,2010,38
2011-05-21 00:00:00,"Flamengo","","Avaí","",4,0,2011,1
2011-05-21 00:00:00,"Atlético-MG","MG","Athletico-PR","PR",3,0,2011,1
2011-05-21 00:00:00,"Ceará","","Vasco","",1,3,2011,1
2011-05-21 00:00:00,"Santos","","Internacional","",1,1,2011,1
2011-05-22 00:00:00,"Coritiba","","Atlético-GO","GO",0,1,2011,1
2011-05-22 00:00:00,"Palmeiras","","Botafogo","",1,0,2011,1
2011-05-22 00:00:00,"Figueirense","","Cruzeiro","",1,0,2011,1
2011-05-22 00:00:00,"Grêmio","","Corinthians","",1,2,2011,1
2011-05-22 00:00:00,"América-MG","MG","Bahia","",2,1,2011,1
2011-05-22 00:00:00,"Fluminense","","São Paulo","",0,2,2011,1
2011-05-28 00:00:00,"Avaí","","Atlético-MG","MG",1,3,2011,2
2011-05-28 00:00:00,"Internacional","","Ceará","",0,1,2011,2
2011-05-28 00:00:00,"Botafogo","","Santos","",1,0,2011,2
2011-05-28 00:00:00,"São Paulo","","Figueirense","",1,0,2011,2
2011-05-29 00:00:00,"Cruzeiro","","Palmeiras","",1,1,2011,2
2011-05-29 00:00:00,"Bahia","","Flamengo","",3,3,2011,2
2011-05-29 00:00:00,"Corinthians","","Coritiba","",2,1,2011,2
2011-05-29 00:00:00,"Athletico-PR","PR","Grêmio","",0,1,2011,2
2011-05-29 00:00:00,"Atlético-GO","GO","Fluminense","",0,1,2011,2
2011-05-29 00:00:00,"Vasco","","América-MG","MG",3,0,2011,2
2011-06-04 00:00:00,"Fluminense","","Cruzeiro","",2,1,2011,3
2011-06-04 00:00:00,"Ceará","","Botafogo","",2,2,2011,3
2011-06-04 00:00:00,"Palmeiras","","Athletico-PR","PR",1,0,2011,3
2011-06-04 00:00:00,"Figueirense","","Atlético-GO","GO",2,0,2011,3
2011-06-05 00:00:00,"Grêmio","","Bahia","",2,0,2011,3
2011-06-05 00:00:00,"Flamengo","","Corinthians","",1,1,2011,3
2011-06-05 00:00:00,"Coritiba","","Vasco","",5,1,2011,3
2011-06-05 00:00:00,"Santos","","Avaí","",3,1,2011,3
2011-06-05 00:00:00,"América-MG","MG","Internacional","",2,4,2011,3
2011-06-08 00:00:00,"Atlético-MG","MG","São Paulo","",0,1,2011,3
2011-06-11 00:00:00,"Avaí","","América-MG","MG",2,2,2011,4
2011-06-11 00:00:00,"Cruzeiro","","Santos","",1,1,2011,4
2011-06-11 00:00:00,"São Paulo","","Grêmio","",3,1,2011,4
2011-06-11 00:00:00,"Vasco","","Figueirense","",1,1,2011,4
2011-06-12 00:00:00,"Internacional","","Palmeiras","",2,2,2011,4
2011-06-12 00:00:00,"Bahia","","Atlético-MG","MG",1,1,2011,4
2011-06-12 00:00:00,"Atlético-GO","GO","Ceará","",4,1,2011,4
2011-06-12 00:00:00,"Corinthians","","Fluminense","",2,0,2011,4
2011-06-12 00:00:00,"Athletico-PR","PR","Flamengo","",1,1,2011,4
2011-06-12 00:00:00,"Botafogo","","Coritiba","",3,1,2011,4
2011-06-18 00:00:00,"América-MG","MG","Cruzeiro","",1,1,2011,5
2011-06-18 00:00:00,"Fluminense","","Bahia","",0,1,2011,5
2011-06-19 00:00:00,"Figueirense","","Athletico-PR","PR",2,0,2011,5
2011-06-19 00:00:00,"Grêmio","","Vasco","",1,1,2011,5
2011-06-19 00:00:00,"Palmeiras","","Avaí","",5,0,2011,5
2011-06-19 00:00:00,"Ceará","","São Paulo","",0,2,2011,5
2011-06-19 00:00:00,"Flamengo","","Botafogo","",0,0,2011,5
2011-06-18 00:00:00,"Atlético-MG","MG","Atlético-GO","GO",2,2,2011,5
2011-06-18 00:00:00,"Coritiba","","Internacional","",1,1,2011,5
2011-08-10 00:00:00,"Santos","","Corinthians","",0,0,2011,5
2011-06-25 00:00:00,"Athletico-PR","PR","Bahia","",0,2,2011,6
2011-06-25 00:00:00,"Flamengo","","Atlético-MG","MG",4,1,2011,6
2011-06-25 00:00:00,"Cruzeiro","","Coritiba","",2,1,2011,6
2011-06-26 00:00:00,"Ceará","","Palmeiras","",2,0,2011,6
2011-06-26 00:00:00,"Botafogo","","Grêmio","",2,1,2011,6
2011-06-26 00:00:00,"Corinthians","","São Paulo","",5,0,2011,6
2011-06-26 00:00:00,"Avaí","","Fluminense","",0,1,2011,6
2011-06-26 00:00:00,"Atlético-GO","GO","Vasco","",0,1,2011,6
2011-06-26 00:00:00,"Internacional","","Figueirense","",4,1,2011,6
2011-07-02 00:00:00,"Santos","","América-MG","MG",1,0,2011,6
2011-06-29 00:00:00,"Grêmio","","Avaí","",2,2,2011,7
2011-06-29 00:00:00,"Vasco","","Cruzeiro","",0,3,2011,7
2011-06-29 00:00:00,"América-MG","MG","Flamengo","",2,3,2011,7
2011-06-29 00:00:00,"Figueirense","","Santos","",2,1,2011,7
2011-06-29 00:00:00,"São Paulo","","Botafogo","",0,2,2011,7
2011-06-29 00:00:00,"Bahia","","Corinthians","",0,1,2011,7
2011-06-30 00:00:00,"Palmeiras","","Atlético-GO","GO",2,0,2011,7
2011-06-30 00:00:00,"Coritiba","","Ceará","",3,1,2011,7
2011-06-30 00:00:00,"Fluminense","","Athletico-PR","PR",3,1,2011,7
2011-06-30 00:00:00,"Atlético-MG","MG","Internacional","",0,4,2011,7
2011-07-06 00:00:00,"Internacional","","Athletico-PR","PR",1,0,2011,8
2011-07-06 00:00:00,"Avaí","","Bahia","",2,2,2011,8
2011-07-06 00:00:00,"Cruzeiro","","Grêmio","",2,0,2011,8
2011-07-06 00:00:00,"Corinthians","","Vasco","",2,1,2011,8
2011-07-06 00:00:00,"Flamengo","","São Paulo","",1,0,2011,8
2011-07-06 00:00:00,"Ceará","","Atlético-MG","MG",3,0,2011,8
2011-07-07 00:00:00,"Coritiba","","Figueirense","",3,0,2011,8
2011-07-07 00:00:00,"Botafogo","","Atlético-GO","GO",1,1,2011,8
2011-07-07 00:00:00,"América-MG","MG","Palmeiras","",1,1,2011,8
2011-08-24 00:00:00,"Santos","","Fluminense","",2,1,2011,8
2011-07-09 00:00:00,"Vasco","","Internacional","",2,0,2011,9
2011-07-09 00:00:00,"São Paulo","","Cruzeiro","",2,1,2011,9
2011-07-09 00:00:00,"Athletico-PR","PR","Avaí","",0,0,2011,9
2011-07-10 00:00:00,"Grêmio","","Coritiba","",2,0,2011,9
2011-07-10 00:00:00,"Atlético-GO","GO","Corinthians","",0,1,2011,9
2011-07-10 00:00:00,"Fluminense","","Flamengo","",0,1,2011,9
2011-07-10 00:00:00,"Bahia","","Botafogo","",1,1,2011,9
2011-07-10 00:00:00,"Palmeiras","","Santos","",3,0,2011,9
2011-07-10 00:00:00,"Atlético-MG","MG","América-MG","MG",2,0,2011,9
2011-07-10 00:00:00,"Figueirense","","Ceará","",1,1,2011,9
2011-07-16 00:00:00,"Coritiba","","Fluminense","",3,1,2011,10
2011-07-16 00:00:00,"Atlético-GO","GO","Avaí","",0,1,2011,10
2011-07-16 00:00:00,"Vasco","","Athletico-PR","PR",2,1,2011,10
2011-07-16 00:00:00,"Santos","","Atlético-MG","MG",2,1,2011,10
2011-07-17 00:00:00,"Ceará","","América-MG","MG",4,0,2011,10
2011-07-17 00:00:00,"Cruzeiro","","Bahia","",2,1,2011,10
2011-07-17 00:00:00,"Internacional","","São Paulo","",0,3,2011,10
2011-07-20 00:00:00,"Figueirense","","Grêmio","",0,0,2011,10
2011-07-20 00:00:00,"Botafogo","","Corinthians","",0,2,2011,10
2011-07-20 00:00:00,"Palmeiras","","Flamengo","",0,0,2011,10
2011-07-21 00:00:00,"Avaí","","Internacional","",1,3,2011,11
2011-07-23 00:00:00,"Athletico-PR","PR","Botafogo","",2,1,2011,11
2011-07-23 00:00:00,"São Paulo","","Atlético-GO","GO",2,2,2011,11
2011-07-23 00:00:00,"América-MG","MG","Figueirense","",0,0,2011,11
2011-07-23 00:00:00,"Flamengo","","Ceará","",1,1,2011,11
2011-07-24 00:00:00,"Atlético-MG","MG","Vasco","",1,2,2011,11
2011-07-24 00:00:00,"Corinthians","","Cruzeiro","",0,1,2011,11
2011-07-24 00:00:00,"Bahia","","Coritiba","",0,0,2011,11
2011-07-24 00:00:00,"Fluminense","","Palmeiras","",1,0,2011,11
2011-10-05 00:00:00,"Grêmio","","Santos","",1,0,2011,11
2011-07-14 00:00:00,"Corinthians","","Internacional","",1,0,2011,12
2011-07-27 00:00:00,"Atlético-GO","GO","Cruzeiro","",2,0,2011,12
2011-07-27 00:00:00,"Atlético-MG","MG","Fluminense","",1,0,2011,12
2011-07-27 00:00:00,"Botafogo","","Avaí","",2,1,2011,12
2011-07-27 00:00:00,"Grêmio","","América-MG","MG",1,1,2011,12
2011-07-27 00:00:00,"Santos","","Flamengo","",4,5,2011,12
2011-07-27 00:00:00,"Coritiba","","São Paulo","",3,4,2011,12
2011-07-27 00:00:00,"Figueirense","","Palmeiras","",0,1,2011,12
2011-07-28 00:00:00,"Vasco","","Bahia","",1,1,2011,12
2011-07-28 00:00:00,"Ceará","","Athletico-PR","PR",2,1,2011,12
2011-07-30 00:00:00,"Cruzeiro","","Botafogo","",0,1,2011,13
2011-07-30 00:00:00,"Flamengo","","Grêmio","",2,0,2011,13
2011-07-30 00:00:00,"Palmeiras","","Atlético-MG","MG",3,2,2011,13
2011-07-31 00:00:00,"Fluminense","","Ceará","",4,0,2011,13
2011-07-31 00:00:00,"Avaí","","Corinthians","",3,2,2011,13
2011-07-31 00:00:00,"Internacional","","Atlético-GO","GO",0,0,2011,13
2011-07-31 00:00:00,"São Paulo","","Vasco","",0,2,2011,13
2011-07-31 00:00:00,"Bahia","","Figueirense","",3,1,2011,13
2011-07-31 00:00:00,"América-MG","MG","Coritiba","",1,3,2011,13
2011-07-31 00:00:00,"Athletico-PR","PR","Santos","",3,2,2011,13
2011-08-03 00:00:00,"Ceará","","Avaí","",0,3,2011,14
2011-08-03 00:00:00,"Figueirense","","Botafogo","",2,0,2011,14
2011-08-03 00:00:00,"Grêmio","","Atlético-MG","MG",2,2,2011,14
2011-08-03 00:00:00,"Corinthians","","América-MG","MG",2,1,2011,14
2011-08-03 00:00:00,"Cruzeiro","","Flamengo","",0,1,2011,14
2011-08-03 00:00:00,"Coritiba","","Palmeiras","",1,1,2011,14
2011-08-03 00:00:00,"Vasco","","Santos","",2,0,2011,14
2011-08-04 00:00:00,"São Paulo","","Bahia","",3,0,2011,14
2011-08-04 00:00:00,"Atlético-GO","GO","Athletico-PR","PR",0,3,2011,14
2011-08-04 00:00:00,"Fluminense","","Internacional","",2,0,2011,14
2011-08-06 00:00:00,"Flamengo","","Coritiba","",1,0,2011,15
2011-08-06 00:00:00,"Palmeiras","","Grêmio","",0,0,2011,15
2011-08-06 00:00:00,"Atlético-MG","MG","Figueirense","",1,2,2011,15
2011-08-07 00:00:00,"Santos","","Ceará","",1,0,2011,15
2011-08-07 00:00:00,"Athletico-PR","PR","Corinthians","",1,1,2011,15
2011-08-07 00:00:00,"Internacional","","Cruzeiro","",3,2,2011,15
2011-08-07 00:00:00,"América-MG","MG","Fluminense","",3,0,2011,15
2011-08-07 00:00:00,"Bahia","","Atlético-GO","GO",2,1,2011,15
2011-08-07 00:00:00,"Avaí","","São Paulo","",1,2,2011,15
2011-08-07 00:00:00,"Botafogo","","Vasco","",4,0,2011,15
2011-08-13 00:00:00,"Cruzeiro","","Avaí","",5,0,2011,16
2011-08-13 00:00:00,"Atlético-GO","GO","Santos","",2,0,2011,16
2011-08-13 00:00:00,"São Paulo","","Athletico-PR","PR",2,2,2011,16
2011-08-13 00:00:00,"Botafogo","","América-MG","MG",4,2,2011,16
2011-08-14 00:00:00,"Figueirense","","Flamengo","",2,2,2011,16
2011-08-14 00:00:00,"Corinthians","","Ceará","",2,2,2011,16
2011-08-14 00:00:00,"Vasco","","Palmeiras","",1,0,2011,16
2011-08-14 00:00:00,"Coritiba","","Atlético-MG","MG",3,0,2011,16
2011-08-14 00:00:00,"Bahia","","Internacional","",1,1,2011,16
2011-08-14 00:00:00,"Grêmio","","Fluminense","",2,1,2011,16
2011-08-17 00:00:00,"Athletico-PR","PR","Cruzeiro","",2,1,2011,17
2011-08-17 00:00:00,"Fluminense","","Figueirense","",3,0,2011,17
2011-08-17 00:00:00,"Avaí","","Vasco","",0,2,2011,17
2011-08-17 00:00:00,"Ceará","","Grêmio","",3,0,2011,17
2011-08-17 00:00:00,"Internacional","","Botafogo","",1,0,2011,17
2011-08-17 00:00:00,"Santos","","Coritiba","",2,3,2011,17
2011-08-17 00:00:00,"Atlético-MG","MG","Corinthians","",2,3,2011,17
2011-08-18 00:00:00,"Palmeiras","","Bahia","",1,1,2011,17
2011-08-18 00:00:00,"América-MG","MG","São Paulo","",1,1,2011,17
2011-08-18 00:00:00,"Flamengo","","Atlético-GO","GO",1,4,2011,17
2011-08-20 00:00:00,"Cruzeiro","","Ceará","",1,0,2011,18
2011-08-20 00:00:00,"Botafogo","","Atlético-MG","MG",3,1,2011,18
2011-08-20 00:00:00,"Corinthians","","Figueirense","",0,2,2011,18
2011-08-21 00:00:00,"Avaí","","Coritiba","",0,0,2011,18
2011-08-21 00:00:00,"Internacional","","Flamengo","",2,2,2011,18
2011-08-21 00:00:00,"São Paulo","","Palmeiras","",1,1,2011,18
2011-08-21 00:00:00,"Atlético-GO","GO","Grêmio","",1,0,2011,18
2011-08-21 00:00:00,"Bahia","","Santos","",1,2,2011,18
2011-08-21 00:00:00,"Vasco","","Fluminense","",1,1,2011,18
2011-08-21 00:00:00,"Athletico-PR","PR","América-MG","MG",2,2,2011,18
2011-08-27 00:00:00,"América-MG","MG","Atlético-GO","GO",1,2,2011,19
2011-08-27 00:00:00,"Coritiba","","Athletico-PR","PR",1,1,2011,19
2011-08-27 00:00:00,"Fluminense","","Botafogo","",1,2,2011,19
2011-08-28 00:00:00,"Flamengo","","Vasco","",0,0,2011,19
2011-08-28 00:00:00,"Grêmio","","Internacional","",2,1,2011,19
2011-08-28 00:00:00,"Santos","","São Paulo","",1,1,2011,19
2011-08-28 00:00:00,"Palmeiras","","Corinthians","",2,1,2011,19
2011-08-28 00:00:00,"Ceará","","Bahia","",3,0,2011,19
2011-08-28 00:00:00,"Atlético-MG","MG","Cruzeiro","",1,2,2011,19
2011-08-28 00:00:00,"Figueirense","","Avaí","",2,3,2011,19
2011-08-31 00:00:00,"Vasco","","Ceará","",3,1,2011,20
2011-08-31 00:00:00,"Corinthians","","Grêmio","",3,2,2011,20
2011-08-31 00:00:00,"Athletico-PR","PR","Atlético-MG","MG",0,1,2011,20
2011-08-31 00:00:00,"Atlético-GO","GO","Coritiba","",3,1,2011,20
2011-08-31 00:00:00,"Cruzeiro","","Figueirense","",2,4,2011,20
2011-08-31 00:00:00,"São Paulo","","Fluminense","",1,2,2011,20
2011-08-31 00:00:00,"Botafogo","","Palmeiras","",3,1,2011,20
2011-08-31 00:00:00,"Avaí","","Flamengo","",3,2,2011,20
2011-08-31 00:00:00,"Internacional","","Santos","",3,3,2011,20
2011-09-01 00:00:00,"Bahia","","América-MG","MG",0,0,2011,20
2011-09-03 00:00:00,"Fluminense","","Atlético-GO","GO",3,2,2011,21
2011-09-03 00:00:00,"Atlético-MG","MG","Avaí","",2,0,2011,21
2011-09-03 00:00:00,"Figueirense","","São Paulo","",1,2,2011,21
2011-09-04 00:00:00,"Flamengo","","Bahia","",1,3,2011,21
2011-09-04 00:00:00,"América-MG","MG","Vasco","",4,1,2011,21
2011-09-04 00:00:00,"Coritiba","","Corinthians","",1,0,2011,21
2011-09-04 00:00:00,"Grêmio","","Athletico-PR","PR",4,0,2011,21
2011-09-04 00:00:00,"Palmeiras","","Cruzeiro","",1,1,2011,21
2011-09-04 00:00:00,"Ceará","","Internacional","",1,1,2011,21
2011-10-19 00:00:00,"Santos","","Botafogo","",2,0,2011,21
2011-09-07 00:00:00,"Botafogo","","Ceará","",4,0,2011,22
2011-09-07 00:00:00,"São Paulo","","Atlético-MG","MG",2,1,2011,22
2011-09-07 00:00:00,"Avaí","","Santos","",1,2,2011,22
2011-09-07 00:00:00,"Internacional","","América-MG","MG",4,2,2011,22
2011-09-07 00:00:00,"Atlético-GO","GO","Figueirense","",1,1,2011,22
2011-09-07 00:00:00,"Cruzeiro","","Fluminense","",1,2,2011,22
2011-09-07 00:00:00,"Athletico-PR","PR","Palmeiras","",2,2,2011,22
2011-09-08 00:00:00,"Vasco","","Coritiba","",2,0,2011,22
2011-09-08 00:00:00,"Bahia","","Grêmio","",1,2,2011,22
2011-09-08 00:00:00,"Corinthians","","Flamengo","",2,1,2011,22
2011-09-10 00:00:00,"América-MG","MG","Avaí","",2,2,2011,23
2011-09-10 00:00:00,"Santos","","Cruzeiro","",1,0,2011,23
2011-09-11 00:00:00,"Figueirense","","Vasco","",1,1,2011,23
2011-09-11 00:00:00,"Fluminense","","Corinthians","",1,0,2011,23
2011-09-11 00:00:00,"Coritiba","","Botafogo","",5,0,2011,23
2011-09-11 00:00:00,"Palmeiras","","Internacional","",0,3,2011,23
2011-09-11 00:00:00,"Ceará","","Atlético-GO","GO",1,1,2011,23
2011-09-11 00:00:00,"Grêmio","","São Paulo","",1,0,2011,23
2011-09-11 00:00:00,"Flamengo","","Athletico-PR","PR",1,2,2011,23
2011-09-11 00:00:00,"Atlético-MG","MG","Bahia","",2,0,2011,23
2011-09-17 00:00:00,"Vasco","","Grêmio","",4,0,2011,24
2011-09-17 00:00:00,"São Paulo","","Ceará","",4,0,2011,24
2011-09-17 00:00:00,"Atlético-GO","GO","Atlético-MG","MG",1,0,2011,24
2011-09-18 00:00:00,"Bahia","","Fluminense","",3,0,2011,24
2011-09-18 00:00:00,"Botafogo","","Flamengo","",1,1,2011,24
2011-09-18 00:00:00,"Avaí","","Palmeiras","",1,1,2011,24
2011-09-18 00:00:00,"Corinthians","","Santos","",1,3,2011,24
2011-09-18 00:00:00,"Athletico-PR","PR","Figueirense","",0,0,2011,24
2011-09-18 00:00:00,"Cruzeiro","","América-MG","MG",0,0,2011,24
2011-09-18 00:00:00,"Internacional","","Coritiba","",1,1,2011,24
2011-09-21 00:00:00,"Fluminense","","Avaí","",3,1,2011,25
2011-09-21 00:00:00,"Bahia","","Athletico-PR","PR",1,0,2011,25
2011-09-21 00:00:00,"Coritiba","","Cruzeiro","",2,1,2011,25
2011-09-21 00:00:00,"América-MG","MG","Santos","",1,2,2011,25
2011-09-21 00:00:00,"Atlético-MG","MG","Flamengo","",1,1,2011,25
2011-09-21 00:00:00,"São Paulo","","Corinthians","",0,0,2011,25
2011-09-21 00:00:00,"Figueirense","","Internacional","",1,1,2011,25
2011-09-22 00:00:00,"Palmeiras","","Ceará","",1,0,2011,25
2011-09-22 00:00:00,"Grêmio","","Botafogo","",0,1,2011,25
2011-09-22 00:00:00,"Vasco","","Atlético-GO","GO",1,1,2011,25
2011-09-24 00:00:00,"Santos","","Figueirense","",2,3,2011,26
2011-09-24 00:00:00,"Flamengo","","América-MG","MG",2,1,2011,26
2011-09-24 00:00:00,"Athletico-PR","PR","Fluminense","",1,1,2011,26
2011-09-25 00:00:00,"Cruzeiro","","Vasco","",0,3,2011,26
2011-09-25 00:00:00,"Avaí","","Grêmio","",1,2,2011,26
2011-09-25 00:00:00,"Botafogo","","São Paulo","",2,2,2011,26
2011-09-25 00:00:00,"Corinthians","","Bahia","",1,0,2011,26
2011-09-25 00:00:00,"Internacional","","Atlético-MG","MG",2,1,2011,26
2011-09-25 00:00:00,"Ceará","","Coritiba","",3,2,2011,26
2011-09-25 00:00:00,"Atlético-GO","GO","Palmeiras","",1,1,2011,26
2011-10-02 00:00:00,"Bahia","","Avaí","",3,2,2011,27
2011-10-02 00:00:00,"Fluminense","","Santos","",3,2,2011,27
2011-10-02 00:00:00,"Palmeiras","","América-MG","MG",1,1,2011,27
2011-10-02 00:00:00,"Atlético-MG","MG","Ceará","",1,1,2011,27
2011-10-02 00:00:00,"Athletico-PR","PR","Internacional","",2,0,2011,27
2011-10-02 00:00:00,"Figueirense","","Coritiba","",0,0,2011,27
2011-10-02 00:00:00,"São Paulo","","Flamengo","",1,2,2011,27
2011-10-02 00:00:00,"Vasco","","Corinthians","",2,2,2011,27
2011-10-02 00:00:00,"Atlético-GO","GO","Botafogo","",2,0,2011,27
2011-10-02 00:00:00,"Grêmio","","Cruzeiro","",2,0,2011,27
2011-10-05 00:00:00,"Cruzeiro","","São Paulo","",3,3,2011,28
2011-10-08 00:00:00,"Corinthians","","Atlético-GO","GO",3,0,2011,28
2011-10-08 00:00:00,"Coritiba","","Grêmio","",2,0,2011,28
2011-10-08 00:00:00,"Avaí","","Athletico-PR","PR",3,0,2011,28
2011-10-08 00:00:00,"América-MG","MG","Atlético-MG","MG",0,0,2011,28
2011-10-08 00:00:00,"Santos","","Palmeiras","",1,0,2011,28
2011-10-08 00:00:00,"Botafogo","","Bahia","",2,2,2011,28
2011-10-08 00:00:00,"Ceará","","Figueirense","",1,1,2011,28
2011-10-08 00:00:00,"Internacional","","Vasco","",3,0,2011,28
2011-10-08 00:00:00,"Flamengo","","Fluminense","",3,2,2011,28
2011-10-12 00:00:00,"Bahia","","Cruzeiro","",0,0,2011,29
2011-10-12 00:00:00,"Atlético-MG","MG","Santos","",2,1,2011,29
2011-10-12 00:00:00,"Grêmio","","Figueirense","",1,3,2011,29
2011-10-12 00:00:00,"Avaí","","Atlético-GO","GO",2,2,2011,29
2011-10-12 00:00:00,"Athletico-PR","PR","Vasco","",2,2,2011,29
2011-10-12 00:00:00,"Fluminense","","Coritiba","",3,1,2011,29
2011-10-12 00:00:00,"Corinthians","","Botafogo","",0,2,2011,29
2011-10-12 00:00:00,"América-MG","MG","Ceará","",4,1,2011,29
2011-10-12 00:00:00,"São Paulo","","Internacional","",0,0,2011,29
2011-10-12 00:00:00,"Flamengo","","Palmeiras","",1,1,2011,29
2011-10-15 00:00:00,"Figueirense","","América-MG","MG",2,1,2011,30
2011-10-15 00:00:00,"Ceará","","Flamengo","",0,1,2011,30
2011-10-16 00:00:00,"Botafogo","","Athletico-PR","PR",2,0,2011,30
2011-10-16 00:00:00,"Coritiba","","Bahia","",0,0,2011,30
2011-10-16 00:00:00,"Palmeiras","","Fluminense","",1,2,2011,30
2011-10-16 00:00:00,"Internacional","","Avaí","",4,2,2011,30
2011-10-16 00:00:00,"Atlético-GO","GO","São Paulo","",3,0,2011,30
2011-10-16 00:00:00,"Santos","","Grêmio","",0,1,2011,30
2011-10-16 00:00:00,"Cruzeiro","","Corinthians","",0,1,2011,30
2011-10-16 00:00:00,"Vasco","","Atlético-MG","MG",2,0,2011,30
2011-10-23 00:00:00,"São Paulo","","Coritiba","",0,0,2011,31
2011-10-23 00:00:00,"Flamengo","","Santos","",1,1,2011,31
2011-10-23 00:00:00,"Palmeiras","","Figueirense","",1,2,2011,31
2011-10-23 00:00:00,"América-MG","MG","Grêmio","",2,2,2011,31
2011-10-23 00:00:00,"Cruzeiro","","Atlético-GO","GO",3,2,2011,31
2011-10-23 00:00:00,"Bahia","","Vasco","",0,2,2011,31
2011-10-23 00:00:00,"Fluminense","","Atlético-MG","MG",0,2,2011,31
2011-10-23 00:00:00,"Athletico-PR","PR","Ceará","",1,0,2011,31
2011-10-23 00:00:00,"Internacional","","Corinthians","",1,1,2011,31
2011-10-23 00:00:00,"Avaí","","Botafogo","",3,2,2011,31
2011-10-30 00:00:00,"Ceará","","Fluminense","",1,2,2011,32
2011-10-30 00:00:00,"Vasco","","São Paulo","",0,0,2011,32
2011-10-30 00:00:00,"Santos","","Athletico-PR","PR",4,1,2011,32
2011-10-30 00:00:00,"Botafogo","","Cruzeiro","",1,0,2011,32
2011-10-30 00:00:00,"Grêmio","","Flamengo","",4,2,2011,32
2011-10-30 00:00:00,"Atlético-GO","GO","Internacional","",0,1,2011,32
2011-10-30 00:00:00,"Atlético-MG","MG","Palmeiras","",2,1,2011,32
2011-10-30 00:00:00,"Coritiba","","América-MG","MG",3,1,2011,32
2011-10-30 00:00:00,"Corinthians","","Avaí","",2,1,2011,32
2011-10-30 00:00:00,"Figueirense","","Bahia","",2,1,2011,32
2011-11-06 00:00:00,"Santos","","Vasco","",2,0,2011,33
2011-11-06 00:00:00,"Athletico-PR","PR","Atlético-GO","GO",2,1,2011,33
2011-11-06 00:00:00,"Internacional","","Fluminense","",1,2,2011,33
2011-11-06 00:00:00,"Atlético-MG","MG","Grêmio","",2,0,2011,33
2011-11-06 00:00:00,"Flamengo","","Cruzeiro","",5,1,2011,33
2011-11-06 00:00:00,"América-MG","MG","Corinthians","",2,1,2011,33
2011-11-06 00:00:00,"Bahia","","São Paulo","",4,3,2011,33
2011-11-06 00:00:00,"Avaí","","Ceará","",1,2,2011,33
2011-11-06 00:00:00,"Botafogo","","Figueirense","",0,1,2011,33
2011-11-06 00:00:00,"Palmeiras","","Coritiba","",0,2,2011,33
2011-11-13 00:00:00,"Fluminense","","América-MG","MG",1,2,2011,34
2011-11-13 00:00:00,"Ceará","","Santos","",2,3,2011,34
2011-11-13 00:00:00,"Atlético-GO","GO","Bahia","",0,1,2011,34
2011-11-13 00:00:00,"Figueirense","","Atlético-MG","MG",2,1,2011,34
2011-11-13 00:00:00,"Cruzeiro","","Internacional","",1,0,2011,34
2011-11-13 00:00:00,"Corinthians","","Athletico-PR","PR",2,1,2011,34
2011-11-13 00:00:00,"Coritiba","","Flamengo","",2,0,2011,34
2011-11-13 00:00:00,"Grêmio","","Palmeiras","",2,2,2011,34
2011-11-13 00:00:00,"Vasco","","Botafogo","",2,0,2011,34
2011-11-13 00:00:00,"São Paulo","","Avaí","",2,0,2011,34
2011-11-16 00:00:00,"Palmeiras","","Vasco","",1,1,2011,35
2011-11-16 00:00:00,"Ceará","","Corinthians","",0,1,2011,35
2011-11-16 00:00:00,"Avaí","","Cruzeiro","",0,0,2011,35
2011-11-16 00:00:00,"Athletico-PR","PR","São Paulo","",1,0,2011,35
2011-11-16 00:00:00,"América-MG","MG","Botafogo","",2,1,2011,35
2011-11-16 00:00:00,"Atlético-MG","MG","Coritiba","",2,1,2011,35
2011-11-16 00:00:00,"Internacional","","Bahia","",1,0,2011,35
2011-11-16 00:00:00,"Fluminense","","Grêmio","",5,4,2011,35
2011-11-16 00:00:00,"Santos","","Atlético-GO","GO",1,1,2011,35
2011-11-16 00:00:00,"Flamengo","","Figueirense","",0,0,2011,35
2011-11-20 00:00:00,"São Paulo","","América-MG","MG",3,1,2011,36
2011-11-20 00:00:00,"Vasco","","Avaí","",2,0,2011,36
2011-11-20 00:00:00,"Grêmio","","Ceará","",1,3,2011,36
2011-11-20 00:00:00,"Corinthians","","Atlético-MG","MG",2,1,2011,36
2011-11-20 00:00:00,"Figueirense","","Fluminense","",0,4,2011,36
2011-11-20 00:00:00,"Coritiba","","Santos","",1,0,2011,36
2011-11-20 00:00:00,"Botafogo","","Internacional","",1,2,2011,36
2011-11-20 00:00:00,"Atlético-GO","GO","Flamengo","",0,0,2011,36
2011-11-20 00:00:00,"Bahia","","Palmeiras","",0,2,2011,36
2011-11-20 00:00:00,"Cruzeiro","","Athletico-PR","PR",1,1,2011,36
2011-11-27 00:00:00,"Ceará","","Cruzeiro","",2,2,2011,37
2011-11-27 00:00:00,"Atlético-MG","MG","Botafogo","",4,0,2011,37
2011-11-27 00:00:00,"Santos","","Bahia","",1,1,2011,37
2011-11-27 00:00:00,"Grêmio","","Atlético-GO","GO",2,2,2011,37
2011-11-27 00:00:00,"Coritiba","","Avaí","",1,0,2011,37
2011-11-27 00:00:00,"Figueirense","","Corinthians","",0,1,2011,37
2011-11-27 00:00:00,"Palmeiras","","São Paulo","",1,0,2011,37
2011-11-27 00:00:00,"Flamengo","","Internacional","",1,0,2011,37
2011-11-27 00:00:00,"América-MG","MG","Athletico-PR","PR",2,1,2011,37
2011-11-27 00:00:00,"Fluminense","","Vasco","",1,2,2011,37
2011-12-04 00:00:00,"Botafogo","","Fluminense","",1,1,2011,38
2011-12-04 00:00:00,"Corinthians","","Palmeiras","",0,0,2011,38
2011-12-04 00:00:00,"Vasco","","Flamengo","",1,1,2011,38
2011-12-04 00:00:00,"Avaí","","Figueirense","",1,1,2011,38
2011-12-04 00:00:00,"Cruzeiro","","Atlético-MG","MG",6,1,2011,38
2011-12-04 00:00:00,"Athletico-PR","PR","Coritiba","",1,0,2011,38
2011-12-04 00:00:00,"Internacional","","Grêmio","",1,0,2011,38
2011-12-04 00:00:00,"Bahia","","Ceará","",2,1,2011,38
2011-12-04 00:00:00,"Atlético-GO","GO","América-MG","MG",5,1,2011,38
2011-12-04 00:00:00,"São Paulo","","Santos","",4,1,2011,38
2012-05-19 00:00:00,"Palmeiras","","Portuguesa","",1,1,2012,1
2012-05-19 00:00:00,"Sport","","Flamengo","",1,1,2012,1
2012-05-19 00:00:00,"Figueirense","","Náutico","",2,1,2012,1
2012-05-20 00:00:00,"Botafogo","","São Paulo","",4,2,2012,1
2012-05-20 00:00:00,"Corinthians","","Fluminense","",0,1,2012,1
2012-05-20 00:00:00,"Internacional","","Coritiba","",2,0,2012,1
2012-05-20 00:00:00,"Ponte Preta","","Atlético-MG","MG",0,1,2012,1
2012-05-20 00:00:00,"Cruzeiro","","Atlético-GO","GO",0,0,2012,1
2012-05-20 00:00:00,"Bahia","","Santos","",0,0,2012,1
2012-05-20 00:00:00,"Vasco","","Grêmio","",2,1,2012,1
2012-05-26 00:00:00,"Atlético-GO","GO","Ponte Preta","",1,1,2012,2
2012-05-26 00:00:00,"Flamengo","","Internacional","",3,3,2012,2
2012-05-26 00:00:00,"Portuguesa","","Vasco","",0,1,2012,2
2012-05-26 00:00:00,"Náutico","","Cruzeiro","",0,0,2012,2
2012-05-27 00:00:00,"Atlético-MG","MG","Corinthians","",1,0,2012,2
2012-05-27 00:00:00,"Coritiba","","Botafogo","",2,3,2012,2
2012-05-27 00:00:00,"Santos","","Sport","",0,0,2012,2
2012-05-27 00:00:00,"São Paulo","","Bahia","",1,0,2012,2
2012-05-27 00:00:00,"Fluminense","","Figueirense","",2,2,2012,2
2012-05-27 00:00:00,"Grêmio","","Palmeiras","",1,0,2012,2
2012-06-06 00:00:00,"Atlético-GO","GO","Grêmio","",0,1,2012,3
2012-06-06 00:00:00,"Sport","","Palmeiras","",2,1,2012,3
2012-06-06 00:00:00,"Vasco","","Náutico","",4,2,2012,3
2012-06-06 00:00:00,"Atlético-MG","MG","Bahia","",1,1,2012,3
2012-06-06 00:00:00,"Coritiba","","Portuguesa","",2,0,2012,3
2012-06-06 00:00:00,"Internacional","","São Paulo","",1,0,2012,3
2012-06-06 00:00:00,"Santos","","Fluminense","",1,1,2012,3
2012-06-06 00:00:00,"Ponte Preta","","Flamengo","",2,2,2012,3
2012-06-07 00:00:00,"Corinthians","","Figueirense","",1,1,2012,3
2012-06-07 00:00:00,"Botafogo","","Cruzeiro","",2,3,2012,3
2012-06-09 00:00:00,"Flamengo","","Coritiba","",3,1,2012,4
2012-06-09 00:00:00,"Portuguesa","","Atlético-GO","GO",2,0,2012,4
2012-06-09 00:00:00,"Palmeiras","","Atlético-MG","MG",0,1,2012,4
2012-06-10 00:00:00,"São Paulo","","Santos","",1,0,2012,4
2012-06-10 00:00:00,"Bahia","","Vasco","",1,2,2012,4
2012-06-10 00:00:00,"Fluminense","","Internacional","",0,0,2012,4
2012-06-10 00:00:00,"Grêmio","","Corinthians","",2,0,2012,4
2012-06-10 00:00:00,"Figueirense","","Ponte Preta","",0,0,2012,4
2012-06-10 00:00:00,"Náutico","","Botafogo","",3,2,2012,4
2012-06-10 00:00:00,"Cruzeiro","","Sport","",1,0,2012,4
2012-06-16 00:00:00,"São Paulo","","Atlético-MG","MG",1,0,2012,5
2012-06-16 00:00:00,"Internacional","","Botafogo","",1,2,2012,5
2012-06-16 00:00:00,"Fluminense","","Portuguesa","",4,1,2012,5
2012-06-16 00:00:00,"Cruzeiro","","Figueirense","",1,0,2012,5
2012-06-17 00:00:00,"Bahia","","Sport","",2,1,2012,5
2012-06-17 00:00:00,"Palmeiras","","Vasco","",1,1,2012,5
2012-06-17 00:00:00,"Flamengo","","Santos","",1,0,2012,5
2012-06-17 00:00:00,"Coritiba","","Atlético-GO","GO",3,0,2012,5
2012-06-17 00:00:00,"Náutico","","Grêmio","",1,0,2012,5
2012-06-17 00:00:00,"Ponte Preta","","Corinthians","",1,0,2012,5
2012-06-23 00:00:00,"Atlético-MG","MG","Náutico","",5,1,2012,6
2012-06-23 00:00:00,"Vasco","","Cruzeiro","",1,3,2012,6
2012-06-23 00:00:00,"Portuguesa","","São Paulo","",1,0,2012,6
2012-06-23 00:00:00,"Sport","","Internacional","",0,2,2012,6
2012-06-24 00:00:00,"Corinthians","","Palmeiras","",2,1,2012,6
2012-06-24 00:00:00,"Grêmio","","Flamengo","",2,0,2012,6
2012-06-24 00:00:00,"Figueirense","","Bahia","",1,1,2012,6
2012-06-24 00:00:00,"Botafogo","","Ponte Preta","",1,2,2012,6
2012-06-24 00:00:00,"Santos","","Coritiba","",2,2,2012,6
2012-06-24 00:00:00,"Atlético-GO","GO","Fluminense","",1,4,2012,6
2012-06-30 00:00:00,"Corinthians","","Botafogo","",1,3,2012,7
2012-06-30 00:00:00,"Cruzeiro","","São Paulo","",2,3,2012,7
2012-06-30 00:00:00,"Vasco","","Ponte Preta","",3,2,2012,7
2012-06-30 00:00:00,"Náutico","","Fluminense","",0,2,2012,7
2012-07-01 00:00:00,"Portuguesa","","Santos","",0,0,2012,7
2012-07-01 00:00:00,"Bahia","","Internacional","",1,1,2012,7
2012-07-01 00:00:00,"Coritiba","","Sport","",2,3,2012,7
2012-07-01 00:00:00,"Palmeiras","","Figueirense","",3,1,2012,7
2012-07-01 00:00:00,"Flamengo","","Atlético-GO","GO",3,2,2012,7
2012-07-01 00:00:00,"Grêmio","","Atlético-MG","MG",0,1,2012,7
2012-07-07 00:00:00,"Botafogo","","Bahia","",3,0,2012,8
2012-07-07 00:00:00,"Internacional","","Cruzeiro","",2,1,2012,8
2012-07-07 00:00:00,"Ponte Preta","","Palmeiras","",1,0,2012,8
2012-07-07 00:00:00,"Atlético-GO","GO","Náutico","",0,1,2012,8
2012-07-08 00:00:00,"Fluminense","","Flamengo","",1,0,2012,8
2012-07-08 00:00:00,"São Paulo","","Coritiba","",3,1,2012,8
2012-07-08 00:00:00,"Santos","","Grêmio","",4,2,2012,8
2012-07-08 00:00:00,"Figueirense","","Vasco","",1,1,2012,8
2012-07-08 00:00:00,"Sport","","Corinthians","",1,1,2012,8
2012-07-08 00:00:00,"Atlético-MG","MG","Portuguesa","",2,0,2012,8
2012-07-14 00:00:00,"Figueirense","","Atlético-MG","MG",3,4,2012,9
2012-07-14 00:00:00,"Corinthians","","Náutico","",2,1,2012,9
2012-07-14 00:00:00,"Ponte Preta","","Coritiba","",4,1,2012,9
2012-07-15 00:00:00,"Cruzeiro","","Grêmio","",1,3,2012,9
2012-07-15 00:00:00,"Internacional","","Santos","",0,0,2012,9
2012-07-15 00:00:00,"Bahia","","Flamengo","",1,2,2012,9
2012-07-15 00:00:00,"Botafogo","","Fluminense","",1,1,2012,9
2012-07-15 00:00:00,"Vasco","","Atlético-GO","GO",1,0,2012,9
2012-07-15 00:00:00,"Palmeiras","","São Paulo","",1,1,2012,9
2012-07-15 00:00:00,"Sport","","Portuguesa","",2,1,2012,9
2012-07-18 00:00:00,"Grêmio","","Sport","",3,1,2012,10
2012-07-18 00:00:00,"Santos","","Botafogo","",0,0,2012,10
2012-07-18 00:00:00,"Náutico","","Ponte Preta","",3,0,2012,10
2012-07-18 00:00:00,"Portuguesa","","Cruzeiro","",0,2,2012,10
2012-07-18 00:00:00,"Atlético-MG","MG","Internacional","",3,1,2012,10
2012-07-18 00:00:00,"São Paulo","","Vasco","",0,1,2012,10
2012-07-18 00:00:00,"Flamengo","","Corinthians","",0,3,2012,10
2012-07-19 00:00:00,"Atlético-GO","GO","Figueirense","",3,2,2012,10
2012-07-19 00:00:00,"Fluminense","","Bahia","",4,0,2012,10
2012-07-19 00:00:00,"Coritiba","","Palmeiras","",1,1,2012,10
2012-07-21 00:00:00,"Sport","","Atlético-MG","MG",1,4,2012,11
2012-07-21 00:00:00,"Vasco","","Santos","",2,0,2012,11
2012-07-21 00:00:00,"Corinthians","","Portuguesa","",1,1,2012,11
2012-07-22 00:00:00,"Palmeiras","","Náutico","",3,0,2012,11
2012-07-22 00:00:00,"Figueirense","","São Paulo","",0,2,2012,11
2012-07-22 00:00:00,"Cruzeiro","","Flamengo","",1,0,2012,11
2012-07-22 00:00:00,"Internacional","","Atlético-GO","GO",4,1,2012,11
2012-07-22 00:00:00,"Bahia","","Coritiba","",2,2,2012,11
2012-07-22 00:00:00,"Botafogo","","Grêmio","",0,1,2012,11
2012-07-22 00:00:00,"Ponte Preta","","Fluminense","",1,2,2012,11
2012-02-25 00:00:00,"Ponte Preta","","Sport","",1,1,2012,12
2012-07-25 00:00:00,"Figueirense","","Internacional","",0,1,2012,12
2012-07-25 00:00:00,"Náutico","","Coritiba","",3,4,2012,12
2012-07-25 00:00:00,"Vasco","","Botafogo","",1,0,2012,12
2012-07-25 00:00:00,"Corinthians","","Cruzeiro","",2,0,2012,12
2012-07-25 00:00:00,"Atlético-GO","GO","São Paulo","",4,3,2012,12
2012-07-25 00:00:00,"Grêmio","","Fluminense","",1,0,2012,12
2012-07-26 00:00:00,"Atlético-MG","MG","Santos","",2,0,2012,12
2012-07-26 00:00:00,"Palmeiras","","Bahia","",0,2,2012,12
2012-07-26 00:00:00,"Flamengo","","Portuguesa","",0,0,2012,12
2012-07-28 00:00:00,"Coritiba","","Grêmio","",2,1,2012,13
2012-07-28 00:00:00,"Internacional","","Vasco","",0,0,2012,13
2012-07-28 00:00:00,"Botafogo","","Figueirense","",1,0,2012,13
2012-07-29 00:00:00,"Sport","","Atlético-GO","GO",0,0,2012,13
2012-07-29 00:00:00,"São Paulo","","Flamengo","",4,1,2012,13
2012-07-29 00:00:00,"Fluminense","","Atlético-MG","MG",0,0,2012,13
2012-07-29 00:00:00,"Cruzeiro","","Palmeiras","",2,1,2012,13
2012-07-29 00:00:00,"Bahia","","Corinthians","",0,0,2012,13
2012-07-29 00:00:00,"Portuguesa","","Náutico","",3,1,2012,13
2012-07-29 00:00:00,"Santos","","Ponte Preta","",2,1,2012,13
2012-09-26 00:00:00,"Flamengo","","Atlético-MG","MG",2,1,2012,14
2012-08-04 00:00:00,"Palmeiras","","Internacional","",0,1,2012,14
2012-08-04 00:00:00,"Atlético-GO","GO","Botafogo","",1,2,2012,14
2012-08-04 00:00:00,"Portuguesa","","Figueirense","",2,0,2012,14
2012-08-05 00:00:00,"Coritiba","","Fluminense","",0,2,2012,14
2012-08-05 00:00:00,"Grêmio","","Bahia","",3,1,2012,14
2012-08-05 00:00:00,"Vasco","","Corinthians","",0,0,2012,14
2012-08-05 00:00:00,"São Paulo","","Sport","",1,0,2012,14
2012-08-05 00:00:00,"Náutico","","Santos","",3,0,2012,14
2012-08-05 00:00:00,"Cruzeiro","","Ponte Preta","",1,2,2012,14
2012-08-08 00:00:00,"Internacional","","Náutico","",0,0,2012,15
2012-08-08 00:00:00,"Figueirense","","Flamengo","",0,2,2012,15
2012-08-08 00:00:00,"Corinthians","","Atlético-GO","GO",1,1,2012,15
2012-08-08 00:00:00,"Bahia","","Portuguesa","",0,0,2012,15
2012-08-08 00:00:00,"Sport","","Vasco","",0,2,2012,15
2012-08-08 00:00:00,"Santos","","Cruzeiro","",4,2,2012,15
2012-08-08 00:00:00,"Botafogo","","Palmeiras","",1,2,2012,15
2012-08-09 00:00:00,"Fluminense","","São Paulo","",2,1,2012,15
2012-08-09 00:00:00,"Atlético-MG","MG","Coritiba","",1,0,2012,15
2012-08-09 00:00:00,"Ponte Preta","","Grêmio","",0,0,2012,15
2012-08-11 00:00:00,"Bahia","","Cruzeiro","",0,1,2012,16
2012-08-11 00:00:00,"Sport","","Figueirense","",0,1,2012,16
2012-08-11 00:00:00,"Flamengo","","Náutico","",2,0,2012,16
2012-08-12 00:00:00,"Coritiba","","Corinthians","",1,2,2012,16
2012-08-12 00:00:00,"Atlético-MG","MG","Vasco","",1,0,2012,16
2012-08-12 00:00:00,"São Paulo","","Grêmio","",1,2,2012,16
2012-08-12 00:00:00,"Internacional","","Ponte Preta","",2,1,2012,16
2012-08-12 00:00:00,"Santos","","Atlético-GO","GO",2,2,2012,16
2012-08-12 00:00:00,"Fluminense","","Palmeiras","",1,0,2012,16
2012-08-12 00:00:00,"Portuguesa","","Botafogo","",1,1,2012,16
2012-08-15 00:00:00,"Cruzeiro","","Fluminense","",1,1,2012,17
2012-08-15 00:00:00,"Grêmio","","Portuguesa","",1,2,2012,17
2012-08-15 00:00:00,"Atlético-GO","GO","Atlético-MG","MG",1,1,2012,17
2012-08-15 00:00:00,"Ponte Preta","","Bahia","",0,2,2012,17
2012-08-15 00:00:00,"Náutico","","São Paulo","",3,0,2012,17
2012-08-15 00:00:00,"Palmeiras","","Flamengo","",1,0,2012,17
2012-08-15 00:00:00,"Botafogo","","Sport","",2,0,2012,17
2012-08-16 00:00:00,"Vasco","","Coritiba","",2,2,2012,17
2012-08-16 00:00:00,"Corinthians","","Internacional","",1,0,2012,17
2012-08-16 00:00:00,"Figueirense","","Santos","",1,3,2012,17
2012-08-18 00:00:00,"Náutico","","Bahia","",1,0,2012,18
2012-08-18 00:00:00,"Fluminense","","Sport","",1,0,2012,18
2012-08-18 00:00:00,"São Paulo","","Ponte Preta","",3,0,2012,18
2012-08-19 00:00:00,"Santos","","Corinthians","",3,2,2012,18
2012-08-19 00:00:00,"Atlético-MG","MG","Botafogo","",3,2,2012,18
2012-08-19 00:00:00,"Coritiba","","Cruzeiro","",4,0,2012,18
2012-08-19 00:00:00,"Grêmio","","Figueirense","",4,0,2012,18
2012-08-19 00:00:00,"Portuguesa","","Internacional","",1,1,2012,18
2012-08-19 00:00:00,"Flamengo","","Vasco","",1,0,2012,18
2012-08-19 00:00:00,"Atlético-GO","GO","Palmeiras","",2,1,2012,18
2012-08-25 00:00:00,"Vasco","","Fluminense","",1,2,2012,19
2012-08-25 00:00:00,"Palmeiras","","Santos","",1,2,2012,19
2012-08-25 00:00:00,"Ponte Preta","","Portuguesa","",2,1,2012,19
2012-08-26 00:00:00,"Figueirense","","Coritiba","",3,1,2012,19
2012-08-26 00:00:00,"Corinthians","","São Paulo","",1,2,2012,19
2012-08-26 00:00:00,"Botafogo","","Flamengo","",0,0,2012,19
2012-08-26 00:00:00,"Internacional","","Grêmio","",0,1,2012,19
2012-08-26 00:00:00,"Cruzeiro","","Atlético-MG","MG",2,2,2012,19
2012-08-26 00:00:00,"Bahia","","Atlético-GO","GO",1,1,2012,19
2012-08-26 00:00:00,"Sport","","Náutico","",0,0,2012,19
2012-08-29 00:00:00,"Flamengo","","Sport","",1,1,2012,20
2012-08-29 00:00:00,"Santos","","Bahia","",1,3,2012,20
2012-08-29 00:00:00,"São Paulo","","Botafogo","",4,0,2012,20
2012-08-29 00:00:00,"Grêmio","","Vasco","",2,0,2012,20
2012-08-29 00:00:00,"Atlético-MG","MG","Ponte Preta","",2,2,2012,20
2012-08-29 00:00:00,"Portuguesa","","Palmeiras","",3,0,2012,20
2012-08-29 00:00:00,"Coritiba","","Internacional","",1,0,2012,20
2012-08-29 00:00:00,"Náutico","","Figueirense","",3,2,2012,20
2012-08-29 00:00:00,"Atlético-GO","GO","Cruzeiro","",0,2,2012,20
2012-08-29 00:00:00,"Fluminense","","Corinthians","",1,1,2012,20
2012-09-02 00:00:00,"Botafogo","","Coritiba","",2,0,2012,21
2012-09-02 00:00:00,"Bahia","","São Paulo","",1,0,2012,21
2012-09-02 00:00:00,"Sport","","Santos","",2,1,2012,21
2012-09-02 00:00:00,"Figueirense","","Fluminense","",2,2,2012,21
2012-09-02 00:00:00,"Ponte Preta","","Atlético-GO","GO",3,1,2012,21
2012-09-02 00:00:00,"Cruzeiro","","Náutico","",3,0,2012,21
2012-09-02 00:00:00,"Internacional","","Flamengo","",4,1,2012,21
2012-09-02 00:00:00,"Corinthians","","Atlético-MG","MG",1,0,2012,21
2012-09-02 00:00:00,"Palmeiras","","Grêmio","",0,0,2012,21
2012-09-02 00:00:00,"Vasco","","Portuguesa","",2,0,2012,21
2012-09-05 00:00:00,"Flamengo","","Ponte Preta","",0,1,2012,22
2012-09-05 00:00:00,"Bahia","","Atlético-MG","MG",0,0,2012,22
2012-09-05 00:00:00,"Figueirense","","Corinthians","",1,0,2012,22
2012-09-05 00:00:00,"Portuguesa","","Coritiba","",3,0,2012,22
2012-09-05 00:00:00,"Cruzeiro","","Botafogo","",1,3,2012,22
2012-09-05 00:00:00,"Grêmio","","Atlético-GO","GO",2,1,2012,22
2012-09-05 00:00:00,"São Paulo","","Internacional","",1,1,2012,22
2012-09-05 00:00:00,"Palmeiras","","Sport","",3,1,2012,22
2012-09-05 00:00:00,"Náutico","","Vasco","",1,1,2012,22
2012-09-06 00:00:00,"Fluminense","","Santos","",3,1,2012,22
2012-09-09 00:00:00,"Ponte Preta","","Figueirense","",2,2,2012,23
2012-09-09 00:00:00,"Botafogo","","Náutico","",3,1,2012,23
2012-09-09 00:00:00,"Sport","","Cruzeiro","",2,1,2012,23
2012-09-09 00:00:00,"Coritiba","","Flamengo","",3,0,2012,23
2012-09-09 00:00:00,"Vasco","","Bahia","",0,4,2012,23
2012-09-09 00:00:00,"Santos","","São Paulo","",0,0,2012,23
2012-09-09 00:00:00,"Corinthians","","Grêmio","",3,1,2012,23
2012-09-09 00:00:00,"Internacional","","Fluminense","",0,1,2012,23
2012-09-09 00:00:00,"Atlético-MG","MG","Palmeiras","",3,0,2012,23
2012-09-09 00:00:00,"Atlético-GO","GO","Portuguesa","",1,1,2012,23
2012-09-12 00:00:00,"Atlético-GO","GO","Coritiba","",1,2,2012,24
2012-09-12 00:00:00,"Figueirense","","Cruzeiro","",2,0,2012,24
2012-09-12 00:00:00,"Sport","","Bahia","",1,1,2012,24
2012-09-12 00:00:00,"Botafogo","","Internacional","",1,1,2012,24
2012-09-12 00:00:00,"Vasco","","Palmeiras","",3,1,2012,24
2012-09-12 00:00:00,"Santos","","Flamengo","",2,0,2012,24
2012-09-12 00:00:00,"Corinthians","","Ponte Preta","",1,1,2012,24
2012-09-12 00:00:00,"Grêmio","","Náutico","",2,0,2012,24
2012-09-12 00:00:00,"Portuguesa","","Fluminense","",0,2,2012,24
2012-09-12 00:00:00,"Atlético-MG","MG","São Paulo","",1,0,2012,24
2012-09-15 00:00:00,"Fluminense","","Atlético-GO","GO",1,2,2012,25
2012-09-16 00:00:00,"Bahia","","Figueirense","",2,1,2012,25
2012-09-16 00:00:00,"Cruzeiro","","Vasco","",1,1,2012,25
2012-09-16 00:00:00,"Flamengo","","Grêmio","",1,1,2012,25
2012-09-16 00:00:00,"Palmeiras","","Corinthians","",0,2,2012,25
2012-09-16 00:00:00,"São Paulo","","Portuguesa","",3,1,2012,25
2012-09-16 00:00:00,"Internacional","","Sport","",2,2,2012,25
2012-09-16 00:00:00,"Ponte Preta","","Botafogo","",0,0,2012,25
2012-09-16 00:00:00,"Coritiba","","Santos","",1,2,2012,25
2012-09-16 00:00:00,"Náutico","","Atlético-MG","MG",1,0,2012,25
2012-09-22 00:00:00,"Figueirense","","Palmeiras","",1,3,2012,26
2012-09-23 00:00:00,"Fluminense","","Náutico","",2,1,2012,26
2012-09-23 00:00:00,"Santos","","Portuguesa","",1,3,2012,26
2012-09-23 00:00:00,"São Paulo","","Cruzeiro","",1,0,2012,26
2012-09-23 00:00:00,"Atlético-GO","GO","Flamengo","",1,2,2012,26
2012-09-23 00:00:00,"Ponte Preta","","Vasco","",0,0,2012,26
2012-09-23 00:00:00,"Botafogo","","Corinthians","",2,2,2012,26
2012-09-23 00:00:00,"Sport","","Coritiba","",1,0,2012,26
2012-09-23 00:00:00,"Atlético-MG","MG","Grêmio","",0,0,2012,26
2012-09-23 00:00:00,"Internacional","","Bahia","",3,1,2012,26
2012-09-29 00:00:00,"Portuguesa","","Atlético-MG","MG",1,1,2012,27
2012-09-30 00:00:00,"Cruzeiro","","Internacional","",0,0,2012,27
2012-09-30 00:00:00,"Náutico","","Atlético-GO","GO",2,0,2012,27
2012-09-30 00:00:00,"Vasco","","Figueirense","",3,1,2012,27
2012-09-30 00:00:00,"Palmeiras","","Ponte Preta","",3,0,2012,27
2012-09-30 00:00:00,"Bahia","","Botafogo","",2,0,2012,27
2012-09-30 00:00:00,"Corinthians","","Sport","",3,0,2012,27
2012-09-30 00:00:00,"Coritiba","","São Paulo","",1,1,2012,27
2012-09-30 00:00:00,"Flamengo","","Fluminense","",0,1,2012,27
2012-09-30 00:00:00,"Grêmio","","Santos","",1,1,2012,27
2012-10-06 00:00:00,"Flamengo","","Bahia","",0,0,2012,28
2012-10-06 00:00:00,"Coritiba","","Ponte Preta","",1,0,2012,28
2012-10-06 00:00:00,"Portuguesa","","Sport","",5,1,2012,28
2012-10-06 00:00:00,"São Paulo","","Palmeiras","",3,0,2012,28
2012-10-06 00:00:00,"Atlético-GO","GO","Vasco","",0,1,2012,28
2012-10-06 00:00:00,"Santos","","Internacional","",1,1,2012,28
2012-10-06 00:00:00,"Náutico","","Corinthians","",2,1,2012,28
2012-10-06 00:00:00,"Grêmio","","Cruzeiro","",2,1,2012,28
2012-10-06 00:00:00,"Fluminense","","Botafogo","",1,0,2012,28
2012-10-06 00:00:00,"Atlético-MG","MG","Figueirense","",6,0,2012,28
2012-10-13 00:00:00,"Bahia","","Fluminense","",0,2,2012,29
2012-10-14 00:00:00,"Figueirense","","Atlético-GO","GO",3,1,2012,29
2012-10-14 00:00:00,"Ponte Preta","","Náutico","",2,1,2012,29
2012-10-14 00:00:00,"Cruzeiro","","Portuguesa","",2,0,2012,29
2012-10-14 00:00:00,"Botafogo","","Santos","",0,2,2012,29
2012-10-14 00:00:00,"Internacional","","Atlético-MG","MG",3,0,2012,29
2012-10-14 00:00:00,"Corinthians","","Flamengo","",3,2,2012,29
2012-10-14 00:00:00,"Vasco","","São Paulo","",0,2,2012,29
2012-10-14 00:00:00,"Palmeiras","","Coritiba","",0,1,2012,29
2012-10-14 00:00:00,"Sport","","Grêmio","",1,3,2012,29
2012-10-17 00:00:00,"Flamengo","","Cruzeiro","",1,1,2012,30
2012-10-17 00:00:00,"Atlético-GO","GO","Internacional","",3,1,2012,30
2012-10-17 00:00:00,"Portuguesa","","Corinthians","",1,1,2012,30
2012-10-17 00:00:00,"São Paulo","","Figueirense","",2,0,2012,30
2012-10-17 00:00:00,"Atlético-MG","MG","Sport","",2,1,2012,30
2012-10-17 00:00:00,"Santos","","Vasco","",2,0,2012,30
2012-10-17 00:00:00,"Coritiba","","Bahia","",2,1,2012,30
2012-10-17 00:00:00,"Náutico","","Palmeiras","",1,0,2012,30
2012-10-17 00:00:00,"Grêmio","","Botafogo","",1,1,2012,30
2012-10-18 00:00:00,"Fluminense","","Ponte Preta","",2,1,2012,30
2012-10-21 00:00:00,"Internacional","","Figueirense","",2,3,2012,31
2012-10-21 00:00:00,"Bahia","","Palmeiras","",0,1,2012,31
2012-10-21 00:00:00,"Fluminense","","Grêmio","",2,2,2012,31
2012-10-21 00:00:00,"Coritiba","","Náutico","",2,1,2012,31
2012-10-21 00:00:00,"Santos","","Atlético-MG","MG",2,2,2012,31
2012-10-21 00:00:00,"Cruzeiro","","Corinthians","",2,0,2012,31
2012-10-21 00:00:00,"Portuguesa","","Flamengo","",0,0,2012,31
2012-10-21 00:00:00,"São Paulo","","Atlético-GO","GO",2,0,2012,31
2012-10-21 00:00:00,"Sport","","Ponte Preta","",3,1,2012,31
2012-10-21 00:00:00,"Botafogo","","Vasco","",3,2,2012,31
2012-10-24 00:00:00,"Palmeiras","","Cruzeiro","",2,0,2012,32
2012-10-24 00:00:00,"Corinthians","","Bahia","",1,1,2012,32
2012-10-24 00:00:00,"Grêmio","","Coritiba","",0,0,2012,32
2012-10-24 00:00:00,"Náutico","","Portuguesa","",0,0,2012,32
2012-10-24 00:00:00,"Atlético-MG","MG","Fluminense","",3,2,2012,32
2012-10-24 00:00:00,"Flamengo","","São Paulo","",1,0,2012,32
2012-10-24 00:00:00,"Ponte Preta","","Santos","",1,0,2012,32
2012-10-24 00:00:00,"Atlético-GO","GO","Sport","",0,1,2012,32
2012-10-24 00:00:00,"Vasco","","Internacional","",1,2,2012,32
2012-10-24 00:00:00,"Figueirense","","Botafogo","",0,2,2012,32
2012-10-27 00:00:00,"Ponte Preta","","Cruzeiro","",1,0,2012,33
2012-10-27 00:00:00,"Santos","","Náutico","",0,0,2012,33
2012-10-27 00:00:00,"Fluminense","","Coritiba","",2,1,2012,33
2012-10-27 00:00:00,"Corinthians","","Vasco","",1,0,2012,33
2012-10-27 00:00:00,"Internacional","","Palmeiras","",2,1,2012,33
2012-10-27 00:00:00,"Bahia","","Grêmio","",1,1,2012,33
2012-10-27 00:00:00,"Sport","","São Paulo","",2,4,2012,33
2012-10-27 00:00:00,"Figueirense","","Portuguesa","",0,0,2012,33
2012-10-27 00:00:00,"Botafogo","","Atlético-GO","GO",4,0,2012,33
2012-10-27 00:00:00,"Atlético-MG","MG","Flamengo","",1,1,2012,33
2012-11-04 00:00:00,"Cruzeiro","","Santos","",0,4,2012,34
2012-11-04 00:00:00,"Grêmio","","Ponte Preta","",1,0,2012,34
2012-11-04 00:00:00,"Flamengo","","Figueirense","",1,0,2012,34
2012-11-04 00:00:00,"Atlético-GO","GO","Corinthians","",0,2,2012,34
2012-11-04 00:00:00,"São Paulo","","Fluminense","",1,1,2012,34
2012-11-04 00:00:00,"Palmeiras","","Botafogo","",2,2,2012,34
2012-11-04 00:00:00,"Vasco","","Sport","",0,3,2012,34
2012-11-04 00:00:00,"Portuguesa","","Bahia","",0,1,2012,34
2012-11-04 00:00:00,"Coritiba","","Atlético-MG","MG",1,0,2012,34
2012-11-04 00:00:00,"Náutico","","Internacional","",3,0,2012,34
2012-11-11 00:00:00,"Botafogo","","Portuguesa","",3,0,2012,35
2012-11-11 00:00:00,"Atlético-GO","GO","Santos","",2,1,2012,35
2012-11-11 00:00:00,"Corinthians","","Coritiba","",5,1,2012,35
2012-11-11 00:00:00,"Palmeiras","","Fluminense","",2,3,2012,35
2012-11-11 00:00:00,"Grêmio","","São Paulo","",2,1,2012,35
2012-11-11 00:00:00,"Vasco","","Atlético-MG","MG",1,1,2012,35
2012-11-11 00:00:00,"Cruzeiro","","Bahia","",3,1,2012,35
2012-11-11 00:00:00,"Ponte Preta","","Internacional","",1,0,2012,35
2012-11-11 00:00:00,"Figueirense","","Sport","",1,1,2012,35
2012-11-11 00:00:00,"Náutico","","Flamengo","",0,1,2012,35
2012-11-18 00:00:00,"Coritiba","","Vasco","",1,2,2012,36
2012-11-18 00:00:00,"Santos","","Figueirense","",2,0,2012,36
2012-11-18 00:00:00,"Fluminense","","Cruzeiro","",0,2,2012,36
2012-11-18 00:00:00,"Bahia","","Ponte Preta","",1,0,2012,36
2012-11-18 00:00:00,"Flamengo","","Palmeiras","",1,1,2012,36
2012-11-18 00:00:00,"Atlético-MG","MG","Atlético-GO","GO",2,2,2012,36
2012-11-18 00:00:00,"São Paulo","","Náutico","",2,1,2012,36
2012-11-18 00:00:00,"Portuguesa","","Grêmio","",2,2,2012,36
2012-11-18 00:00:00,"Internacional","","Corinthians","",0,2,2012,36
2012-11-18 00:00:00,"Sport","","Botafogo","",2,0,2012,36
2012-11-25 00:00:00,"Corinthians","","Santos","",1,1,2012,37
2012-11-25 00:00:00,"Vasco","","Flamengo","",1,1,2012,37
2012-11-25 00:00:00,"Bahia","","Náutico","",1,1,2012,37
2012-11-25 00:00:00,"Botafogo","","Atlético-MG","MG",2,3,2012,37
2012-11-25 00:00:00,"Cruzeiro","","Coritiba","",2,1,2012,37
2012-11-25 00:00:00,"Figueirense","","Grêmio","",2,4,2012,37
2012-11-25 00:00:00,"Internacional","","Portuguesa","",0,2,2012,37
2012-11-25 00:00:00,"Palmeiras","","Atlético-GO","GO",1,2,2012,37
2012-11-25 00:00:00,"Ponte Preta","","São Paulo","",0,0,2012,37
2012-11-25 00:00:00,"Sport","","Fluminense","",1,1,2012,37
2012-12-02 00:00:00,"Flamengo","","Botafogo","",2,2,2012,38
2012-12-02 00:00:00,"Santos","","Palmeiras","",3,1,2012,38
2012-12-02 00:00:00,"Atlético-GO","GO","Bahia","",0,1,2012,38
2012-12-02 00:00:00,"Atlético-MG","MG","Cruzeiro","",3,2,2012,38
2012-12-02 00:00:00,"Coritiba","","Figueirense","",3,0,2012,38
2012-12-02 00:00:00,"Fluminense","","Vasco","",1,2,2012,38
2012-12-02 00:00:00,"Grêmio","","Internacional","",0,0,2012,38
2012-12-02 00:00:00,"Náutico","","Sport","",1,0,2012,38
2012-12-02 00:00:00,"Portuguesa","","Ponte Preta","",0,0,2012,38
2012-12-02 00:00:00,"São Paulo","","Corinthians","",3,1,2012,38
2013-05-25 00:00:00,"Vasco","","Portuguesa","",1,0,2013,1
2013-05-25 00:00:00,"Vitória","","Internacional","",2,2,2013,1
2013-05-25 00:00:00,"Corinthians","","Botafogo","",1,1,2013,1
2013-05-26 00:00:00,"Grêmio","","Náutico","",2,0,2013,1
2013-05-26 00:00:00,"Ponte Preta","","São Paulo","",0,2,2013,1
2013-05-26 00:00:00,"Criciúma","","Bahia","",3,1,2013,1
2013-05-26 00:00:00,"Santos","","Flamengo","",0,0,2013,1
2013-05-26 00:00:00,"Fluminense","","Athletico-PR","PR",2,1,2013,1
2013-05-26 00:00:00,"Cruzeiro","","Goiás","",5,0,2013,1
2013-05-26 00:00:00,"Coritiba","","Atlético-MG","MG",2,1,2013,1
2013-05-29 00:00:00,"Athletico-PR","PR","Cruzeiro","",2,2,2013,2
2013-05-29 00:00:00,"Botafogo","","Santos","",2,1,2013,2
2013-05-29 00:00:00,"São Paulo","","Vasco","",5,1,2013,2
2013-05-29 00:00:00,"Bahia","","Coritiba","",0,0,2013,2
2013-05-29 00:00:00,"Náutico","","Vitória","",0,3,2013,2
2013-05-29 00:00:00,"Flamengo","","Ponte Preta","",0,2,2013,2
2013-05-29 00:00:00,"Goiás","","Corinthians","",1,1,2013,2
2013-05-30 00:00:00,"Internacional","","Criciúma","",2,0,2013,2
2013-06-09 00:00:00,"Atlético-MG","MG","Grêmio","",2,0,2013,2
2013-06-12 00:00:00,"Portuguesa","","Fluminense","",2,1,2013,2
2013-06-01 00:00:00,"Botafogo","","Cruzeiro","",2,1,2013,3
2013-06-01 00:00:00,"Santos","","Grêmio","",1,1,2013,3
2013-06-01 00:00:00,"Athletico-PR","PR","Flamengo","",2,2,2013,3
2013-06-01 00:00:00,"Goiás","","Coritiba","",1,1,2013,3
2013-06-01 00:00:00,"Vitória","","Vasco","",2,0,2013,3
2013-06-01 00:00:00,"Corinthians","","Ponte Preta","",1,0,2013,3
2013-06-02 00:00:00,"Atlético-MG","MG","São Paulo","",0,0,2013,3
2013-06-02 00:00:00,"Fluminense","","Criciúma","",3,0,2013,3
2013-06-02 00:00:00,"Internacional","","Bahia","",1,2,2013,3
2013-06-02 00:00:00,"Náutico","","Portuguesa","",2,2,2013,3
2013-06-05 00:00:00,"São Paulo","","Goiás","",0,1,2013,4
2013-06-05 00:00:00,"Criciúma","","Santos","",3,1,2013,4
2013-06-05 00:00:00,"Portuguesa","","Internacional","",1,1,2013,4
2013-06-05 00:00:00,"Grêmio","","Vitória","",1,0,2013,4
2013-06-05 00:00:00,"Ponte Preta","","Athletico-PR","PR",3,4,2013,4
2013-06-05 00:00:00,"Vasco","","Atlético-MG","MG",2,0,2013,4
2013-06-05 00:00:00,"Flamengo","","Náutico","",0,1,2013,4
2013-06-05 00:00:00,"Bahia","","Botafogo","",2,1,2013,4
2013-06-05 00:00:00,"Cruzeiro","","Corinthians","",1,0,2013,4
2013-06-06 00:00:00,"Coritiba","","Fluminense","",2,1,2013,4
2013-06-08 00:00:00,"Criciúma","","Flamengo","",0,3,2013,5
2013-06-08 00:00:00,"Cruzeiro","","Internacional","",2,2,2013,5
2013-06-08 00:00:00,"Corinthians","","Portuguesa","",0,0,2013,5
2013-06-08 00:00:00,"Vasco","","Bahia","",1,1,2013,5
2013-06-08 00:00:00,"Ponte Preta","","Botafogo","",0,2,2013,5
2013-06-08 00:00:00,"Vitória","","Athletico-PR","PR",3,2,2013,5
2013-06-09 00:00:00,"Coritiba","","Náutico","",1,0,2013,5
2013-06-09 00:00:00,"Fluminense","","Goiás","",2,1,2013,5
2013-06-12 00:00:00,"Santos","","Atlético-MG","MG",1,0,2013,5
2013-06-12 00:00:00,"Grêmio","","São Paulo","",1,1,2013,5
2013-07-06 00:00:00,"Náutico","","Ponte Preta","",1,3,2013,6
2013-07-06 00:00:00,"Athletico-PR","PR","Grêmio","",1,1,2013,6
2013-07-06 00:00:00,"Flamengo","","Coritiba","",2,2,2013,6
2013-07-06 00:00:00,"Portuguesa","","Cruzeiro","",1,1,2013,6
2013-07-07 00:00:00,"São Paulo","","Santos","",0,2,2013,6
2013-07-07 00:00:00,"Bahia","","Corinthians","",0,2,2013,6
2013-07-07 00:00:00,"Internacional","","Vasco","",5,3,2013,6
2013-07-07 00:00:00,"Goiás","","Vitória","",1,0,2013,6
2013-07-07 00:00:00,"Botafogo","","Fluminense","",1,0,2013,6
2013-07-07 00:00:00,"Atlético-MG","MG","Criciúma","",3,2,2013,6
2013-07-13 00:00:00,"Fluminense","","Internacional","",2,3,2013,7
2013-07-13 00:00:00,"Santos","","Portuguesa","",4,1,2013,7
2013-07-13 00:00:00,"Ponte Preta","","Bahia","",0,0,2013,7
2013-07-14 00:00:00,"Corinthians","","Atlético-MG","MG",0,1,2013,7
2013-07-14 00:00:00,"Vitória","","São Paulo","",3,2,2013,7
2013-07-14 00:00:00,"Grêmio","","Botafogo","",2,1,2013,7
2013-07-14 00:00:00,"Coritiba","","Athletico-PR","PR",1,0,2013,7
2013-07-14 00:00:00,"Vasco","","Flamengo","",0,1,2013,7
2013-07-14 00:00:00,"Criciúma","","Goiás","",0,0,2013,7
2013-07-14 00:00:00,"Cruzeiro","","Náutico","",3,0,2013,7
2013-07-20 00:00:00,"São Paulo","","Cruzeiro","",0,3,2013,8
2013-07-20 00:00:00,"Criciúma","","Grêmio","",2,1,2013,8
2013-07-20 00:00:00,"Botafogo","","Náutico","",2,0,2013,8
2013-07-21 00:00:00,"Vitória","","Bahia","",0,0,2013,8
2013-07-21 00:00:00,"Internacional","","Flamengo","",1,0,2013,8
2013-07-21 00:00:00,"Athletico-PR","PR","Corinthians","",1,1,2013,8
2013-07-21 00:00:00,"Santos","","Coritiba","",2,2,2013,8
2013-07-21 00:00:00,"Fluminense","","Vasco","",1,3,2013,8
2013-07-21 00:00:00,"Goiás","","Portuguesa","",2,1,2013,8
2013-10-03 00:00:00,"Atlético-MG","MG","Ponte Preta","",4,0,2013,8
2013-07-27 00:00:00,"Vasco","","Criciúma","",3,2,2013,9
2013-07-27 00:00:00,"Portuguesa","","Athletico-PR","PR",2,3,2013,9
2013-07-27 00:00:00,"Ponte Preta","","Santos","",1,0,2013,9
2013-07-28 00:00:00,"Corinthians","","São Paulo","",0,0,2013,9
2013-07-28 00:00:00,"Grêmio","","Fluminense","",2,0,2013,9
2013-07-28 00:00:00,"Náutico","","Internacional","",3,0,2013,9
2013-07-28 00:00:00,"Cruzeiro","","Atlético-MG","MG",4,1,2013,9
2013-07-28 00:00:00,"Flamengo","","Botafogo","",1,1,2013,9
2013-07-28 00:00:00,"Bahia","","Goiás","",2,1,2013,9
2013-07-28 00:00:00,"Coritiba","","Vitória","",1,1,2013,9
2013-07-31 00:00:00,"Fluminense","","Cruzeiro","",1,0,2013,10
2013-07-31 00:00:00,"Atlético-MG","MG","Athletico-PR","PR",1,2,2013,10
2013-07-31 00:00:00,"Portuguesa","","Criciúma","",1,1,2013,10
2013-07-31 00:00:00,"Coritiba","","Ponte Preta","",5,3,2013,10
2013-07-31 00:00:00,"Corinthians","","Grêmio","",2,0,2013,10
2013-07-31 00:00:00,"Bahia","","Flamengo","",3,0,2013,10
2013-08-01 00:00:00,"Botafogo","","Vitória","",2,0,2013,10
2013-08-01 00:00:00,"Goiás","","Vasco","",1,1,2013,10
2013-09-03 00:00:00,"Náutico","","São Paulo","",0,1,2013,10
2013-09-10 00:00:00,"Internacional","","Santos","",1,2,2013,10
2013-07-10 00:00:00,"São Paulo","","Bahia","",1,2,2013,11
2013-08-03 00:00:00,"Cruzeiro","","Coritiba","",1,0,2013,11
2013-08-04 00:00:00,"Flamengo","","Atlético-MG","MG",3,0,2013,11
2013-08-04 00:00:00,"Ponte Preta","","Fluminense","",1,1,2013,11
2013-08-04 00:00:00,"Criciúma","","Corinthians","",0,2,2013,11
2013-08-04 00:00:00,"Athletico-PR","PR","Goiás","",2,0,2013,11
2013-08-04 00:00:00,"Vasco","","Botafogo","",2,3,2013,11
2013-08-04 00:00:00,"Vitória","","Portuguesa","",2,1,2013,11
2013-08-04 00:00:00,"Grêmio","","Internacional","",1,1,2013,11
2013-09-25 00:00:00,"Santos","","Náutico","",1,1,2013,11
2013-07-24 00:00:00,"São Paulo","","Internacional","",0,1,2013,12
2013-08-07 00:00:00,"Vitória","","Fluminense","",1,1,2013,12
2013-08-07 00:00:00,"Criciúma","","Cruzeiro","",1,2,2013,12
2013-08-07 00:00:00,"Flamengo","","Portuguesa","",1,1,2013,12
2013-08-07 00:00:00,"Athletico-PR","PR","Bahia","",1,0,2013,12
2013-08-07 00:00:00,"Goiás","","Náutico","",2,1,2013,12
2013-08-07 00:00:00,"Atlético-MG","MG","Botafogo","",2,2,2013,12
2013-08-07 00:00:00,"Santos","","Corinthians","",1,1,2013,12
2013-08-08 00:00:00,"Grêmio","","Coritiba","",0,1,2013,12
2013-08-08 00:00:00,"Vasco","","Ponte Preta","",1,1,2013,12
2013-08-10 00:00:00,"Botafogo","","Goiás","",1,1,2013,13
2013-08-10 00:00:00,"Náutico","","Atlético-MG","MG",0,0,2013,13
2013-08-11 00:00:00,"Coritiba","","Vasco","",0,1,2013,13
2013-08-11 00:00:00,"Fluminense","","Flamengo","",2,3,2013,13
2013-08-11 00:00:00,"Corinthians","","Vitória","",2,0,2013,13
2013-08-11 00:00:00,"Cruzeiro","","Santos","",0,0,2013,13
2013-08-11 00:00:00,"Portuguesa","","São Paulo","",2,1,2013,13
2013-08-11 00:00:00,"Bahia","","Grêmio","",0,3,2013,13
2013-08-11 00:00:00,"Internacional","","Athletico-PR","PR",2,2,2013,13
2013-08-11 00:00:00,"Ponte Preta","","Criciúma","",3,1,2013,13
2013-08-14 00:00:00,"Atlético-MG","MG","Bahia","",2,0,2013,14
2013-08-14 00:00:00,"Santos","","Vasco","",1,1,2013,14
2013-08-14 00:00:00,"Coritiba","","Portuguesa","",1,1,2013,14
2013-08-14 00:00:00,"Vitória","","Ponte Preta","",3,1,2013,14
2013-08-14 00:00:00,"Fluminense","","Corinthians","",0,0,2013,14
2013-08-14 00:00:00,"Grêmio","","Cruzeiro","",3,1,2013,14
2013-08-14 00:00:00,"Goiás","","Flamengo","",1,1,2013,14
2013-08-14 00:00:00,"Criciúma","","Náutico","",3,0,2013,14
2013-08-14 00:00:00,"São Paulo","","Athletico-PR","PR",1,1,2013,14
2013-08-14 00:00:00,"Botafogo","","Internacional","",3,3,2013,14
2013-08-17 00:00:00,"Náutico","","Fluminense","",0,1,2013,15
2013-08-17 00:00:00,"Cruzeiro","","Vitória","",5,1,2013,15
2013-08-17 00:00:00,"Vasco","","Grêmio","",2,3,2013,15
2013-08-18 00:00:00,"Flamengo","","São Paulo","",0,0,2013,15
2013-08-18 00:00:00,"Corinthians","","Coritiba","",1,0,2013,15
2013-08-18 00:00:00,"Portuguesa","","Botafogo","",1,3,2013,15
2013-08-18 00:00:00,"Ponte Preta","","Goiás","",0,1,2013,15
2013-08-18 00:00:00,"Internacional","","Atlético-MG","MG",0,0,2013,15
2013-08-18 00:00:00,"Athletico-PR","PR","Criciúma","",2,1,2013,15
2013-08-18 00:00:00,"Bahia","","Santos","",0,0,2013,15
2013-08-24 00:00:00,"Ponte Preta","","Cruzeiro","",0,2,2013,16
2013-08-24 00:00:00,"Flamengo","","Grêmio","",0,1,2013,16
2013-08-24 00:00:00,"Santos","","Vitória","",2,0,2013,16
2013-08-24 00:00:00,"Criciúma","","Coritiba","",2,1,2013,16
2013-08-25 00:00:00,"São Paulo","","Fluminense","",2,1,2013,16
2013-08-25 00:00:00,"Bahia","","Náutico","",2,0,2013,16
2013-08-25 00:00:00,"Vasco","","Corinthians","",1,1,2013,16
2013-08-25 00:00:00,"Atlético-MG","MG","Portuguesa","",2,1,2013,16
2013-08-25 00:00:00,"Internacional","","Goiás","",3,3,2013,16
2013-08-25 00:00:00,"Athletico-PR","PR","Botafogo","",2,0,2013,16
2013-08-31 00:00:00,"Grêmio","","Ponte Preta","",1,0,2013,17
2013-08-31 00:00:00,"Goiás","","Atlético-MG","MG",0,0,2013,17
2013-08-31 00:00:00,"Portuguesa","","Bahia","",4,2,2013,17
2013-08-31 00:00:00,"Náutico","","Athletico-PR","PR",1,4,2013,17
2013-08-31 00:00:00,"Fluminense","","Santos","",0,2,2013,17
2013-09-01 00:00:00,"Coritiba","","Internacional","",0,0,2013,17
2013-09-01 00:00:00,"Corinthians","","Flamengo","",4,0,2013,17
2013-09-01 00:00:00,"Botafogo","","São Paulo","",0,0,2013,17
2013-09-01 00:00:00,"Vitória","","Criciúma","",0,1,2013,17
2013-09-01 00:00:00,"Cruzeiro","","Vasco","",5,3,2013,17
2013-09-03 00:00:00,"Goiás","","Grêmio","",2,0,2013,18
2013-09-04 00:00:00,"Flamengo","","Vitória","",2,1,2013,18
2013-09-04 00:00:00,"Athletico-PR","PR","Santos","",2,1,2013,18
2013-09-04 00:00:00,"Portuguesa","","Ponte Preta","",2,1,2013,18
2013-09-04 00:00:00,"Internacional","","Corinthians","",1,0,2013,18
2013-09-04 00:00:00,"Atlético-MG","MG","Fluminense","",2,2,2013,18
2013-09-04 00:00:00,"Bahia","","Cruzeiro","",1,3,2013,18
2013-09-05 00:00:00,"Botafogo","","Coritiba","",3,1,2013,18
2013-09-05 00:00:00,"Náutico","","Vasco","",0,3,2013,18
2013-09-05 00:00:00,"São Paulo","","Criciúma","",1,2,2013,18
2013-09-07 00:00:00,"Ponte Preta","","Internacional","",1,3,2013,19
2013-09-07 00:00:00,"Santos","","Goiás","",1,0,2013,19
2013-09-07 00:00:00,"Vitória","","Atlético-MG","MG",1,1,2013,19
2013-09-07 00:00:00,"Fluminense","","Bahia","",1,0,2013,19
2013-09-07 00:00:00,"Grêmio","","Portuguesa","",3,2,2013,19
2013-09-08 00:00:00,"Corinthians","","Náutico","",0,0,2013,19
2013-09-08 00:00:00,"Coritiba","","São Paulo","",2,0,2013,19
2013-09-08 00:00:00,"Cruzeiro","","Flamengo","",1,0,2013,19
2013-09-08 00:00:00,"Criciúma","","Botafogo","",1,2,2013,19
2013-09-08 00:00:00,"Vasco","","Athletico-PR","PR",0,0,2013,19
2013-09-11 00:00:00,"Athletico-PR","PR","Fluminense","",1,1,2013,20
2013-09-11 00:00:00,"Bahia","","Criciúma","",2,2,2013,20
2013-09-11 00:00:00,"Goiás","","Cruzeiro","",1,2,2013,20
2013-09-11 00:00:00,"Botafogo","","Corinthians","",1,0,2013,20
2013-09-11 00:00:00,"Portuguesa","","Vasco","",2,0,2013,20
2013-09-11 00:00:00,"Náutico","","Grêmio","",0,2,2013,20
2013-09-12 00:00:00,"Internacional","","Vitória","",2,2,2013,20
2013-09-12 00:00:00,"Flamengo","","Santos","",2,1,2013,20
2013-09-12 00:00:00,"São Paulo","","Ponte Preta","",1,0,2013,20
2013-09-12 00:00:00,"Atlético-MG","MG","Coritiba","",3,0,2013,20
2013-09-14 00:00:00,"Cruzeiro","","Athletico-PR","PR",1,0,2013,21
2013-09-14 00:00:00,"Fluminense","","Portuguesa","",2,1,2013,21
2013-09-15 00:00:00,"Vasco","","São Paulo","",0,2,2013,21
2013-09-15 00:00:00,"Ponte Preta","","Flamengo","",1,1,2013,21
2013-09-15 00:00:00,"Criciúma","","Internacional","",0,1,2013,21
2013-09-15 00:00:00,"Corinthians","","Goiás","",1,2,2013,21
2013-09-15 00:00:00,"Coritiba","","Bahia","",2,2,2013,21
2013-09-15 00:00:00,"Vitória","","Náutico","",2,1,2013,21
2013-09-15 00:00:00,"Grêmio","","Atlético-MG","MG",0,1,2013,21
2013-09-15 00:00:00,"Santos","","Botafogo","",1,2,2013,21
2013-09-18 00:00:00,"Vasco","","Vitória","",1,2,2013,22
2013-09-18 00:00:00,"Grêmio","","Santos","",1,1,2013,22
2013-09-18 00:00:00,"Criciúma","","Fluminense","",1,2,2013,22
2013-09-18 00:00:00,"Coritiba","","Goiás","",2,2,2013,22
2013-09-18 00:00:00,"Cruzeiro","","Botafogo","",3,0,2013,22
2013-09-18 00:00:00,"São Paulo","","Atlético-MG","MG",1,0,2013,22
2013-09-18 00:00:00,"Ponte Preta","","Corinthians","",2,0,2013,22
2013-09-19 00:00:00,"Flamengo","","Athletico-PR","PR",2,4,2013,22
2013-09-19 00:00:00,"Bahia","","Internacional","",2,0,2013,22
2013-09-19 00:00:00,"Portuguesa","","Náutico","",3,0,2013,22
2013-09-21 00:00:00,"Fluminense","","Coritiba","",1,1,2013,23
2013-09-21 00:00:00,"Vitória","","Grêmio","",0,0,2013,23
2013-09-22 00:00:00,"Botafogo","","Bahia","",1,2,2013,23
2013-09-22 00:00:00,"Corinthians","","Cruzeiro","",0,0,2013,23
2013-09-22 00:00:00,"Internacional","","Portuguesa","",0,1,2013,23
2013-09-22 00:00:00,"Goiás","","São Paulo","",1,0,2013,23
2013-09-22 00:00:00,"Náutico","","Flamengo","",0,0,2013,23
2013-09-22 00:00:00,"Atlético-MG","MG","Vasco","",2,1,2013,23
2013-09-22 00:00:00,"Athletico-PR","PR","Ponte Preta","",1,0,2013,23
2013-09-22 00:00:00,"Santos","","Criciúma","",2,1,2013,23
2013-09-28 00:00:00,"Náutico","","Coritiba","",3,0,2013,24
2013-09-28 00:00:00,"Goiás","","Fluminense","",1,2,2013,24
2013-09-28 00:00:00,"Botafogo","","Ponte Preta","",0,1,2013,24
2013-09-29 00:00:00,"Portuguesa","","Corinthians","",4,0,2013,24
2013-09-29 00:00:00,"Flamengo","","Criciúma","",4,1,2013,24
2013-09-29 00:00:00,"Bahia","","Vasco","",0,0,2013,24
2013-09-29 00:00:00,"São Paulo","","Grêmio","",0,1,2013,24
2013-09-29 00:00:00,"Atlético-MG","MG","Santos","",3,1,2013,24
2013-09-29 00:00:00,"Internacional","","Cruzeiro","",1,2,2013,24
2013-09-29 00:00:00,"Athletico-PR","PR","Vitória","",3,5,2013,24
2013-09-25 00:00:00,"Criciúma","","Atlético-MG","MG",1,1,2013,25
2013-10-01 00:00:00,"Ponte Preta","","Náutico","",1,2,2013,25
2013-10-02 00:00:00,"Grêmio","","Athletico-PR","PR",1,0,2013,25
2013-10-02 00:00:00,"Cruzeiro","","Portuguesa","",4,0,2013,25
2013-10-02 00:00:00,"Vitória","","Goiás","",2,1,2013,25
2013-10-02 00:00:00,"Fluminense","","Botafogo","",1,1,2013,25
2013-10-02 00:00:00,"Corinthians","","Bahia","",2,0,2013,25
2013-10-02 00:00:00,"Santos","","São Paulo","",3,0,2013,25
2013-10-02 00:00:00,"Coritiba","","Flamengo","",0,2,2013,25
2013-10-03 00:00:00,"Vasco","","Internacional","",3,1,2013,25
2013-10-05 00:00:00,"Botafogo","","Grêmio","",0,1,2013,26
2013-10-05 00:00:00,"São Paulo","","Vitória","",3,2,2013,26
2013-10-06 00:00:00,"Internacional","","Fluminense","",1,0,2013,26
2013-10-06 00:00:00,"Náutico","","Cruzeiro","",1,4,2013,26
2013-10-06 00:00:00,"Atlético-MG","MG","Corinthians","",0,0,2013,26
2013-10-06 00:00:00,"Athletico-PR","PR","Coritiba","",2,1,2013,26
2013-10-06 00:00:00,"Flamengo","","Vasco","",1,1,2013,26
2013-10-06 00:00:00,"Bahia","","Ponte Preta","",1,1,2013,26
2013-10-06 00:00:00,"Goiás","","Criciúma","",1,1,2013,26
2013-10-06 00:00:00,"Portuguesa","","Santos","",3,0,2013,26
2013-10-09 00:00:00,"Grêmio","","Criciúma","",1,2,2013,27
2013-10-09 00:00:00,"Coritiba","","Santos","",1,0,2013,27
2013-10-09 00:00:00,"Vasco","","Fluminense","",1,0,2013,27
2013-10-09 00:00:00,"Bahia","","Vitória","",2,0,2013,27
2013-10-09 00:00:00,"Ponte Preta","","Atlético-MG","MG",2,0,2013,27
2013-10-09 00:00:00,"Corinthians","","Athletico-PR","PR",0,0,2013,27
2013-10-09 00:00:00,"Náutico","","Botafogo","",1,3,2013,27
2013-10-09 00:00:00,"Cruzeiro","","São Paulo","",0,2,2013,27
2013-10-10 00:00:00,"Portuguesa","","Goiás","",1,2,2013,27
2013-10-10 00:00:00,"Flamengo","","Internacional","",2,1,2013,27
2013-10-12 00:00:00,"Vitória","","Coritiba","",2,1,2013,28
2013-10-12 00:00:00,"Fluminense","","Grêmio","",1,1,2013,28
2013-10-12 00:00:00,"Santos","","Ponte Preta","",2,1,2013,28
2013-10-13 00:00:00,"Botafogo","","Flamengo","",2,1,2013,28
2013-10-13 00:00:00,"Internacional","","Náutico","",4,1,2013,28
2013-10-13 00:00:00,"Atlético-MG","MG","Cruzeiro","",1,0,2013,28
2013-10-13 00:00:00,"São Paulo","","Corinthians","",0,0,2013,28
2013-10-13 00:00:00,"Goiás","","Bahia","",3,1,2013,28
2013-10-13 00:00:00,"Athletico-PR","PR","Portuguesa","",1,0,2013,28
2013-10-13 00:00:00,"Criciúma","","Vasco","",3,2,2013,28
2013-10-16 00:00:00,"Athletico-PR","PR","Atlético-MG","MG",1,0,2013,29
2013-10-16 00:00:00,"Santos","","Internacional","",0,0,2013,29
2013-10-16 00:00:00,"São Paulo","","Náutico","",3,0,2013,29
2013-10-16 00:00:00,"Ponte Preta","","Coritiba","",1,0,2013,29
2013-10-16 00:00:00,"Criciúma","","Portuguesa","",1,3,2013,29
2013-10-16 00:00:00,"Flamengo","","Bahia","",2,1,2013,29
2013-10-16 00:00:00,"Grêmio","","Corinthians","",1,0,2013,29
2013-10-16 00:00:00,"Cruzeiro","","Fluminense","",1,0,2013,29
2013-10-17 00:00:00,"Vasco","","Goiás","",0,2,2013,29
2013-10-17 00:00:00,"Vitória","","Botafogo","",1,0,2013,29
2013-10-19 00:00:00,"Náutico","","Santos","",1,5,2013,30
2013-10-19 00:00:00,"Fluminense","","Ponte Preta","",1,1,2013,30
2013-10-19 00:00:00,"Corinthians","","Criciúma","",1,0,2013,30
2013-10-20 00:00:00,"Bahia","","São Paulo","",0,1,2013,30
2013-10-20 00:00:00,"Internacional","","Grêmio","",2,2,2013,30
2013-10-20 00:00:00,"Goiás","","Athletico-PR","PR",3,0,2013,30
2013-10-20 00:00:00,"Atlético-MG","MG","Flamengo","",1,0,2013,30
2013-10-20 00:00:00,"Botafogo","","Vasco","",2,2,2013,30
2013-10-20 00:00:00,"Coritiba","","Cruzeiro","",2,1,2013,30
2013-10-20 00:00:00,"Portuguesa","","Vitória","",1,1,2013,30
2013-10-26 00:00:00,"Cruzeiro","","Criciúma","",5,3,2013,31
2013-10-26 00:00:00,"Botafogo","","Atlético-MG","MG",1,0,2013,31
2013-10-27 00:00:00,"Fluminense","","Vitória","",2,3,2013,31
2013-10-27 00:00:00,"Corinthians","","Santos","",1,1,2013,31
2013-10-27 00:00:00,"Bahia","","Athletico-PR","PR",1,1,2013,31
2013-10-27 00:00:00,"Internacional","","São Paulo","",2,3,2013,31
2013-10-27 00:00:00,"Ponte Preta","","Vasco","",2,1,2013,31
2013-10-27 00:00:00,"Náutico","","Goiás","",0,2,2013,31
2013-10-27 00:00:00,"Coritiba","","Grêmio","",4,0,2013,31
2013-10-27 00:00:00,"Portuguesa","","Flamengo","",0,0,2013,31
2013-10-02 00:00:00,"Vasco","","Coritiba","",2,1,2013,32
2013-10-02 00:00:00,"Atlético-MG","MG","Náutico","",5,0,2013,32
2013-10-02 00:00:00,"São Paulo","","Portuguesa","",2,1,2013,32
2013-11-03 00:00:00,"Vitória","","Corinthians","",1,1,2013,32
2013-11-03 00:00:00,"Grêmio","","Bahia","",0,0,2013,32
2013-11-03 00:00:00,"Goiás","","Botafogo","",1,0,2013,32
2013-11-03 00:00:00,"Criciúma","","Ponte Preta","",1,1,2013,32
2013-11-03 00:00:00,"Flamengo","","Fluminense","",1,0,2013,32
2013-11-03 00:00:00,"Athletico-PR","PR","Internacional","",1,0,2013,32
2013-11-03 00:00:00,"Santos","","Cruzeiro","",0,1,2013,32
2013-11-10 00:00:00,"Portuguesa","","Coritiba","",0,0,2013,33
2013-11-10 00:00:00,"Bahia","","Atlético-MG","MG",0,0,2013,33
2013-11-10 00:00:00,"Flamengo","","Goiás","",1,1,2013,33
2013-11-10 00:00:00,"Vasco","","Santos","",2,2,2013,33
2013-11-10 00:00:00,"Corinthians","","Fluminense","",1,0,2013,33
2013-11-10 00:00:00,"Internacional","","Botafogo","",2,1,2013,33
2013-11-10 00:00:00,"Ponte Preta","","Vitória","",0,3,2013,33
2013-11-10 00:00:00,"Náutico","","Criciúma","",0,1,2013,33
2013-11-10 00:00:00,"Cruzeiro","","Grêmio","",3,0,2013,33
2013-11-10 00:00:00,"Athletico-PR","PR","São Paulo","",3,0,2013,33
2013-11-13 00:00:00,"Botafogo","","Portuguesa","",0,0,2013,34
2013-11-13 00:00:00,"Coritiba","","Corinthians","",0,1,2013,34
2013-11-13 00:00:00,"São Paulo","","Flamengo","",2,0,2013,34
2013-11-13 00:00:00,"Vitória","","Cruzeiro","",1,3,2013,34
2013-11-13 00:00:00,"Grêmio","","Vasco","",1,0,2013,34
2013-11-13 00:00:00,"Goiás","","Ponte Preta","",2,0,2013,34
2013-11-13 00:00:00,"Criciúma","","Athletico-PR","PR",2,1,2013,34
2013-11-14 00:00:00,"Atlético-MG","MG","Internacional","",2,1,2013,34
2013-11-14 00:00:00,"Fluminense","","Náutico","",2,0,2013,34
2013-11-14 00:00:00,"Santos","","Bahia","",3,0,2013,34
2013-11-17 00:00:00,"Botafogo","","Athletico-PR","PR",4,0,2013,35
2013-11-17 00:00:00,"Coritiba","","Criciúma","",1,2,2013,35
2013-11-17 00:00:00,"Fluminense","","São Paulo","",2,1,2013,35
2013-11-17 00:00:00,"Corinthians","","Vasco","",0,0,2013,35
2013-11-17 00:00:00,"Vitória","","Santos","",2,0,2013,35
2013-11-17 00:00:00,"Grêmio","","Flamengo","",2,1,2013,35
2013-11-17 00:00:00,"Goiás","","Internacional","",3,1,2013,35
2013-11-17 00:00:00,"Náutico","","Bahia","",0,1,2013,35
2013-11-17 00:00:00,"Cruzeiro","","Ponte Preta","",2,2,2013,35
2013-11-17 00:00:00,"Portuguesa","","Atlético-MG","MG",2,0,2013,35
2013-11-23 00:00:00,"Criciúma","","Vitória","",1,1,2013,36
2013-11-23 00:00:00,"Atlético-MG","MG","Goiás","",4,1,2013,36
2013-11-23 00:00:00,"Vasco","","Cruzeiro","",2,1,2013,36
2013-11-24 00:00:00,"São Paulo","","Botafogo","",1,1,2013,36
2013-11-24 00:00:00,"Bahia","","Portuguesa","",1,0,2013,36
2013-11-24 00:00:00,"Internacional","","Coritiba","",0,0,2013,36
2013-11-24 00:00:00,"Ponte Preta","","Grêmio","",1,1,2013,36
2013-11-24 00:00:00,"Athletico-PR","PR","Náutico","",6,1,2013,36
2013-11-24 00:00:00,"Santos","","Fluminense","",1,0,2013,36
2013-11-24 00:00:00,"Flamengo","","Corinthians","",1,0,2013,36
2013-11-30 00:00:00,"Fluminense","","Atlético-MG","MG",2,2,2013,37
2013-11-30 00:00:00,"Corinthians","","Internacional","",0,0,2013,37
2013-12-01 00:00:00,"Vasco","","Náutico","",2,0,2013,37
2013-12-01 00:00:00,"Vitória","","Flamengo","",4,2,2013,37
2013-12-01 00:00:00,"Grêmio","","Goiás","",1,0,2013,37
2013-12-01 00:00:00,"Ponte Preta","","Portuguesa","",0,2,2013,37
2013-12-01 00:00:00,"Criciúma","","São Paulo","",1,0,2013,37
2013-12-01 00:00:00,"Cruzeiro","","Bahia","",1,2,2013,37
2013-12-01 00:00:00,"Coritiba","","Botafogo","",2,1,2013,37
2013-12-01 00:00:00,"Santos","","Athletico-PR","PR",2,1,2013,37
2013-12-07 00:00:00,"Náutico","","Corinthians","",1,0,2013,38
2013-12-07 00:00:00,"Flamengo","","Cruzeiro","",1,1,2013,38
2013-12-08 00:00:00,"Botafogo","","Criciúma","",3,0,2013,38
2013-12-08 00:00:00,"São Paulo","","Coritiba","",0,1,2013,38
2013-12-08 00:00:00,"Bahia","","Fluminense","",1,2,2013,38
2013-12-08 00:00:00,"Internacional","","Ponte Preta","",0,0,2013,38
2013-12-08 00:00:00,"Goiás","","Santos","",0,3,2013,38
2013-12-08 00:00:00,"Atlético-MG","MG","Vitória","",2,2,2013,38
2013-12-08 00:00:00,"Athletico-PR","PR","Vasco","",5,1,2013,38
2013-12-08 00:00:00,"Portuguesa","","Grêmio","",0,0,2013,38
2014-04-19 00:00:00,"Fluminense","","Figueirense","",3,0,2014,1
2014-04-19 00:00:00,"Internacional","","Vitória","",1,0,2014,1
2014-04-19 00:00:00,"Chapecoense","","Coritiba","",0,0,2014,1
2014-04-20 00:00:00,"Bahia","","Cruzeiro","",1,2,2014,1
2014-04-20 00:00:00,"Atlético-MG","MG","Corinthians","",0,0,2014,1
2014-04-20 00:00:00,"Athletico-PR","PR","Grêmio","",1,0,2014,1
2014-04-20 00:00:00,"São Paulo","","Botafogo","",3,0,2014,1
2014-04-20 00:00:00,"Flamengo","","Goiás","",0,0,2014,1
2014-04-20 00:00:00,"Criciúma","","Palmeiras","",1,2,2014,1
2014-04-20 00:00:00,"Santos","","Sport","",1,1,2014,1
2014-04-26 00:00:00,"Coritiba","","Santos","",0,0,2014,2
2014-04-26 00:00:00,"Palmeiras","","Fluminense","",0,1,2014,2
2014-04-27 00:00:00,"Vitória","","Athletico-PR","PR",2,2,2014,2
2014-04-27 00:00:00,"Cruzeiro","","São Paulo","",1,1,2014,2
2014-04-27 00:00:00,"Botafogo","","Internacional","",2,2,2014,2
2014-04-27 00:00:00,"Corinthians","","Flamengo","",2,0,2014,2
2014-04-27 00:00:00,"Goiás","","Criciúma","",1,0,2014,2
2014-04-27 00:00:00,"Figueirense","","Bahia","",0,2,2014,2
2014-04-27 00:00:00,"Sport","","Chapecoense","",2,1,2014,2
2014-04-27 00:00:00,"Grêmio","","Atlético-MG","MG",2,1,2014,2
2014-05-03 00:00:00,"São Paulo","","Coritiba","",2,2,2014,3
2014-05-03 00:00:00,"Santos","","Grêmio","",0,0,2014,3
2014-05-03 00:00:00,"Athletico-PR","PR","Cruzeiro","",2,3,2014,3
2014-05-03 00:00:00,"Fluminense","","Vitória","",1,2,2014,3
2014-05-04 00:00:00,"Flamengo","","Palmeiras","",4,2,2014,3
2014-05-04 00:00:00,"Criciúma","","Figueirense","",1,0,2014,3
2014-05-04 00:00:00,"Internacional","","Sport","",2,1,2014,3
2014-05-04 00:00:00,"Bahia","","Botafogo","",1,0,2014,3
2014-05-04 00:00:00,"Atlético-MG","MG","Goiás","",0,1,2014,3
2014-05-04 00:00:00,"Chapecoense","","Corinthians","",0,1,2014,3
2014-05-10 00:00:00,"Internacional","","Athletico-PR","PR",2,1,2014,4
2014-05-10 00:00:00,"Palmeiras","","Goiás","",2,0,2014,4
2014-05-10 00:00:00,"Botafogo","","Criciúma","",6,0,2014,4
2014-05-11 00:00:00,"Chapecoense","","Grêmio","",1,2,2014,4
2014-05-11 00:00:00,"São Paulo","","Corinthians","",1,1,2014,4
2014-05-11 00:00:00,"Fluminense","","Flamengo","",2,0,2014,4
2014-05-11 00:00:00,"Atlético-MG","MG","Cruzeiro","",2,1,2014,4
2014-05-11 00:00:00,"Bahia","","Vitória","",1,1,2014,4
2014-05-11 00:00:00,"Coritiba","","Sport","",0,1,2014,4
2014-05-11 00:00:00,"Figueirense","","Santos","",0,2,2014,4
2014-05-14 00:00:00,"Goiás","","Botafogo","",2,0,2014,5
2014-05-17 00:00:00,"Cruzeiro","","Coritiba","",3,2,2014,5
2014-05-18 00:00:00,"Athletico-PR","PR","Chapecoense","",1,1,2014,5
2014-05-18 00:00:00,"Grêmio","","Fluminense","",1,0,2014,5
2014-05-18 00:00:00,"Flamengo","","São Paulo","",0,2,2014,5
2014-05-18 00:00:00,"Corinthians","","Figueirense","",0,1,2014,5
2014-05-18 00:00:00,"Criciúma","","Internacional","",0,0,2014,5
2014-05-18 00:00:00,"Santos","","Atlético-MG","MG",1,2,2014,5
2014-05-18 00:00:00,"Vitória","","Palmeiras","",0,1,2014,5
2014-06-04 00:00:00,"Sport","","Bahia","",1,0,2014,5
2014-05-21 00:00:00,"Flamengo","","Bahia","",1,1,2014,6
2014-05-21 00:00:00,"Coritiba","","Internacional","",1,1,2014,6
2014-05-21 00:00:00,"Cruzeiro","","Sport","",2,0,2014,6
2014-05-21 00:00:00,"Criciúma","","Chapecoense","",1,0,2014,6
2014-05-21 00:00:00,"Corinthians","","Athletico-PR","PR",1,1,2014,6
2014-05-21 00:00:00,"Grêmio","","Botafogo","",2,1,2014,6
2014-05-21 00:00:00,"Fluminense","","São Paulo","",5,2,2014,6
2014-05-22 00:00:00,"Palmeiras","","Figueirense","",1,0,2014,6
2014-05-22 00:00:00,"Goiás","","Santos","",2,2,2014,6
2014-05-22 00:00:00,"Vitória","","Atlético-MG","MG",2,3,2014,6
2014-05-24 00:00:00,"Bahia","","Fluminense","",0,1,2014,7
2014-05-24 00:00:00,"São Paulo","","Grêmio","",1,0,2014,7
2014-05-25 00:00:00,"Athletico-PR","PR","Coritiba","",2,0,2014,7
2014-05-25 00:00:00,"Santos","","Flamengo","",0,0,2014,7
2014-05-25 00:00:00,"Sport","","Corinthians","",1,4,2014,7
2014-05-25 00:00:00,"Figueirense","","Goiás","",0,1,2014,7
2014-05-25 00:00:00,"Internacional","","Cruzeiro","",1,3,2014,7
2014-05-25 00:00:00,"Chapecoense","","Palmeiras","",2,0,2014,7
2014-05-25 00:00:00,"Botafogo","","Vitória","",1,1,2014,7
2014-05-25 00:00:00,"Atlético-MG","MG","Criciúma","",0,0,2014,7
2014-05-28 00:00:00,"Sport","","Grêmio","",0,0,2014,8
2014-05-28 00:00:00,"Palmeiras","","Botafogo","",0,2,2014,8
2014-05-28 00:00:00,"Criciúma","","Coritiba","",1,0,2014,8
2014-05-28 00:00:00,"Goiás","","Vitória","",0,0,2014,8
2014-05-28 00:00:00,"Internacional","","Chapecoense","",2,0,2014,8
2014-05-28 00:00:00,"Atlético-MG","MG","Fluminense","",2,0,2014,8
2014-05-28 00:00:00,"Corinthians","","Cruzeiro","",1,0,2014,8
2014-05-28 00:00:00,"Athletico-PR","PR","São Paulo","",2,2,2014,8
2014-05-29 00:00:00,"Flamengo","","Figueirense","",1,1,2014,8
2014-05-29 00:00:00,"Bahia","","Santos","",0,2,2014,8
2014-05-31 00:00:00,"Coritiba","","Goiás","",3,0,2014,9
2014-05-31 00:00:00,"São Paulo","","Atlético-MG","MG",2,1,2014,9
2014-05-31 00:00:00,"Vitória","","Sport","",0,1,2014,9
2014-06-01 00:00:00,"Grêmio","","Palmeiras","",0,0,2014,9
2014-06-01 00:00:00,"Cruzeiro","","Flamengo","",3,0,2014,9
2014-06-01 00:00:00,"Chapecoense","","Bahia","",2,1,2014,9
2014-06-01 00:00:00,"Corinthians","","Botafogo","",1,1,2014,9
2014-06-01 00:00:00,"Figueirense","","Athletico-PR","PR",1,3,2014,9
2014-06-01 00:00:00,"Fluminense","","Internacional","",1,1,2014,9
2014-06-01 00:00:00,"Santos","","Criciúma","",2,0,2014,9
2014-07-16 00:00:00,"Coritiba","","Figueirense","",0,2,2014,10
2014-07-16 00:00:00,"Sport","","Botafogo","",1,0,2014,10
2014-07-16 00:00:00,"Grêmio","","Goiás","",0,0,2014,10
2014-07-16 00:00:00,"Bahia","","São Paulo","",0,2,2014,10
2014-07-16 00:00:00,"Criciúma","","Fluminense","",3,2,2014,10
2014-07-16 00:00:00,"Flamengo","","Athletico-PR","PR",1,2,2014,10
2014-07-17 00:00:00,"Santos","","Palmeiras","",2,0,2014,10
2014-07-17 00:00:00,"Corinthians","","Internacional","",2,1,2014,10
2014-07-17 00:00:00,"Cruzeiro","","Vitória","",3,1,2014,10
2014-08-06 00:00:00,"Chapecoense","","Atlético-MG","MG",1,1,2014,10
2014-07-19 00:00:00,"Figueirense","","Grêmio","",0,1,2014,11
2014-07-19 00:00:00,"Atlético-MG","MG","Bahia","",1,1,2014,11
2014-07-19 00:00:00,"São Paulo","","Chapecoense","",0,1,2014,11
2014-07-19 00:00:00,"Botafogo","","Coritiba","",1,0,2014,11
2014-07-20 00:00:00,"Vitória","","Corinthians","",0,0,2014,11
2014-07-20 00:00:00,"Internacional","","Flamengo","",4,0,2014,11
2014-07-20 00:00:00,"Palmeiras","","Cruzeiro","",1,2,2014,11
2014-07-20 00:00:00,"Goiás","","Sport","",0,0,2014,11
2014-07-20 00:00:00,"Athletico-PR","PR","Criciúma","",2,0,2014,11
2014-07-20 00:00:00,"Fluminense","","Santos","",1,0,2014,11
2014-07-26 00:00:00,"Criciúma","","Vitória","",1,3,2014,12
2014-07-26 00:00:00,"Cruzeiro","","Figueirense","",5,0,2014,12
2014-07-26 00:00:00,"Santos","","Chapecoense","",3,0,2014,12
2014-07-26 00:00:00,"Bahia","","Internacional","",0,1,2014,12
2014-07-27 00:00:00,"Corinthians","","Palmeiras","",2,0,2014,12
2014-07-27 00:00:00,"Sport","","Atlético-MG","MG",2,1,2014,12
2014-07-27 00:00:00,"Goiás","","São Paulo","",2,1,2014,12
2014-07-27 00:00:00,"Athletico-PR","PR","Fluminense","",0,3,2014,12
2014-07-27 00:00:00,"Flamengo","","Botafogo","",1,0,2014,12
2014-07-27 00:00:00,"Grêmio","","Coritiba","",2,3,2014,12
2014-08-02 00:00:00,"Botafogo","","Cruzeiro","",1,1,2014,13
2014-08-02 00:00:00,"São Paulo","","Criciúma","",1,1,2014,13
2014-08-02 00:00:00,"Vitória","","Grêmio","",2,1,2014,13
2014-08-03 00:00:00,"Figueirense","","Sport","",3,0,2014,13
2014-08-03 00:00:00,"Coritiba","","Corinthians","",0,0,2014,13
2014-08-03 00:00:00,"Chapecoense","","Flamengo","",1,0,2014,13
2014-08-03 00:00:00,"Palmeiras","","Bahia","",1,1,2014,13
2014-08-03 00:00:00,"Internacional","","Santos","",1,0,2014,13
2014-08-03 00:00:00,"Fluminense","","Goiás","",2,0,2014,13
2014-08-03 00:00:00,"Atlético-MG","MG","Athletico-PR","PR",3,1,2014,13
2014-08-09 00:00:00,"Bahia","","Goiás","",1,0,2014,14
2014-08-09 00:00:00,"Criciúma","","Cruzeiro","",0,0,2014,14
2014-08-09 00:00:00,"Fluminense","","Coritiba","",1,1,2014,14
2014-08-10 00:00:00,"Flamengo","","Sport","",1,0,2014,14
2014-08-10 00:00:00,"Internacional","","Grêmio","",2,0,2014,14
2014-08-10 00:00:00,"Santos","","Corinthians","",0,1,2014,14
2014-08-10 00:00:00,"Athletico-PR","PR","Botafogo","",2,0,2014,14
2014-08-10 00:00:00,"Chapecoense","","Figueirense","",0,1,2014,14
2014-08-10 00:00:00,"Atlético-MG","MG","Palmeiras","",2,1,2014,14
2014-08-10 00:00:00,"São Paulo","","Vitória","",3,1,2014,14
2014-08-16 00:00:00,"Goiás","","Internacional","",0,1,2014,15
2014-08-16 00:00:00,"Corinthians","","Bahia","",1,1,2014,15
2014-08-17 00:00:00,"Vitória","","Chapecoense","",0,0,2014,15
2014-08-17 00:00:00,"Cruzeiro","","Santos","",3,0,2014,15
2014-08-17 00:00:00,"Grêmio","","Criciúma","",2,0,2014,15
2014-08-17 00:00:00,"Coritiba","","Flamengo","",0,1,2014,15
2014-08-17 00:00:00,"Palmeiras","","São Paulo","",1,2,2014,15
2014-08-17 00:00:00,"Botafogo","","Fluminense","",2,0,2014,15
2014-08-17 00:00:00,"Sport","","Athletico-PR","PR",1,1,2014,15
2014-08-17 00:00:00,"Figueirense","","Atlético-MG","MG",2,2,2014,15
2014-08-20 00:00:00,"Santos","","Athletico-PR","PR",2,0,2014,16
2014-08-20 00:00:00,"Sport","","Palmeiras","",2,1,2014,16
2014-08-20 00:00:00,"Figueirense","","Botafogo","",1,0,2014,16
2014-08-20 00:00:00,"Coritiba","","Vitória","",2,0,2014,16
2014-08-20 00:00:00,"Bahia","","Criciúma","",0,0,2014,16
2014-08-20 00:00:00,"Flamengo","","Atlético-MG","MG",2,1,2014,16
2014-08-20 00:00:00,"Internacional","","São Paulo","",0,1,2014,16
2014-08-20 00:00:00,"Chapecoense","","Fluminense","",1,0,2014,16
2014-08-21 00:00:00,"Corinthians","","Goiás","",5,2,2014,16
2014-08-21 00:00:00,"Cruzeiro","","Grêmio","",1,0,2014,16
2014-08-23 00:00:00,"Botafogo","","Chapecoense","",1,0,2014,17
2014-08-23 00:00:00,"Atlético-MG","MG","Internacional","",1,0,2014,17
2014-08-23 00:00:00,"Palmeiras","","Coritiba","",1,0,2014,17
2014-08-24 00:00:00,"Vitória","","Figueirense","",0,1,2014,17
2014-08-24 00:00:00,"Grêmio","","Corinthians","",2,1,2014,17
2014-08-24 00:00:00,"Criciúma","","Flamengo","",0,2,2014,17
2014-08-24 00:00:00,"São Paulo","","Santos","",2,1,2014,17
2014-08-24 00:00:00,"Fluminense","","Sport","",4,0,2014,17
2014-08-24 00:00:00,"Athletico-PR","PR","Bahia","",0,0,2014,17
2014-08-24 00:00:00,"Goiás","","Cruzeiro","",0,1,2014,17
2014-08-30 00:00:00,"Cruzeiro","","Chapecoense","",4,2,2014,18
2014-08-30 00:00:00,"Palmeiras","","Internacional","",0,1,2014,18
2014-08-31 00:00:00,"Corinthians","","Fluminense","",1,1,2014,18
2014-08-31 00:00:00,"Botafogo","","Santos","",1,0,2014,18
2014-08-31 00:00:00,"Coritiba","","Atlético-MG","MG",0,0,2014,18
2014-08-31 00:00:00,"Figueirense","","São Paulo","",1,1,2014,18
2014-08-31 00:00:00,"Sport","","Criciúma","",2,0,2014,18
2014-08-31 00:00:00,"Goiás","","Athletico-PR","PR",3,1,2014,18
2014-08-31 00:00:00,"Vitória","","Flamengo","",1,2,2014,18
2014-08-31 00:00:00,"Grêmio","","Bahia","",1,0,2014,18
2014-09-06 00:00:00,"Santos","","Vitória","",3,1,2014,19
2014-09-06 00:00:00,"Flamengo","","Grêmio","",0,1,2014,19
2014-09-06 00:00:00,"Chapecoense","","Goiás","",0,0,2014,19
2014-09-07 00:00:00,"Fluminense","","Cruzeiro","",3,3,2014,19
2014-09-07 00:00:00,"Atlético-MG","MG","Botafogo","",1,0,2014,19
2014-09-07 00:00:00,"São Paulo","","Sport","",2,0,2014,19
2014-09-07 00:00:00,"Criciúma","","Corinthians","",0,0,2014,19
2014-09-07 00:00:00,"Internacional","","Figueirense","",2,3,2014,19
2014-09-07 00:00:00,"Bahia","","Coritiba","",0,0,2014,19
2014-09-07 00:00:00,"Athletico-PR","PR","Palmeiras","",1,1,2014,19
2014-09-10 00:00:00,"Grêmio","","Athletico-PR","PR",1,0,2014,20
2014-09-10 00:00:00,"Figueirense","","Fluminense","",1,1,2014,20
2014-09-10 00:00:00,"Palmeiras","","Criciúma","",1,0,2014,20
2014-09-10 00:00:00,"Coritiba","","Chapecoense","",3,0,2014,20
2014-09-10 00:00:00,"Sport","","Santos","",3,1,2014,20
2014-09-10 00:00:00,"Botafogo","","São Paulo","",2,4,2014,20
2014-09-10 00:00:00,"Goiás","","Flamengo","",1,0,2014,20
2014-09-10 00:00:00,"Vitória","","Internacional","",2,0,2014,20
2014-09-11 00:00:00,"Corinthians","","Atlético-MG","MG",1,0,2014,20
2014-09-11 00:00:00,"Cruzeiro","","Bahia","",2,1,2014,20
2014-09-13 00:00:00,"Chapecoense","","Sport","",3,1,2014,21
2014-09-13 00:00:00,"Fluminense","","Palmeiras","",3,0,2014,21
2014-09-13 00:00:00,"Santos","","Coritiba","",2,1,2014,21
2014-09-14 00:00:00,"Bahia","","Figueirense","",3,0,2014,21
2014-09-14 00:00:00,"Flamengo","","Corinthians","",1,0,2014,21
2014-09-14 00:00:00,"Internacional","","Botafogo","",2,0,2014,21
2014-09-14 00:00:00,"São Paulo","","Cruzeiro","",2,0,2014,21
2014-09-14 00:00:00,"Criciúma","","Goiás","",1,0,2014,21
2014-09-14 00:00:00,"Athletico-PR","PR","Vitória","",2,0,2014,21
2014-09-14 00:00:00,"Atlético-MG","MG","Grêmio","",0,0,2014,21
2014-09-17 00:00:00,"Vitória","","Fluminense","",3,1,2014,22
2014-09-17 00:00:00,"Cruzeiro","","Athletico-PR","PR",2,0,2014,22
2014-09-17 00:00:00,"Figueirense","","Criciúma","",1,1,2014,22
2014-09-17 00:00:00,"Sport","","Internacional","",0,0,2014,22
2014-09-17 00:00:00,"Botafogo","","Bahia","",2,3,2014,22
2014-09-17 00:00:00,"Palmeiras","","Flamengo","",2,2,2014,22
2014-09-17 00:00:00,"Coritiba","","São Paulo","",3,1,2014,22
2014-09-18 00:00:00,"Goiás","","Atlético-MG","MG",2,3,2014,22
2014-09-18 00:00:00,"Corinthians","","Chapecoense","",1,1,2014,22
2014-09-18 00:00:00,"Grêmio","","Santos","",0,0,2014,22
2014-09-20 00:00:00,"Athletico-PR","PR","Internacional","",0,1,2014,23
2014-09-20 00:00:00,"Criciúma","","Botafogo","",1,1,2014,23
2014-09-21 00:00:00,"Cruzeiro","","Atlético-MG","MG",2,3,2014,23
2014-09-21 00:00:00,"Vitória","","Bahia","",2,1,2014,23
2014-09-21 00:00:00,"Sport","","Coritiba","",1,0,2014,23
2014-09-21 00:00:00,"Flamengo","","Fluminense","",1,1,2014,23
2014-09-21 00:00:00,"Corinthians","","São Paulo","",3,2,2014,23
2014-09-21 00:00:00,"Santos","","Figueirense","",3,1,2014,23
2014-09-21 00:00:00,"Goiás","","Palmeiras","",6,0,2014,23
2014-09-21 00:00:00,"Grêmio","","Chapecoense","",1,0,2014,23
2014-09-24 00:00:00,"Coritiba","","Cruzeiro","",1,2,2014,24
2014-09-24 00:00:00,"Internacional","","Criciúma","",3,0,2014,24
2014-09-24 00:00:00,"Chapecoense","","Athletico-PR","PR",3,0,2014,24
2014-09-24 00:00:00,"Bahia","","Sport","",1,0,2014,24
2014-09-24 00:00:00,"Figueirense","","Corinthians","",1,0,2014,24
2014-09-24 00:00:00,"São Paulo","","Flamengo","",2,2,2014,24
2014-09-24 00:00:00,"Fluminense","","Grêmio","",0,0,2014,24
2014-09-25 00:00:00,"Botafogo","","Goiás","",1,0,2014,24
2014-09-25 00:00:00,"Palmeiras","","Vitória","",2,0,2014,24
2014-09-25 00:00:00,"Atlético-MG","MG","Santos","",3,2,2014,24
2014-09-27 00:00:00,"Chapecoense","","Criciúma","",1,1,2014,25
2014-09-27 00:00:00,"Sport","","Cruzeiro","",0,0,2014,25
2014-09-27 00:00:00,"São Paulo","","Fluminense","",1,3,2014,25
2014-09-28 00:00:00,"Bahia","","Flamengo","",2,1,2014,25
2014-09-28 00:00:00,"Atlético-MG","MG","Vitória","",2,0,2014,25
2014-09-28 00:00:00,"Botafogo","","Grêmio","",0,2,2014,25
2014-09-28 00:00:00,"Athletico-PR","PR","Corinthians","",1,0,2014,25
2014-09-28 00:00:00,"Santos","","Goiás","",2,0,2014,25
2014-09-28 00:00:00,"Figueirense","","Palmeiras","",3,1,2014,25
2014-09-28 00:00:00,"Internacional","","Coritiba","",4,2,2014,25
2014-10-02 00:00:00,"Palmeiras","","Chapecoense","",4,2,2014,26
2014-10-04 00:00:00,"Grêmio","","São Paulo","",0,1,2014,26
2014-10-04 00:00:00,"Coritiba","","Athletico-PR","PR",1,0,2014,26
2014-10-04 00:00:00,"Flamengo","","Santos","",0,1,2014,26
2014-10-04 00:00:00,"Vitória","","Botafogo","",2,1,2014,26
2014-10-04 00:00:00,"Fluminense","","Bahia","",1,1,2014,26
2014-10-04 00:00:00,"Criciúma","","Atlético-MG","MG",3,1,2014,26
2014-10-04 00:00:00,"Cruzeiro","","Internacional","",2,1,2014,26
2014-10-04 00:00:00,"Corinthians","","Sport","",3,0,2014,26
2014-10-04 00:00:00,"Goiás","","Figueirense","",1,0,2014,26
2014-10-08 00:00:00,"Coritiba","","Criciúma","",1,0,2014,27
2014-10-08 00:00:00,"São Paulo","","Athletico-PR","PR",1,0,2014,27
2014-10-08 00:00:00,"Botafogo","","Palmeiras","",0,1,2014,27
2014-10-08 00:00:00,"Vitória","","Goiás","",2,2,2014,27
2014-10-08 00:00:00,"Grêmio","","Sport","",2,0,2014,27
2014-10-08 00:00:00,"Figueirense","","Flamengo","",1,2,2014,27
2014-10-08 00:00:00,"Cruzeiro","","Corinthians","",0,1,2014,27
2014-10-09 00:00:00,"Santos","","Bahia","",1,0,2014,27
2014-10-09 00:00:00,"Fluminense","","Atlético-MG","MG",0,0,2014,27
2014-10-09 00:00:00,"Chapecoense","","Internacional","",5,0,2014,27
2014-10-11 00:00:00,"Goiás","","Coritiba","",3,0,2014,28
2014-10-11 00:00:00,"Botafogo","","Corinthians","",1,0,2014,28
2014-10-11 00:00:00,"Palmeiras","","Grêmio","",2,1,2014,28
2014-10-12 00:00:00,"Internacional","","Fluminense","",2,1,2014,28
2014-10-12 00:00:00,"Bahia","","Chapecoense","",0,1,2014,28
2014-10-12 00:00:00,"Atlético-MG","MG","São Paulo","",1,0,2014,28
2014-10-12 00:00:00,"Flamengo","","Cruzeiro","",3,0,2014,28
2014-10-12 00:00:00,"Sport","","Vitória","",1,2,2014,28
2014-10-12 00:00:00,"Criciúma","","Santos","",3,0,2014,28
2014-10-12 00:00:00,"Athletico-PR","PR","Figueirense","",3,0,2014,28
2014-10-18 00:00:00,"São Paulo","","Bahia","",2,1,2014,29
2014-10-18 00:00:00,"Goiás","","Grêmio","",0,0,2014,29
2014-10-18 00:00:00,"Fluminense","","Criciúma","",4,2,2014,29
2014-10-18 00:00:00,"Atlético-MG","MG","Chapecoense","",1,0,2014,29
2014-10-19 00:00:00,"Internacional","","Corinthians","",1,2,2014,29
2014-10-19 00:00:00,"Palmeiras","","Santos","",1,3,2014,29
2014-10-19 00:00:00,"Figueirense","","Coritiba","",4,0,2014,29
2014-10-19 00:00:00,"Athletico-PR","PR","Flamengo","",2,1,2014,29
2014-10-19 00:00:00,"Botafogo","","Sport","",1,1,2014,29
2014-10-19 00:00:00,"Vitória","","Cruzeiro","",0,1,2014,29
2014-10-21 00:00:00,"Bahia","","Atlético-MG","MG",1,1,2014,30
2014-10-22 00:00:00,"Cruzeiro","","Palmeiras","",1,1,2014,30
2014-10-22 00:00:00,"Criciúma","","Athletico-PR","PR",0,1,2014,30
2014-10-22 00:00:00,"Corinthians","","Vitória","",2,1,2014,30
2014-10-22 00:00:00,"Flamengo","","Internacional","",2,0,2014,30
2014-10-22 00:00:00,"Grêmio","","Figueirense","",1,0,2014,30
2014-10-22 00:00:00,"Coritiba","","Botafogo","",2,0,2014,30
2014-10-22 00:00:00,"Chapecoense","","São Paulo","",0,0,2014,30
2014-10-22 00:00:00,"Santos","","Fluminense","",0,1,2014,30
2014-10-22 00:00:00,"Sport","","Goiás","",0,1,2014,30
2014-10-25 00:00:00,"Palmeiras","","Corinthians","",1,1,2014,31
2014-10-25 00:00:00,"Fluminense","","Athletico-PR","PR",2,1,2014,31
2014-10-25 00:00:00,"Figueirense","","Cruzeiro","",1,1,2014,31
2014-10-25 00:00:00,"Vitória","","Criciúma","",3,1,2014,31
2014-10-25 00:00:00,"Atlético-MG","MG","Sport","",3,2,2014,31
2014-10-25 00:00:00,"Coritiba","","Grêmio","",1,1,2014,31
2014-10-25 00:00:00,"Chapecoense","","Santos","",1,1,2014,31
2014-10-25 00:00:00,"Internacional","","Bahia","",2,0,2014,31
2014-10-25 00:00:00,"Botafogo","","Flamengo","",2,1,2014,31
2014-10-27 00:00:00,"São Paulo","","Goiás","",3,0,2014,31
2014-11-01 00:00:00,"Grêmio","","Vitória","",1,0,2014,32
2014-11-01 00:00:00,"Goiás","","Fluminense","",0,2,2014,32
2014-11-01 00:00:00,"Corinthians","","Coritiba","",2,2,2014,32
2014-11-02 00:00:00,"Sport","","Figueirense","",1,0,2014,32
2014-11-02 00:00:00,"Cruzeiro","","Botafogo","",2,1,2014,32
2014-11-02 00:00:00,"Criciúma","","São Paulo","",1,2,2014,32
2014-11-02 00:00:00,"Santos","","Internacional","",1,2,2014,32
2014-11-02 00:00:00,"Flamengo","","Chapecoense","",3,0,2014,32
2014-11-02 00:00:00,"Athletico-PR","PR","Atlético-MG","MG",1,0,2014,32
2014-11-02 00:00:00,"Bahia","","Palmeiras","",0,1,2014,32
2014-11-08 00:00:00,"Coritiba","","Fluminense","",1,0,2014,33
2014-11-08 00:00:00,"Palmeiras","","Atlético-MG","MG",0,2,2014,33
2014-11-08 00:00:00,"Botafogo","","Athletico-PR","PR",0,2,2014,33
2014-11-09 00:00:00,"Grêmio","","Internacional","",4,1,2014,33
2014-11-09 00:00:00,"Vitória","","São Paulo","",1,2,2014,33
2014-11-09 00:00:00,"Figueirense","","Chapecoense","",1,0,2014,33
2014-11-09 00:00:00,"Sport","","Flamengo","",2,2,2014,33
2014-11-09 00:00:00,"Cruzeiro","","Criciúma","",3,1,2014,33
2014-11-09 00:00:00,"Goiás","","Bahia","",3,0,2014,33
2014-11-09 00:00:00,"Corinthians","","Santos","",1,0,2014,33
2014-11-15 00:00:00,"Criciúma","","Grêmio","",0,3,2014,34
2014-11-15 00:00:00,"Fluminense","","Botafogo","",1,0,2014,34
2014-11-16 00:00:00,"Flamengo","","Coritiba","",3,2,2014,34
2014-11-16 00:00:00,"Santos","","Cruzeiro","",0,1,2014,34
2014-11-16 00:00:00,"Bahia","","Corinthians","",1,2,2014,34
2014-11-16 00:00:00,"Internacional","","Goiás","",1,0,2014,34
2014-11-16 00:00:00,"Athletico-PR","PR","Sport","",0,1,2014,34
2014-11-16 00:00:00,"Atlético-MG","MG","Figueirense","",1,1,2014,34
2014-11-16 00:00:00,"Chapecoense","","Vitória","",0,1,2014,34
2014-11-16 00:00:00,"São Paulo","","Palmeiras","",2,0,2014,34
2014-11-19 00:00:00,"Athletico-PR","PR","Santos","",1,1,2014,35
2014-11-19 00:00:00,"Botafogo","","Figueirense","",0,1,2014,35
2014-11-19 00:00:00,"Goiás","","Corinthians","",0,1,2014,35
2014-11-19 00:00:00,"Criciúma","","Bahia","",0,1,2014,35
2014-11-19 00:00:00,"Vitória","","Coritiba","",1,1,2014,35
2014-11-19 00:00:00,"Atlético-MG","MG","Flamengo","",4,0,2014,35
2014-11-19 00:00:00,"Palmeiras","","Sport","",0,2,2014,35
2014-11-20 00:00:00,"Fluminense","","Chapecoense","",1,4,2014,35
2014-11-20 00:00:00,"Grêmio","","Cruzeiro","",1,2,2014,35
2014-11-12 00:00:00,"São Paulo","","Internacional","",1,1,2014,35
2014-11-22 00:00:00,"Internacional","","Atlético-MG","MG",2,1,2014,36
2014-11-22 00:00:00,"Bahia","","Athletico-PR","PR",1,2,2014,36
2014-11-23 00:00:00,"Sport","","Fluminense","",2,2,2014,36
2014-11-23 00:00:00,"Cruzeiro","","Goiás","",2,1,2014,36
2014-11-23 00:00:00,"Figueirense","","Vitória","",2,0,2014,36
2014-11-23 00:00:00,"Santos","","São Paulo","",0,1,2014,36
2014-11-23 00:00:00,"Flamengo","","Criciúma","",1,1,2014,36
2014-11-23 00:00:00,"Corinthians","","Grêmio","",1,0,2014,36
2014-11-23 00:00:00,"Chapecoense","","Botafogo","",2,0,2014,36
2014-11-23 00:00:00,"Coritiba","","Palmeiras","",2,0,2014,36
2014-11-29 00:00:00,"Internacional","","Palmeiras","",3,1,2014,37
2014-11-29 00:00:00,"Criciúma","","Sport","",2,2,2014,37
2014-11-29 00:00:00,"Flamengo","","Vitória","",4,0,2014,37
2014-11-30 00:00:00,"Chapecoense","","Cruzeiro","",1,1,2014,37
2014-11-30 00:00:00,"São Paulo","","Figueirense","",1,1,2014,37
2014-11-30 00:00:00,"Fluminense","","Corinthians","",5,2,2014,37
2014-11-30 00:00:00,"Santos","","Botafogo","",2,0,2014,37
2014-11-30 00:00:00,"Atlético-MG","MG","Coritiba","",1,2,2014,37
2014-11-30 00:00:00,"Bahia","","Grêmio","",1,0,2014,37
2014-11-30 00:00:00,"Athletico-PR","PR","Goiás","",1,0,2014,37
2014-12-06 00:00:00,"Corinthians","","Criciúma","",2,1,2014,38
2014-12-06 00:00:00,"Figueirense","","Internacional","",1,2,2014,38
2014-12-07 00:00:00,"Grêmio","","Flamengo","",1,1,2014,38
2014-12-07 00:00:00,"Goiás","","Chapecoense","",4,2,2014,38
2014-12-07 00:00:00,"Vitória","","Santos","",0,1,2014,38
2014-12-07 00:00:00,"Palmeiras","","Athletico-PR","PR",1,1,2014,38
2014-12-07 00:00:00,"Botafogo","","Atlético-MG","MG",0,0,2014,38
2014-12-07 00:00:00,"Sport","","São Paulo","",1,0,2014,38
2014-12-07 00:00:00,"Coritiba","","Bahia","",3,2,2014,38
2014-12-07 00:00:00,"Cruzeiro","","Fluminense","",2,1,2014,38
2015-05-09 00:00:00,"Palmeiras","","Atlético-MG","MG",2,2,2015,1
2015-05-09 00:00:00,"Chapecoense","","Coritiba","",2,1,2015,1
2015-05-09 00:00:00,"Fluminense","","Joinville","",1,0,2015,1
2015-05-10 00:00:00,"Grêmio","","Ponte Preta","",3,3,2015,1
2015-05-10 00:00:00,"Athletico-PR","PR","Internacional","",3,0,2015,1
2015-05-10 00:00:00,"São Paulo","","Flamengo","",2,1,2015,1
2015-05-10 00:00:00,"Sport","","Figueirense","",4,1,2015,1
2015-05-10 00:00:00,"Cruzeiro","","Corinthians","",0,1,2015,1
2015-05-10 00:00:00,"Avaí","","Santos","",1,1,2015,1
2015-05-10 00:00:00,"Vasco","","Goiás","",0,0,2015,1
2015-05-16 00:00:00,"Coritiba","","Grêmio","",2,0,2015,2
2015-05-16 00:00:00,"Goiás","","Athletico-PR","PR",2,0,2015,2
2015-05-16 00:00:00,"Corinthians","","Chapecoense","",1,0,2015,2
2015-05-17 00:00:00,"Figueirense","","Vasco","",0,0,2015,2
2015-05-17 00:00:00,"Atlético-MG","MG","Fluminense","",4,1,2015,2
2015-05-17 00:00:00,"Flamengo","","Sport","",2,2,2015,2
2015-05-17 00:00:00,"Santos","","Cruzeiro","",1,0,2015,2
2015-05-17 00:00:00,"Joinville","","Palmeiras","",0,0,2015,2
2015-05-17 00:00:00,"Ponte Preta","","São Paulo","",1,0,2015,2
2015-05-17 00:00:00,"Internacional","","Avaí","",1,0,2015,2
2015-05-23 00:00:00,"São Paulo","","Joinville","",3,0,2015,3
2015-05-23 00:00:00,"Vasco","","Internacional","",1,1,2015,3
2015-05-23 00:00:00,"Grêmio","","Figueirense","",1,0,2015,3
2015-05-24 00:00:00,"Palmeiras","","Goiás","",0,1,2015,3
2015-05-24 00:00:00,"Chapecoense","","Santos","",1,0,2015,3
2015-05-24 00:00:00,"Athletico-PR","PR","Atlético-MG","MG",1,0,2015,3
2015-05-24 00:00:00,"Fluminense","","Corinthians","",0,0,2015,3
2015-05-24 00:00:00,"Avaí","","Flamengo","",2,1,2015,3
2015-05-24 00:00:00,"Cruzeiro","","Ponte Preta","",1,1,2015,3
2015-05-24 00:00:00,"Sport","","Coritiba","",1,0,2015,3
2015-05-30 00:00:00,"Coritiba","","Avaí","",1,2,2015,4
2015-05-30 00:00:00,"Ponte Preta","","Chapecoense","",3,1,2015,4
2015-05-30 00:00:00,"Joinville","","Athletico-PR","PR",1,2,2015,4
2015-05-31 00:00:00,"Santos","","Sport","",2,2,2015,4
2015-05-31 00:00:00,"Goiás","","Grêmio","",1,1,2015,4
2015-05-31 00:00:00,"Atlético-MG","MG","Vasco","",3,0,2015,4
2015-05-31 00:00:00,"Internacional","","São Paulo","",0,0,2015,4
2015-05-31 00:00:00,"Corinthians","","Palmeiras","",0,2,2015,4
2015-05-31 00:00:00,"Flamengo","","Fluminense","",2,3,2015,4
2015-05-31 00:00:00,"Figueirense","","Cruzeiro","",2,1,2015,4
2015-06-03 00:00:00,"Chapecoense","","Joinville","",2,0,2015,5
2015-06-03 00:00:00,"Athletico-PR","PR","Figueirense","",1,0,2015,5
2015-06-03 00:00:00,"Vasco","","Ponte Preta","",0,3,2015,5
2015-06-03 00:00:00,"São Paulo","","Santos","",3,2,2015,5
2015-06-03 00:00:00,"Avaí","","Atlético-MG","MG",1,4,2015,5
2015-06-03 00:00:00,"Cruzeiro","","Flamengo","",1,0,2015,5
2015-06-03 00:00:00,"Grêmio","","Corinthians","",3,1,2015,5
2015-06-04 00:00:00,"Fluminense","","Coritiba","",2,0,2015,5
2015-06-04 00:00:00,"Palmeiras","","Internacional","",1,1,2015,5
2015-06-04 00:00:00,"Sport","","Goiás","",1,0,2015,5
2015-06-06 00:00:00,"Flamengo","","Chapecoense","",1,0,2015,6
2015-06-06 00:00:00,"Atlético-MG","MG","Cruzeiro","",1,3,2015,6
2015-06-06 00:00:00,"Santos","","Ponte Preta","",2,2,2015,6
2015-06-06 00:00:00,"Joinville","","Corinthians","",0,1,2015,6
2015-06-06 00:00:00,"São Paulo","","Grêmio","",2,0,2015,6
2015-06-06 00:00:00,"Athletico-PR","PR","Vasco","",2,0,2015,6
2015-06-07 00:00:00,"Internacional","","Coritiba","",2,0,2015,6
2015-06-07 00:00:00,"Fluminense","","Sport","",0,0,2015,6
2015-06-07 00:00:00,"Goiás","","Avaí","",0,1,2015,6
2015-06-07 00:00:00,"Figueirense","","Palmeiras","",2,1,2015,6
2015-06-10 00:00:00,"Atlético-MG","MG","Santos","",2,2,2015,7
2015-06-13 00:00:00,"Coritiba","","Flamengo","",0,1,2015,7
2015-06-13 00:00:00,"Corinthians","","Internacional","",2,1,2015,7
2015-06-13 00:00:00,"Chapecoense","","São Paulo","",0,1,2015,7
2015-06-13 00:00:00,"Sport","","Joinville","",2,1,2015,7
2015-06-13 00:00:00,"Vasco","","Cruzeiro","",1,3,2015,7
2015-06-14 00:00:00,"Ponte Preta","","Goiás","",0,0,2015,7
2015-06-14 00:00:00,"Palmeiras","","Fluminense","",2,1,2015,7
2015-06-14 00:00:00,"Grêmio","","Athletico-PR","PR",2,1,2015,7
2015-06-14 00:00:00,"Avaí","","Figueirense","",1,1,2015,7
2015-06-18 00:00:00,"Figueirense","","Internacional","",0,0,2015,8
2015-06-20 00:00:00,"Flamengo","","Atlético-MG","MG",0,2,2015,8
2015-06-20 00:00:00,"Sport","","Vasco","",2,1,2015,8
2015-06-20 00:00:00,"Santos","","Corinthians","",1,0,2015,8
2015-06-20 00:00:00,"Grêmio","","Palmeiras","",1,0,2015,8
2015-06-21 00:00:00,"Cruzeiro","","Chapecoense","",0,1,2015,8
2015-06-21 00:00:00,"Joinville","","Goiás","",2,1,2015,8
2015-06-21 00:00:00,"Athletico-PR","PR","Coritiba","",2,2,2015,8
2015-06-21 00:00:00,"São Paulo","","Avaí","",1,1,2015,8
2015-06-24 00:00:00,"Fluminense","","Ponte Preta","",2,0,2015,8
2015-06-27 00:00:00,"Chapecoense","","Sport","",1,1,2015,9
2015-06-27 00:00:00,"Avaí","","Grêmio","",1,2,2015,9
2015-06-27 00:00:00,"Corinthians","","Figueirense","",2,1,2015,9
2015-06-28 00:00:00,"Atlético-MG","MG","Joinville","",1,0,2015,9
2015-06-28 00:00:00,"Coritiba","","Cruzeiro","",1,0,2015,9
2015-06-28 00:00:00,"Ponte Preta","","Athletico-PR","PR",2,1,2015,9
2015-06-28 00:00:00,"Palmeiras","","São Paulo","",4,0,2015,9
2015-06-28 00:00:00,"Goiás","","Fluminense","",1,2,2015,9
2015-06-28 00:00:00,"Internacional","","Santos","",1,0,2015,9
2015-06-28 00:00:00,"Vasco","","Flamengo","",1,0,2015,9
2015-07-01 00:00:00,"Sport","","Internacional","",3,0,2015,10
2015-07-01 00:00:00,"Vasco","","Avaí","",1,0,2015,10
2015-07-01 00:00:00,"Atlético-MG","MG","Coritiba","",2,0,2015,10
2015-07-01 00:00:00,"Palmeiras","","Chapecoense","",2,0,2015,10
2015-07-01 00:00:00,"Athletico-PR","PR","São Paulo","",2,1,2015,10
2015-07-01 00:00:00,"Joinville","","Flamengo","",0,1,2015,10
2015-07-01 00:00:00,"Grêmio","","Cruzeiro","",1,0,2015,10
2015-07-02 00:00:00,"Figueirense","","Goiás","",3,1,2015,10
2015-07-02 00:00:00,"Corinthians","","Ponte Preta","",2,0,2015,10
2015-07-02 00:00:00,"Fluminense","","Santos","",2,1,2015,10
2015-07-04 00:00:00,"Coritiba","","Joinville","",0,0,2015,11
2015-07-04 00:00:00,"Chapecoense","","Vasco","",1,0,2015,11
2015-07-04 00:00:00,"Cruzeiro","","Athletico-PR","PR",2,0,2015,11
2015-07-05 00:00:00,"Avaí","","Sport","",2,2,2015,11
2015-07-05 00:00:00,"Santos","","Grêmio","",1,3,2015,11
2015-07-05 00:00:00,"São Paulo","","Fluminense","",0,0,2015,11
2015-07-05 00:00:00,"Goiás","","Corinthians","",0,0,2015,11
2015-07-05 00:00:00,"Flamengo","","Figueirense","",1,2,2015,11
2015-07-05 00:00:00,"Internacional","","Atlético-MG","MG",1,3,2015,11
2015-07-05 00:00:00,"Ponte Preta","","Palmeiras","",0,2,2015,11
2015-07-08 00:00:00,"Chapecoense","","Grêmio","",1,0,2015,12
2015-07-08 00:00:00,"Coritiba","","Ponte Preta","",0,0,2015,12
2015-07-08 00:00:00,"Goiás","","Santos","",4,1,2015,12
2015-07-08 00:00:00,"Palmeiras","","Avaí","",3,0,2015,12
2015-07-08 00:00:00,"Figueirense","","Joinville","",0,2,2015,12
2015-07-08 00:00:00,"Internacional","","Flamengo","",1,2,2015,12
2015-07-08 00:00:00,"Atlético-MG","MG","Sport","",2,1,2015,12
2015-07-08 00:00:00,"Vasco","","São Paulo","",0,4,2015,12
2015-07-09 00:00:00,"Corinthians","","Athletico-PR","PR",2,0,2015,12
2015-07-09 00:00:00,"Fluminense","","Cruzeiro","",1,0,2015,12
2015-07-11 00:00:00,"Grêmio","","Vasco","",2,0,2015,13
2015-07-11 00:00:00,"Santos","","Figueirense","",3,0,2015,13
2015-07-11 00:00:00,"Ponte Preta","","Atlético-MG","MG",0,2,2015,13
2015-07-12 00:00:00,"São Paulo","","Coritiba","",3,1,2015,13
2015-07-12 00:00:00,"Athletico-PR","PR","Fluminense","",1,2,2015,13
2015-07-12 00:00:00,"Joinville","","Internacional","",0,2,2015,13
2015-07-12 00:00:00,"Flamengo","","Corinthians","",0,3,2015,13
2015-07-12 00:00:00,"Cruzeiro","","Goiás","",1,0,2015,13
2015-07-12 00:00:00,"Avaí","","Chapecoense","",2,1,2015,13
2015-07-12 00:00:00,"Sport","","Palmeiras","",2,2,2015,13
2015-07-18 00:00:00,"Internacional","","Goiás","",2,1,2015,14
2015-07-18 00:00:00,"Flamengo","","Grêmio","",1,0,2015,14
2015-07-18 00:00:00,"Corinthians","","Atlético-MG","MG",1,0,2015,14
2015-07-19 00:00:00,"Athletico-PR","PR","Chapecoense","",1,0,2015,14
2015-07-19 00:00:00,"Figueirense","","Coritiba","",0,0,2015,14
2015-07-19 00:00:00,"Sport","","São Paulo","",2,0,2015,14
2015-07-19 00:00:00,"Fluminense","","Vasco","",1,2,2015,14
2015-07-19 00:00:00,"Palmeiras","","Santos","",1,0,2015,14
2015-07-19 00:00:00,"Joinville","","Ponte Preta","",1,1,2015,14
2015-07-19 00:00:00,"Cruzeiro","","Avaí","",1,1,2015,14
2015-07-25 00:00:00,"Avaí","","Athletico-PR","PR",1,2,2015,15
2015-07-25 00:00:00,"Grêmio","","Sport","",1,1,2015,15
2015-07-25 00:00:00,"Atlético-MG","MG","Figueirense","",1,0,2015,15
2015-07-26 00:00:00,"Chapecoense","","Fluminense","",2,1,2015,15
2015-07-26 00:00:00,"Santos","","Joinville","",2,0,2015,15
2015-07-26 00:00:00,"São Paulo","","Cruzeiro","",1,0,2015,15
2015-07-26 00:00:00,"Goiás","","Flamengo","",0,1,2015,15
2015-07-26 00:00:00,"Coritiba","","Corinthians","",1,1,2015,15
2015-07-26 00:00:00,"Ponte Preta","","Internacional","",0,0,2015,15
2015-07-26 00:00:00,"Vasco","","Palmeiras","",1,4,2015,15
2015-07-29 00:00:00,"Atlético-MG","MG","São Paulo","",3,1,2015,16
2015-07-29 00:00:00,"Corinthians","","Vasco","",3,0,2015,16
2015-08-01 00:00:00,"Fluminense","","Grêmio","",1,0,2015,16
2015-08-02 00:00:00,"Palmeiras","","Athletico-PR","PR",0,1,2015,16
2015-08-02 00:00:00,"Coritiba","","Goiás","",1,1,2015,16
2015-08-02 00:00:00,"Internacional","","Chapecoense","",0,0,2015,16
2015-08-02 00:00:00,"Flamengo","","Santos","",2,2,2015,16
2015-08-02 00:00:00,"Figueirense","","Ponte Preta","",3,1,2015,16
2015-08-02 00:00:00,"Joinville","","Avaí","",2,0,2015,16
2015-08-02 00:00:00,"Sport","","Cruzeiro","",0,0,2015,16
2015-08-08 00:00:00,"Avaí","","Fluminense","",1,0,2015,17
2015-08-08 00:00:00,"Santos","","Coritiba","",3,0,2015,17
2015-08-09 00:00:00,"Athletico-PR","PR","Sport","",1,1,2015,17
2015-08-09 00:00:00,"Vasco","","Joinville","",0,0,2015,17
2015-08-09 00:00:00,"São Paulo","","Corinthians","",1,1,2015,17
2015-08-09 00:00:00,"Ponte Preta","","Flamengo","",1,0,2015,17
2015-08-09 00:00:00,"Goiás","","Atlético-MG","MG",0,0,2015,17
2015-08-09 00:00:00,"Cruzeiro","","Palmeiras","",2,1,2015,17
2015-08-09 00:00:00,"Grêmio","","Internacional","",5,0,2015,17
2015-08-09 00:00:00,"Chapecoense","","Figueirense","",2,2,2015,17
2015-08-12 00:00:00,"Flamengo","","Athletico-PR","PR",3,2,2015,18
2015-08-12 00:00:00,"Coritiba","","Palmeiras","",2,1,2015,18
2015-08-12 00:00:00,"Goiás","","Chapecoense","",0,0,2015,18
2015-08-12 00:00:00,"Santos","","Vasco","",1,0,2015,18
2015-08-12 00:00:00,"Corinthians","","Sport","",4,3,2015,18
2015-08-12 00:00:00,"Internacional","","Fluminense","",1,0,2015,18
2015-08-12 00:00:00,"Figueirense","","São Paulo","",0,2,2015,18
2015-08-13 00:00:00,"Ponte Preta","","Avaí","",2,0,2015,18
2015-08-13 00:00:00,"Joinville","","Cruzeiro","",3,0,2015,18
2015-08-13 00:00:00,"Atlético-MG","MG","Grêmio","",0,2,2015,18
2015-08-15 00:00:00,"Athletico-PR","PR","Santos","",0,0,2015,19
2015-08-15 00:00:00,"Vasco","","Coritiba","",0,1,2015,19
2015-08-15 00:00:00,"São Paulo","","Goiás","",0,3,2015,19
2015-08-16 00:00:00,"Palmeiras","","Flamengo","",4,2,2015,19
2015-08-16 00:00:00,"Avaí","","Corinthians","",1,2,2015,19
2015-08-16 00:00:00,"Sport","","Ponte Preta","",1,1,2015,19
2015-08-16 00:00:00,"Fluminense","","Figueirense","",2,1,2015,19
2015-08-16 00:00:00,"Cruzeiro","","Internacional","",0,0,2015,19
2015-08-16 00:00:00,"Chapecoense","","Atlético-MG","MG",2,1,2015,19
2015-08-16 00:00:00,"Grêmio","","Joinville","",2,1,2015,19
2015-08-22 00:00:00,"Goiás","","Vasco","",3,0,2015,20
2015-08-22 00:00:00,"Santos","","Avaí","",5,2,2015,20
2015-08-22 00:00:00,"Figueirense","","Sport","",2,1,2015,20
2015-08-23 00:00:00,"Coritiba","","Chapecoense","",1,0,2015,20
2015-08-23 00:00:00,"Ponte Preta","","Grêmio","",0,0,2015,20
2015-08-23 00:00:00,"Internacional","","Athletico-PR","PR",2,0,2015,20
2015-08-23 00:00:00,"Corinthians","","Cruzeiro","",3,0,2015,20
2015-08-23 00:00:00,"Joinville","","Fluminense","",2,1,2015,20
2015-08-23 00:00:00,"Flamengo","","São Paulo","",2,1,2015,20
2015-08-23 00:00:00,"Atlético-MG","MG","Palmeiras","",2,1,2015,20
2015-08-29 00:00:00,"Vasco","","Figueirense","",0,1,2015,21
2015-08-29 00:00:00,"São Paulo","","Ponte Preta","",3,0,2015,21
2015-08-30 00:00:00,"Grêmio","","Coritiba","",0,0,2015,21
2015-08-30 00:00:00,"Avaí","","Internacional","",3,0,2015,21
2015-08-30 00:00:00,"Sport","","Flamengo","",0,1,2015,21
2015-08-30 00:00:00,"Chapecoense","","Corinthians","",1,3,2015,21
2015-08-30 00:00:00,"Fluminense","","Atlético-MG","MG",1,2,2015,21
2015-08-30 00:00:00,"Palmeiras","","Joinville","",3,2,2015,21
2015-08-30 00:00:00,"Athletico-PR","PR","Goiás","",3,0,2015,21
2015-08-30 00:00:00,"Cruzeiro","","Santos","",0,1,2015,21
2015-09-02 00:00:00,"Internacional","","Vasco","",6,0,2015,22
2015-09-02 00:00:00,"Ponte Preta","","Cruzeiro","",1,2,2015,22
2015-09-02 00:00:00,"Joinville","","São Paulo","",0,0,2015,22
2015-09-02 00:00:00,"Atlético-MG","MG","Athletico-PR","PR",0,1,2015,22
2015-09-02 00:00:00,"Flamengo","","Avaí","",3,0,2015,22
2015-09-02 00:00:00,"Goiás","","Palmeiras","",1,0,2015,22
2015-09-02 00:00:00,"Coritiba","","Sport","",0,0,2015,22
2015-09-02 00:00:00,"Corinthians","","Fluminense","",2,0,2015,22
2015-09-03 00:00:00,"Santos","","Chapecoense","",3,1,2015,22
2015-09-03 00:00:00,"Figueirense","","Grêmio","",0,2,2015,22
2015-09-05 00:00:00,"Vasco","","Atlético-MG","MG",1,2,2015,23
2015-09-05 00:00:00,"São Paulo","","Internacional","",2,0,2015,23
2015-09-05 00:00:00,"Athletico-PR","PR","Joinville","",0,0,2015,23
2015-09-06 00:00:00,"Cruzeiro","","Figueirense","",5,1,2015,23
2015-09-06 00:00:00,"Chapecoense","","Ponte Preta","",0,0,2015,23
2015-09-06 00:00:00,"Avaí","","Coritiba","",0,2,2015,23
2015-09-06 00:00:00,"Grêmio","","Goiás","",2,1,2015,23
2015-09-06 00:00:00,"Fluminense","","Flamengo","",1,3,2015,23
2015-09-06 00:00:00,"Palmeiras","","Corinthians","",3,3,2015,23
2015-09-06 00:00:00,"Sport","","Santos","",1,1,2015,23
2015-09-09 00:00:00,"Ponte Preta","","Vasco","",0,1,2015,24
2015-09-09 00:00:00,"Atlético-MG","MG","Avaí","",2,0,2015,24
2015-09-09 00:00:00,"Internacional","","Palmeiras","",1,0,2015,24
2015-09-09 00:00:00,"Figueirense","","Athletico-PR","PR",1,1,2015,24
2015-09-09 00:00:00,"Corinthians","","Grêmio","",1,1,2015,24
2015-09-09 00:00:00,"Santos","","São Paulo","",3,0,2015,24
2015-09-09 00:00:00,"Coritiba","","Fluminense","",1,1,2015,24
2015-09-10 00:00:00,"Goiás","","Sport","",1,0,2015,24
2015-09-10 00:00:00,"Flamengo","","Cruzeiro","",2,0,2015,24
2015-09-10 00:00:00,"Joinville","","Chapecoense","",0,0,2015,24
2015-09-12 00:00:00,"Coritiba","","Internacional","",0,1,2015,25
2015-09-12 00:00:00,"Palmeiras","","Figueirense","",2,0,2015,25
2015-09-13 00:00:00,"Ponte Preta","","Santos","",3,1,2015,25
2015-09-13 00:00:00,"Corinthians","","Joinville","",3,0,2015,25
2015-09-13 00:00:00,"Chapecoense","","Flamengo","",1,3,2015,25
2015-09-13 00:00:00,"Vasco","","Athletico-PR","PR",2,0,2015,25
2015-09-13 00:00:00,"Cruzeiro","","Atlético-MG","MG",1,1,2015,25
2015-09-13 00:00:00,"Grêmio","","São Paulo","",1,2,2015,25
2015-09-13 00:00:00,"Sport","","Fluminense","",1,0,2015,25
2015-09-13 00:00:00,"Avaí","","Goiás","",2,1,2015,25
2015-09-16 00:00:00,"Fluminense","","Palmeiras","",1,4,2015,26
2015-09-16 00:00:00,"Joinville","","Sport","",1,1,2015,26
2015-09-16 00:00:00,"Goiás","","Ponte Preta","",1,2,2015,26
2015-09-16 00:00:00,"Athletico-PR","PR","Grêmio","",1,2,2015,26
2015-09-16 00:00:00,"Figueirense","","Avaí","",0,1,2015,26
2015-09-16 00:00:00,"Santos","","Atlético-MG","MG",4,0,2015,26
2015-09-16 00:00:00,"Cruzeiro","","Vasco","",2,2,2015,26
2015-09-16 00:00:00,"Internacional","","Corinthians","",2,1,2015,26
2015-09-17 00:00:00,"São Paulo","","Chapecoense","",0,0,2015,26
2015-09-17 00:00:00,"Flamengo","","Coritiba","",0,2,2015,26
2015-09-19 00:00:00,"Internacional","","Figueirense","",1,1,2015,27
2015-09-19 00:00:00,"Palmeiras","","Grêmio","",3,2,2015,27
2015-09-19 00:00:00,"Ponte Preta","","Fluminense","",3,1,2015,27
2015-09-20 00:00:00,"Corinthians","","Santos","",2,0,2015,27
2015-09-20 00:00:00,"Goiás","","Joinville","",3,0,2015,27
2015-09-20 00:00:00,"Avaí","","São Paulo","",2,1,2015,27
2015-09-20 00:00:00,"Atlético-MG","MG","Flamengo","",4,1,2015,27
2015-09-20 00:00:00,"Vasco","","Sport","",2,1,2015,27
2015-09-20 00:00:00,"Chapecoense","","Cruzeiro","",0,2,2015,27
2015-09-20 00:00:00,"Coritiba","","Athletico-PR","PR",2,0,2015,27
2015-09-26 00:00:00,"Fluminense","","Goiás","",2,0,2015,28
2015-09-26 00:00:00,"Grêmio","","Avaí","",3,1,2015,28
2015-09-27 00:00:00,"Athletico-PR","PR","Ponte Preta","",1,2,2015,28
2015-09-27 00:00:00,"Santos","","Internacional","",3,1,2015,28
2015-09-27 00:00:00,"Figueirense","","Corinthians","",1,3,2015,28
2015-09-27 00:00:00,"Flamengo","","Vasco","",1,2,2015,28
2015-09-27 00:00:00,"Joinville","","Atlético-MG","MG",2,2,2015,28
2015-09-27 00:00:00,"São Paulo","","Palmeiras","",1,1,2015,28
2015-09-27 00:00:00,"Cruzeiro","","Coritiba","",2,0,2015,28
2015-09-27 00:00:00,"Sport","","Chapecoense","",3,0,2015,28
2015-10-03 00:00:00,"Coritiba","","Atlético-MG","MG",0,3,2015,29
2015-10-03 00:00:00,"Internacional","","Sport","",2,1,2015,29
2015-10-03 00:00:00,"São Paulo","","Athletico-PR","PR",1,0,2015,29
2015-10-04 00:00:00,"Flamengo","","Joinville","",2,0,2015,29
2015-10-04 00:00:00,"Avaí","","Vasco","",1,1,2015,29
2015-10-04 00:00:00,"Goiás","","Figueirense","",2,3,2015,29
2015-10-04 00:00:00,"Cruzeiro","","Grêmio","",0,0,2015,29
2015-10-04 00:00:00,"Santos","","Fluminense","",3,1,2015,29
2015-10-04 00:00:00,"Ponte Preta","","Corinthians","",2,2,2015,29
2015-10-04 00:00:00,"Chapecoense","","Palmeiras","",5,1,2015,29
2015-10-14 00:00:00,"Sport","","Avaí","",3,0,2015,30
2015-10-14 00:00:00,"Atlético-MG","MG","Internacional","",2,1,2015,30
2015-10-14 00:00:00,"Figueirense","","Flamengo","",3,0,2015,30
2015-10-14 00:00:00,"Joinville","","Coritiba","",3,1,2015,30
2015-10-14 00:00:00,"Palmeiras","","Ponte Preta","",0,1,2015,30
2015-10-14 00:00:00,"Fluminense","","São Paulo","",2,0,2015,30
2015-10-14 00:00:00,"Athletico-PR","PR","Cruzeiro","",2,2,2015,30
2015-10-15 00:00:00,"Corinthians","","Goiás","",3,0,2015,30
2015-10-15 00:00:00,"Vasco","","Chapecoense","",1,1,2015,30
2015-10-15 00:00:00,"Grêmio","","Santos","",1,0,2015,30
2015-10-17 00:00:00,"Avaí","","Palmeiras","",1,3,2015,31
2015-10-17 00:00:00,"Joinville","","Figueirense","",1,0,2015,31
2015-10-18 00:00:00,"Ponte Preta","","Coritiba","",3,0,2015,31
2015-10-18 00:00:00,"Cruzeiro","","Fluminense","",2,0,2015,31
2015-10-18 00:00:00,"Athletico-PR","PR","Corinthians","",1,4,2015,31
2015-10-18 00:00:00,"São Paulo","","Vasco","",2,2,2015,31
2015-10-18 00:00:00,"Flamengo","","Internacional","",0,1,2015,31
2015-10-18 00:00:00,"Santos","","Goiás","",3,1,2015,31
2015-10-18 00:00:00,"Grêmio","","Chapecoense","",2,3,2015,31
2015-10-18 00:00:00,"Sport","","Atlético-MG","MG",4,1,2015,31
2015-10-24 00:00:00,"Fluminense","","Athletico-PR","PR",0,1,2015,32
2015-10-24 00:00:00,"Internacional","","Joinville","",1,0,2015,32
2015-10-24 00:00:00,"Figueirense","","Santos","",0,0,2015,32
2015-10-24 00:00:00,"Palmeiras","","Sport","",0,2,2015,32
2015-10-25 00:00:00,"Chapecoense","","Avaí","",0,0,2015,32
2015-10-25 00:00:00,"Vasco","","Grêmio","",0,0,2015,32
2015-10-25 00:00:00,"Coritiba","","São Paulo","",1,2,2015,32
2015-10-25 00:00:00,"Corinthians","","Flamengo","",1,0,2015,32
2015-10-25 00:00:00,"Goiás","","Cruzeiro","",0,1,2015,32
2015-10-25 00:00:00,"Atlético-MG","MG","Ponte Preta","",2,1,2015,32
2015-10-31 00:00:00,"São Paulo","","Sport","",3,0,2015,33
2015-10-31 00:00:00,"Avaí","","Cruzeiro","",1,1,2015,33
2015-10-31 00:00:00,"Ponte Preta","","Joinville","",1,0,2015,33
2015-10-31 00:00:00,"Coritiba","","Figueirense","",1,1,2015,33
2015-11-01 00:00:00,"Grêmio","","Flamengo","",2,0,2015,33
2015-11-01 00:00:00,"Santos","","Palmeiras","",2,1,2015,33
2015-11-01 00:00:00,"Atlético-MG","MG","Corinthians","",0,3,2015,33
2015-11-01 00:00:00,"Chapecoense","","Athletico-PR","PR",0,0,2015,33
2015-11-01 00:00:00,"Vasco","","Fluminense","",0,1,2015,33
2015-11-01 00:00:00,"Goiás","","Internacional","",2,1,2015,33
2015-11-07 00:00:00,"Internacional","","Ponte Preta","",1,0,2015,34
2015-11-07 00:00:00,"Athletico-PR","PR","Avaí","",2,1,2015,34
2015-11-07 00:00:00,"Corinthians","","Coritiba","",2,1,2015,34
2015-11-07 00:00:00,"Fluminense","","Chapecoense","",2,3,2015,34
2015-11-08 00:00:00,"Palmeiras","","Vasco","",0,2,2015,34
2015-11-08 00:00:00,"Figueirense","","Atlético-MG","MG",0,1,2015,34
2015-11-08 00:00:00,"Cruzeiro","","São Paulo","",2,1,2015,34
2015-11-08 00:00:00,"Flamengo","","Goiás","",4,1,2015,34
2015-11-08 00:00:00,"Joinville","","Santos","",0,0,2015,34
2015-11-08 00:00:00,"Sport","","Grêmio","",1,0,2015,34
2015-11-15 00:00:00,"Cruzeiro","","Sport","",3,0,2015,35
2015-11-18 00:00:00,"Goiás","","Coritiba","",1,3,2015,35
2015-11-18 00:00:00,"Avaí","","Joinville","",2,1,2015,35
2015-11-18 00:00:00,"Ponte Preta","","Figueirense","",0,1,2015,35
2015-11-18 00:00:00,"Athletico-PR","PR","Palmeiras","",3,3,2015,35
2015-11-19 00:00:00,"Chapecoense","","Internacional","",1,0,2015,35
2015-11-19 00:00:00,"Grêmio","","Fluminense","",1,0,2015,35
2015-11-19 00:00:00,"Vasco","","Corinthians","",1,1,2015,35
2015-11-19 00:00:00,"São Paulo","","Atlético-MG","MG",4,2,2015,35
2015-11-19 00:00:00,"Santos","","Flamengo","",0,0,2015,35
2015-11-21 00:00:00,"Palmeiras","","Cruzeiro","",1,1,2015,36
2015-11-22 00:00:00,"Atlético-MG","MG","Goiás","",2,2,2015,36
2015-11-22 00:00:00,"Joinville","","Vasco","",1,2,2015,36
2015-11-22 00:00:00,"Internacional","","Grêmio","",1,0,2015,36
2015-11-22 00:00:00,"Figueirense","","Chapecoense","",0,0,2015,36
2015-11-22 00:00:00,"Corinthians","","São Paulo","",6,1,2015,36
2015-11-22 00:00:00,"Flamengo","","Ponte Preta","",1,1,2015,36
2015-11-22 00:00:00,"Sport","","Athletico-PR","PR",0,0,2015,36
2015-11-22 00:00:00,"Coritiba","","Santos","",1,0,2015,36
2015-11-22 00:00:00,"Fluminense","","Avaí","",3,1,2015,36
2015-11-28 00:00:00,"São Paulo","","Figueirense","",3,2,2015,37
2015-11-28 00:00:00,"Fluminense","","Internacional","",1,1,2015,37
2015-11-28 00:00:00,"Avaí","","Ponte Preta","",1,0,2015,37
2015-11-29 00:00:00,"Cruzeiro","","Joinville","",3,0,2015,37
2015-11-29 00:00:00,"Vasco","","Santos","",1,0,2015,37
2015-11-29 00:00:00,"Sport","","Corinthians","",2,0,2015,37
2015-11-29 00:00:00,"Grêmio","","Atlético-MG","MG",2,1,2015,37
2015-11-29 00:00:00,"Palmeiras","","Coritiba","",0,2,2015,37
2015-11-29 00:00:00,"Chapecoense","","Goiás","",1,3,2015,37
2015-11-29 00:00:00,"Athletico-PR","PR","Flamengo","",3,0,2015,37
2015-12-06 00:00:00,"Figueirense","","Fluminense","",1,0,2015,38
2015-12-06 00:00:00,"Coritiba","","Vasco","",0,0,2015,38
2015-12-06 00:00:00,"Goiás","","São Paulo","",0,1,2015,38
2015-12-06 00:00:00,"Joinville","","Grêmio","",0,2,2015,38
2015-12-06 00:00:00,"Atlético-MG","MG","Chapecoense","",3,0,2015,38
2015-12-06 00:00:00,"Internacional","","Cruzeiro","",2,0,2015,38
2015-12-06 00:00:00,"Santos","","Athletico-PR","PR",5,1,2015,38
2015-12-06 00:00:00,"Ponte Preta","","Sport","",0,1,2015,38
2015-12-06 00:00:00,"Flamengo","","Palmeiras","",1,2,2015,38
2015-12-06 00:00:00,"Corinthians","","Avaí","",1,1,2015,38
2016-05-14 00:00:00,"Palmeiras","","Athletico-PR","PR",4,0,2016,1
2016-05-14 00:00:00,"Flamengo","","Sport","",1,0,2016,1
2016-05-14 00:00:00,"Atlético-MG","MG","Santos","",1,0,2016,1
2016-05-14 00:00:00,"Coritiba","","Cruzeiro","",1,0,2016,1
2016-05-15 00:00:00,"Botafogo","","São Paulo","",0,1,2016,1
2016-05-15 00:00:00,"Santa Cruz","","Vitória","",4,1,2016,1
2016-05-15 00:00:00,"América-MG","MG","Fluminense","",0,1,2016,1
2016-05-15 00:00:00,"Corinthians","","Grêmio","",0,0,2016,1
2016-05-15 00:00:00,"Figueirense","","Ponte Preta","",0,0,2016,1
2016-05-15 00:00:00,"Internacional","","Chapecoense","",0,0,2016,1
2016-05-21 00:00:00,"Ponte Preta","","Palmeiras","",2,1,2016,2
2016-05-21 00:00:00,"Fluminense","","Santa Cruz","",2,2,2016,2
2016-05-21 00:00:00,"Cruzeiro","","Figueirense","",2,2,2016,2
2016-05-22 00:00:00,"Santos","","Coritiba","",2,1,2016,2
2016-05-22 00:00:00,"Athletico-PR","PR","Atlético-MG","MG",1,1,2016,2
2016-05-22 00:00:00,"Chapecoense","","América-MG","MG",3,1,2016,2
2016-05-22 00:00:00,"Vitória","","Corinthians","",3,2,2016,2
2016-05-22 00:00:00,"Grêmio","","Flamengo","",1,0,2016,2
2016-05-22 00:00:00,"São Paulo","","Internacional","",1,2,2016,2
2016-05-22 00:00:00,"Sport","","Botafogo","",1,1,2016,2
2016-05-25 00:00:00,"Figueirense","","Santos","",2,2,2016,3
2016-05-25 00:00:00,"Botafogo","","Athletico-PR","PR",2,1,2016,3
2016-05-25 00:00:00,"Flamengo","","Chapecoense","",2,2,2016,3
2016-05-25 00:00:00,"América-MG","MG","Vitória","",1,1,2016,3
2016-05-25 00:00:00,"Palmeiras","","Fluminense","",2,0,2016,3
2016-05-25 00:00:00,"Coritiba","","São Paulo","",1,1,2016,3
2016-05-25 00:00:00,"Santa Cruz","","Cruzeiro","",4,1,2016,3
2016-05-26 00:00:00,"Corinthians","","Ponte Preta","",3,0,2016,3
2016-05-26 00:00:00,"Internacional","","Sport","",1,0,2016,3
2016-05-26 00:00:00,"Atlético-MG","MG","Grêmio","",0,3,2016,3
2016-05-28 00:00:00,"Cruzeiro","","América-MG","MG",1,1,2016,4
2016-05-28 00:00:00,"Athletico-PR","PR","Figueirense","",2,1,2016,4
2016-05-28 00:00:00,"Chapecoense","","Santa Cruz","",1,1,2016,4
2016-05-29 00:00:00,"Sport","","Corinthians","",0,2,2016,4
2016-05-29 00:00:00,"Ponte Preta","","Flamengo","",1,2,2016,4
2016-05-29 00:00:00,"Fluminense","","Botafogo","",1,0,2016,4
2016-05-29 00:00:00,"Vitória","","Atlético-MG","MG",1,1,2016,4
2016-05-29 00:00:00,"São Paulo","","Palmeiras","",1,0,2016,4
2016-05-29 00:00:00,"Grêmio","","Coritiba","",2,0,2016,4
2016-05-29 00:00:00,"Santos","","Internacional","",0,1,2016,4
2016-06-01 00:00:00,"Internacional","","Athletico-PR","PR",1,0,2016,5
2016-06-01 00:00:00,"Santa Cruz","","Sport","",0,1,2016,5
2016-06-01 00:00:00,"Coritiba","","Chapecoense","",3,4,2016,5
2016-06-01 00:00:00,"Corinthians","","Santos","",1,0,2016,5
2016-06-01 00:00:00,"Figueirense","","São Paulo","",1,0,2016,5
2016-06-01 00:00:00,"Atlético-MG","MG","Fluminense","",1,1,2016,5
2016-06-01 00:00:00,"Botafogo","","Cruzeiro","",0,1,2016,5
2016-06-02 00:00:00,"América-MG","MG","Ponte Preta","",1,2,2016,5
2016-06-02 00:00:00,"Palmeiras","","Grêmio","",4,3,2016,5
2016-06-02 00:00:00,"Flamengo","","Vitória","",1,0,2016,5
2016-06-04 00:00:00,"Athletico-PR","PR","Santa Cruz","",1,0,2016,6
2016-06-04 00:00:00,"Chapecoense","","Fluminense","",0,0,2016,6
2016-06-04 00:00:00,"Corinthians","","Coritiba","",2,1,2016,6
2016-06-05 00:00:00,"Santos","","Botafogo","",3,0,2016,6
2016-06-05 00:00:00,"América-MG","MG","Figueirense","",1,0,2016,6
2016-06-05 00:00:00,"Sport","","Atlético-MG","MG",4,4,2016,6
2016-06-05 00:00:00,"Flamengo","","Palmeiras","",1,2,2016,6
2016-06-05 00:00:00,"Grêmio","","Ponte Preta","",1,0,2016,6
2016-06-05 00:00:00,"Vitória","","Internacional","",1,0,2016,6
2016-06-05 00:00:00,"Cruzeiro","","São Paulo","",0,1,2016,6
2016-06-11 00:00:00,"Internacional","","América-MG","MG",3,1,2016,7
2016-06-11 00:00:00,"Ponte Preta","","Chapecoense","",2,1,2016,7
2016-06-11 00:00:00,"Fluminense","","Grêmio","",1,1,2016,7
2016-06-11 00:00:00,"São Paulo","","Athletico-PR","PR",1,2,2016,7
2016-06-12 00:00:00,"Botafogo","","Vitória","",1,1,2016,7
2016-06-12 00:00:00,"Coritiba","","Sport","",3,2,2016,7
2016-06-12 00:00:00,"Palmeiras","","Corinthians","",1,0,2016,7
2016-06-12 00:00:00,"Atlético-MG","MG","Cruzeiro","",2,3,2016,7
2016-06-12 00:00:00,"Figueirense","","Flamengo","",1,0,2016,7
2016-06-12 00:00:00,"Santa Cruz","","Santos","",0,2,2016,7
2016-06-15 00:00:00,"São Paulo","","Vitória","",2,0,2016,8
2016-06-15 00:00:00,"Ponte Preta","","Athletico-PR","PR",3,2,2016,8
2016-06-15 00:00:00,"Chapecoense","","Grêmio","",3,3,2016,8
2016-06-15 00:00:00,"Botafogo","","América-MG","MG",3,1,2016,8
2016-06-15 00:00:00,"Santa Cruz","","Figueirense","",1,0,2016,8
2016-06-15 00:00:00,"Santos","","Sport","",2,0,2016,8
2016-06-15 00:00:00,"Coritiba","","Palmeiras","",2,2,2016,8
2016-06-15 00:00:00,"Cruzeiro","","Flamengo","",0,1,2016,8
2016-06-16 00:00:00,"Internacional","","Atlético-MG","MG",2,0,2016,8
2016-06-16 00:00:00,"Fluminense","","Corinthians","",1,0,2016,8
2016-06-18 00:00:00,"Palmeiras","","Santa Cruz","",3,1,2016,9
2016-06-18 00:00:00,"Athletico-PR","PR","Santos","",1,0,2016,9
2016-06-18 00:00:00,"América-MG","MG","Coritiba","",2,1,2016,9
2016-06-19 00:00:00,"Atlético-MG","MG","Ponte Preta","",3,0,2016,9
2016-06-19 00:00:00,"Vitória","","Chapecoense","",1,2,2016,9
2016-06-19 00:00:00,"Sport","","Fluminense","",2,1,2016,9
2016-06-19 00:00:00,"Flamengo","","São Paulo","",2,2,2016,9
2016-06-19 00:00:00,"Figueirense","","Internacional","",3,2,2016,9
2016-06-19 00:00:00,"Corinthians","","Botafogo","",3,1,2016,9
2016-06-19 00:00:00,"Grêmio","","Cruzeiro","",2,0,2016,9
2016-06-21 00:00:00,"Palmeiras","","América-MG","MG",2,0,2016,10
2016-06-22 00:00:00,"Ponte Preta","","Cruzeiro","",0,4,2016,10
2016-06-22 00:00:00,"Botafogo","","Figueirense","",0,0,2016,10
2016-06-22 00:00:00,"Santa Cruz","","Flamengo","",0,1,2016,10
2016-06-22 00:00:00,"Fluminense","","Santos","",2,4,2016,10
2016-06-22 00:00:00,"Atlético-MG","MG","Corinthians","",2,1,2016,10
2016-06-23 00:00:00,"Chapecoense","","Athletico-PR","PR",0,0,2016,10
2016-06-23 00:00:00,"Grêmio","","Vitória","",1,2,2016,10
2016-06-23 00:00:00,"São Paulo","","Sport","",0,0,2016,10
2016-06-23 00:00:00,"Coritiba","","Internacional","",1,1,2016,10
2016-06-25 00:00:00,"Cruzeiro","","Palmeiras","",2,1,2016,11
2016-06-25 00:00:00,"Corinthians","","Santa Cruz","",2,1,2016,11
2016-06-26 00:00:00,"América-MG","MG","Atlético-MG","MG",0,1,2016,11
2016-06-26 00:00:00,"Internacional","","Botafogo","",2,3,2016,11
2016-06-26 00:00:00,"Athletico-PR","PR","Grêmio","",2,0,2016,11
2016-06-26 00:00:00,"Flamengo","","Fluminense","",1,2,2016,11
2016-06-26 00:00:00,"Santos","","São Paulo","",3,0,2016,11
2016-06-26 00:00:00,"Vitória","","Ponte Preta","",1,1,2016,11
2016-06-26 00:00:00,"Sport","","Chapecoense","",5,1,2016,11
2016-06-26 00:00:00,"Figueirense","","Coritiba","",0,0,2016,11
2016-06-29 00:00:00,"Grêmio","","Santos","",3,2,2016,12
2016-06-29 00:00:00,"Flamengo","","Internacional","",1,0,2016,12
2016-06-29 00:00:00,"Vitória","","Sport","",3,2,2016,12
2016-06-29 00:00:00,"Coritiba","","Athletico-PR","PR",1,0,2016,12
2016-06-29 00:00:00,"Chapecoense","","Cruzeiro","",3,2,2016,12
2016-06-29 00:00:00,"América-MG","MG","Corinthians","",0,2,2016,12
2016-06-29 00:00:00,"São Paulo","","Fluminense","",2,1,2016,12
2016-06-30 00:00:00,"Santa Cruz","","Ponte Preta","",0,3,2016,12
2016-06-30 00:00:00,"Palmeiras","","Figueirense","",4,0,2016,12
2016-06-30 00:00:00,"Atlético-MG","MG","Botafogo","",5,3,2016,12
2016-07-02 00:00:00,"Fluminense","","Coritiba","",0,0,2016,13
2016-07-02 00:00:00,"Athletico-PR","PR","América-MG","MG",1,0,2016,13
2016-07-03 00:00:00,"Internacional","","Grêmio","",0,1,2016,13
2016-07-03 00:00:00,"Cruzeiro","","Vitória","",2,2,2016,13
2016-07-03 00:00:00,"Botafogo","","Santa Cruz","",2,1,2016,13
2016-07-03 00:00:00,"Santos","","Chapecoense","",3,0,2016,13
2016-07-03 00:00:00,"Corinthians","","Flamengo","",4,0,2016,13
2016-07-03 00:00:00,"Ponte Preta","","São Paulo","",1,0,2016,13
2016-07-03 00:00:00,"Figueirense","","Atlético-MG","MG",1,1,2016,13
2016-07-04 00:00:00,"Sport","","Palmeiras","",1,3,2016,13
2016-07-09 00:00:00,"Coritiba","","Botafogo","",0,0,2016,14
2016-07-09 00:00:00,"Chapecoense","","Corinthians","",0,2,2016,14
2016-07-09 00:00:00,"Ponte Preta","","Sport","",2,1,2016,14
2016-07-10 00:00:00,"Flamengo","","Atlético-MG","MG",2,0,2016,14
2016-07-10 00:00:00,"Grêmio","","Figueirense","",2,1,2016,14
2016-07-10 00:00:00,"Santa Cruz","","Internacional","",1,0,2016,14
2016-07-10 00:00:00,"São Paulo","","América-MG","MG",3,0,2016,14
2016-07-10 00:00:00,"Vitória","","Fluminense","",0,0,2016,14
2016-07-11 00:00:00,"Cruzeiro","","Athletico-PR","PR",0,3,2016,14
2016-07-12 00:00:00,"Palmeiras","","Santos","",1,1,2016,14
2016-07-16 00:00:00,"Botafogo","","Flamengo","",3,3,2016,15
2016-07-16 00:00:00,"Santos","","Ponte Preta","",3,1,2016,15
2016-07-17 00:00:00,"América-MG","MG","Santa Cruz","",0,3,2016,15
2016-07-17 00:00:00,"Internacional","","Palmeiras","",0,1,2016,15
2016-07-17 00:00:00,"Fluminense","","Cruzeiro","",2,0,2016,15
2016-07-17 00:00:00,"Corinthians","","São Paulo","",1,1,2016,15
2016-07-17 00:00:00,"Figueirense","","Chapecoense","",1,1,2016,15
2016-07-17 00:00:00,"Athletico-PR","PR","Vitória","",1,1,2016,15
2016-07-17 00:00:00,"Sport","","Grêmio","",4,2,2016,15
2016-07-18 00:00:00,"Atlético-MG","MG","Coritiba","",2,1,2016,15
2016-07-23 00:00:00,"Corinthians","","Figueirense","",1,1,2016,16
2016-07-23 00:00:00,"Santa Cruz","","Coritiba","",0,1,2016,16
2016-07-24 00:00:00,"Ponte Preta","","Internacional","",2,2,2016,16
2016-07-24 00:00:00,"Palmeiras","","Atlético-MG","MG",0,1,2016,16
2016-07-24 00:00:00,"Chapecoense","","Botafogo","",2,1,2016,16
2016-07-24 00:00:00,"Athletico-PR","PR","Fluminense","",1,0,2016,16
2016-07-24 00:00:00,"Grêmio","","São Paulo","",1,0,2016,16
2016-07-24 00:00:00,"Cruzeiro","","Sport","",1,2,2016,16
2016-07-24 00:00:00,"Vitória","","Santos","",2,3,2016,16
2016-07-25 00:00:00,"Flamengo","","América-MG","MG",2,1,2016,16
2016-07-30 00:00:00,"Sport","","Athletico-PR","PR",2,0,2016,17
2016-07-30 00:00:00,"Figueirense","","Vitória","",1,0,2016,17
2016-07-30 00:00:00,"Atlético-MG","MG","Santa Cruz","",3,0,2016,17
2016-07-31 00:00:00,"Fluminense","","Ponte Preta","",3,0,2016,17
2016-07-31 00:00:00,"São Paulo","","Chapecoense","",2,2,2016,17
2016-07-31 00:00:00,"Coritiba","","Flamengo","",0,2,2016,17
2016-07-31 00:00:00,"Internacional","","Corinthians","",0,1,2016,17
2016-07-31 00:00:00,"Santos","","Cruzeiro","",2,0,2016,17
2016-07-31 00:00:00,"Botafogo","","Palmeiras","",3,1,2016,17
2016-07-31 00:00:00,"América-MG","MG","Grêmio","",0,0,2016,17
2016-08-03 00:00:00,"Vitória","","Coritiba","",3,1,2016,18
2016-08-03 00:00:00,"Sport","","América-MG","MG",1,1,2016,18
2016-08-03 00:00:00,"Santos","","Flamengo","",0,0,2016,18
2016-08-03 00:00:00,"Athletico-PR","PR","Corinthians","",2,0,2016,18
2016-08-04 00:00:00,"Ponte Preta","","Botafogo","",2,0,2016,18
2016-08-04 00:00:00,"São Paulo","","Atlético-MG","MG",1,2,2016,18
2016-08-04 00:00:00,"Grêmio","","Santa Cruz","",0,0,2016,18
2016-08-04 00:00:00,"Cruzeiro","","Internacional","",4,2,2016,18
2016-08-04 00:00:00,"Chapecoense","","Palmeiras","",1,1,2016,18
2016-09-03 00:00:00,"Fluminense","","Figueirense","",3,2,2016,18
2016-09-04 00:00:00,"Botafogo","","Grêmio","",2,1,2016,19
2016-08-06 00:00:00,"Flamengo","","Athletico-PR","PR",1,0,2016,19
2016-08-07 00:00:00,"América-MG","MG","Santos","",1,0,2016,19
2016-08-07 00:00:00,"Coritiba","","Ponte Preta","",3,1,2016,19
2016-08-07 00:00:00,"Palmeiras","","Vitória","",2,1,2016,19
2016-08-07 00:00:00,"Internacional","","Fluminense","",2,2,2016,19
2016-08-07 00:00:00,"Santa Cruz","","São Paulo","",1,2,2016,19
2016-08-07 00:00:00,"Figueirense","","Sport","",1,1,2016,19
2016-08-08 00:00:00,"Atlético-MG","MG","Chapecoense","",3,1,2016,19
2016-08-08 00:00:00,"Corinthians","","Cruzeiro","",1,1,2016,19
2016-08-13 00:00:00,"Sport","","Flamengo","",1,0,2016,20
2016-08-13 00:00:00,"Ponte Preta","","Figueirense","",2,0,2016,20
2016-08-14 00:00:00,"Grêmio","","Corinthians","",3,0,2016,20
2016-08-14 00:00:00,"Fluminense","","América-MG","MG",1,0,2016,20
2016-08-14 00:00:00,"Vitória","","Santa Cruz","",2,2,2016,20
2016-08-14 00:00:00,"Cruzeiro","","Coritiba","",2,2,2016,20
2016-08-14 00:00:00,"Santos","","Atlético-MG","MG",3,0,2016,20
2016-08-14 00:00:00,"São Paulo","","Botafogo","",0,1,2016,20
2016-08-14 00:00:00,"Athletico-PR","PR","Palmeiras","",0,1,2016,20
2016-08-15 00:00:00,"Chapecoense","","Internacional","",1,0,2016,20
2016-08-19 00:00:00,"América-MG","MG","Chapecoense","",1,2,2016,21
2016-08-20 00:00:00,"Botafogo","","Sport","",3,0,2016,21
2016-08-21 00:00:00,"Atlético-MG","MG","Athletico-PR","PR",1,0,2016,21
2016-08-21 00:00:00,"Flamengo","","Grêmio","",2,1,2016,21
2016-08-21 00:00:00,"Palmeiras","","Ponte Preta","",2,2,2016,21
2016-08-21 00:00:00,"Santa Cruz","","Fluminense","",0,1,2016,21
2016-08-21 00:00:00,"Internacional","","São Paulo","",1,1,2016,21
2016-08-21 00:00:00,"Coritiba","","Santos","",2,1,2016,21
2016-08-21 00:00:00,"Figueirense","","Cruzeiro","",1,2,2016,21
2016-08-22 00:00:00,"Corinthians","","Vitória","",2,1,2016,21
2016-08-27 00:00:00,"Ponte Preta","","Corinthians","",2,0,2016,22
2016-08-28 00:00:00,"Santos","","Figueirense","",0,1,2016,22
2016-08-28 00:00:00,"Cruzeiro","","Santa Cruz","",2,0,2016,22
2016-08-28 00:00:00,"Grêmio","","Atlético-MG","MG",1,1,2016,22
2016-08-28 00:00:00,"São Paulo","","Coritiba","",0,0,2016,22
2016-08-28 00:00:00,"Chapecoense","","Flamengo","",1,3,2016,22
2016-08-28 00:00:00,"Fluminense","","Palmeiras","",0,2,2016,22
2016-08-28 00:00:00,"Vitória","","América-MG","MG",2,1,2016,22
2016-08-28 00:00:00,"Sport","","Internacional","",1,1,2016,22
2016-08-29 00:00:00,"Athletico-PR","PR","Botafogo","",1,0,2016,22
2016-09-07 00:00:00,"Santa Cruz","","Chapecoense","",2,2,2016,23
2016-09-07 00:00:00,"Figueirense","","Athletico-PR","PR",1,0,2016,23
2016-09-07 00:00:00,"Botafogo","","Fluminense","",1,0,2016,23
2016-09-07 00:00:00,"Atlético-MG","MG","Vitória","",2,1,2016,23
2016-09-07 00:00:00,"Palmeiras","","São Paulo","",2,1,2016,23
2016-09-07 00:00:00,"Flamengo","","Ponte Preta","",2,1,2016,23
2016-09-07 00:00:00,"Coritiba","","Grêmio","",4,0,2016,23
2016-09-08 00:00:00,"Corinthians","","Sport","",3,0,2016,23
2016-09-08 00:00:00,"Internacional","","Santos","",2,1,2016,23
2016-09-08 00:00:00,"América-MG","MG","Cruzeiro","",0,2,2016,23
2016-09-10 00:00:00,"Vitória","","Flamengo","",1,2,2016,24
2016-09-11 00:00:00,"São Paulo","","Figueirense","",3,1,2016,24
2016-09-11 00:00:00,"Chapecoense","","Coritiba","",1,0,2016,24
2016-09-11 00:00:00,"Athletico-PR","PR","Internacional","",2,1,2016,24
2016-09-11 00:00:00,"Cruzeiro","","Botafogo","",0,2,2016,24
2016-09-11 00:00:00,"Santos","","Corinthians","",2,1,2016,24
2016-09-11 00:00:00,"Sport","","Santa Cruz","",5,3,2016,24
2016-09-11 00:00:00,"Ponte Preta","","América-MG","MG",1,1,2016,24
2016-09-11 00:00:00,"Grêmio","","Palmeiras","",0,0,2016,24
2016-09-12 00:00:00,"Fluminense","","Atlético-MG","MG",4,2,2016,24
2016-09-14 00:00:00,"Botafogo","","Santos","",0,1,2016,25
2016-09-14 00:00:00,"Figueirense","","América-MG","MG",2,2,2016,25
2016-09-14 00:00:00,"Ponte Preta","","Grêmio","",3,0,2016,25
2016-09-14 00:00:00,"Santa Cruz","","Athletico-PR","PR",1,0,2016,25
2016-09-14 00:00:00,"Coritiba","","Corinthians","",1,1,2016,25
2016-09-14 00:00:00,"Palmeiras","","Flamengo","",1,1,2016,25
2016-09-15 00:00:00,"Fluminense","","Chapecoense","",1,2,2016,25
2016-09-15 00:00:00,"Atlético-MG","MG","Sport","",1,0,2016,25
2016-09-15 00:00:00,"São Paulo","","Cruzeiro","",1,0,2016,25
2016-09-15 00:00:00,"Internacional","","Vitória","",0,1,2016,25
2016-09-17 00:00:00,"Corinthians","","Palmeiras","",0,2,2016,26
2016-09-18 00:00:00,"Flamengo","","Figueirense","",2,0,2016,26
2016-09-18 00:00:00,"Chapecoense","","Ponte Preta","",2,2,2016,26
2016-09-18 00:00:00,"Sport","","Coritiba","",0,1,2016,26
2016-09-18 00:00:00,"Athletico-PR","PR","São Paulo","",1,0,2016,26
2016-09-18 00:00:00,"Cruzeiro","","Atlético-MG","MG",1,1,2016,26
2016-09-18 00:00:00,"Grêmio","","Fluminense","",0,1,2016,26
2016-09-18 00:00:00,"Vitória","","Botafogo","",0,1,2016,26
2016-09-18 00:00:00,"Santos","","Santa Cruz","",3,2,2016,26
2016-09-19 00:00:00,"América-MG","MG","Internacional","",1,0,2016,26
2016-09-24 00:00:00,"Palmeiras","","Coritiba","",2,1,2016,27
2016-09-24 00:00:00,"Sport","","Santos","",1,0,2016,27
2016-09-24 00:00:00,"América-MG","MG","Botafogo","",1,0,2016,27
2016-09-25 00:00:00,"Figueirense","","Santa Cruz","",3,1,2016,27
2016-09-25 00:00:00,"Athletico-PR","PR","Ponte Preta","",3,0,2016,27
2016-09-25 00:00:00,"Grêmio","","Chapecoense","",1,0,2016,27
2016-09-25 00:00:00,"Corinthians","","Fluminense","",0,1,2016,27
2016-09-25 00:00:00,"Vitória","","São Paulo","",2,0,2016,27
2016-09-25 00:00:00,"Flamengo","","Cruzeiro","",2,1,2016,27
2016-09-25 00:00:00,"Atlético-MG","MG","Internacional","",3,1,2016,27
2016-10-01 00:00:00,"Fluminense","","Sport","",3,1,2016,28
2016-10-01 00:00:00,"São Paulo","","Flamengo","",0,0,2016,28
2016-10-01 00:00:00,"Chapecoense","","Vitória","",1,4,2016,28
2016-10-01 00:00:00,"Santos","","Athletico-PR","PR",2,0,2016,28
2016-10-01 00:00:00,"Botafogo","","Corinthians","",2,0,2016,28
2016-10-01 00:00:00,"Ponte Preta","","Atlético-MG","MG",1,2,2016,28
2016-10-01 00:00:00,"Cruzeiro","","Grêmio","",1,0,2016,28
2016-10-01 00:00:00,"Internacional","","Figueirense","",1,0,2016,28
2016-10-03 00:00:00,"Santa Cruz","","Palmeiras","",2,3,2016,28
2016-10-03 00:00:00,"Coritiba","","América-MG","MG",3,0,2016,28
2016-10-05 00:00:00,"Vitória","","Grêmio","",0,1,2016,29
2016-10-05 00:00:00,"Athletico-PR","PR","Chapecoense","",3,1,2016,29
2016-10-05 00:00:00,"Santos","","Fluminense","",2,1,2016,29
2016-10-05 00:00:00,"Corinthians","","Atlético-MG","MG",0,0,2016,29
2016-10-05 00:00:00,"Sport","","São Paulo","",1,1,2016,29
2016-10-06 00:00:00,"Internacional","","Coritiba","",1,0,2016,29
2016-10-08 00:00:00,"Cruzeiro","","Ponte Preta","",2,0,2016,29
2016-10-09 00:00:00,"América-MG","MG","Palmeiras","",0,2,2016,29
2016-10-09 00:00:00,"Flamengo","","Santa Cruz","",3,0,2016,29
2016-10-09 00:00:00,"Figueirense","","Botafogo","",0,1,2016,29
2016-10-12 00:00:00,"Chapecoense","","Sport","",3,0,2016,30
2016-10-12 00:00:00,"Coritiba","","Figueirense","",0,0,2016,30
2016-10-12 00:00:00,"Santa Cruz","","Corinthians","",2,4,2016,30
2016-10-12 00:00:00,"Botafogo","","Internacional","",1,0,2016,30
2016-10-13 00:00:00,"Atlético-MG","MG","América-MG","MG",3,0,2016,30
2016-10-13 00:00:00,"Ponte Preta","","Vitória","",2,0,2016,30
2016-10-13 00:00:00,"Palmeiras","","Cruzeiro","",0,0,2016,30
2016-10-13 00:00:00,"São Paulo","","Santos","",0,1,2016,30
2016-10-13 00:00:00,"Grêmio","","Athletico-PR","PR",1,0,2016,30
2016-10-13 00:00:00,"Fluminense","","Flamengo","",1,2,2016,30
2016-10-16 00:00:00,"Botafogo","","Atlético-MG","MG",3,2,2016,31
2016-10-16 00:00:00,"Athletico-PR","PR","Coritiba","",2,0,2016,31
2016-10-16 00:00:00,"Figueirense","","Palmeiras","",1,2,2016,31
2016-10-16 00:00:00,"Cruzeiro","","Chapecoense","",0,0,2016,31
2016-10-16 00:00:00,"Internacional","","Flamengo","",2,1,2016,31
2016-10-16 00:00:00,"Ponte Preta","","Santa Cruz","",3,0,2016,31
2016-10-16 00:00:00,"Corinthians","","América-MG","MG",2,0,2016,31
2016-10-16 00:00:00,"Sport","","Vitória","",1,0,2016,31
2016-10-16 00:00:00,"Santos","","Grêmio","",1,1,2016,31
2016-10-17 00:00:00,"Fluminense","","São Paulo","",1,2,2016,31
2016-10-19 00:00:00,"Santa Cruz","","Botafogo","",0,1,2016,32
2016-10-22 00:00:00,"São Paulo","","Ponte Preta","",2,0,2016,32
2016-10-23 00:00:00,"Grêmio","","Internacional","",0,0,2016,32
2016-10-23 00:00:00,"Vitória","","Cruzeiro","",0,1,2016,32
2016-10-23 00:00:00,"Palmeiras","","Sport","",2,1,2016,32
2016-10-23 00:00:00,"Flamengo","","Corinthians","",2,2,2016,32
2016-10-23 00:00:00,"Coritiba","","Fluminense","",1,1,2016,32
2016-10-23 00:00:00,"Atlético-MG","MG","Figueirense","",3,0,2016,32
2016-10-23 00:00:00,"Chapecoense","","Santos","",0,1,2016,32
2016-10-24 00:00:00,"América-MG","MG","Athletico-PR","PR",1,0,2016,32
2016-10-27 00:00:00,"Sport","","Ponte Preta","",1,0,2016,33
2016-10-28 00:00:00,"Fluminense","","Vitória","",2,2,2016,33
2016-10-29 00:00:00,"Corinthians","","Chapecoense","",1,1,2016,33
2016-10-29 00:00:00,"Athletico-PR","PR","Cruzeiro","",1,0,2016,33
2016-10-29 00:00:00,"Atlético-MG","MG","Flamengo","",2,2,2016,33
2016-10-29 00:00:00,"Internacional","","Santa Cruz","",1,1,2016,33
2016-10-29 00:00:00,"Botafogo","","Coritiba","",0,0,2016,33
2016-10-29 00:00:00,"Figueirense","","Grêmio","",0,0,2016,33
2016-10-29 00:00:00,"Santos","","Palmeiras","",1,0,2016,33
2016-10-31 00:00:00,"América-MG","MG","São Paulo","",1,0,2016,33
2016-11-05 00:00:00,"Flamengo","","Botafogo","",0,0,2016,34
2016-11-05 00:00:00,"São Paulo","","Corinthians","",4,0,2016,34
2016-11-06 00:00:00,"Ponte Preta","","Santos","",1,2,2016,34
2016-11-06 00:00:00,"Cruzeiro","","Fluminense","",4,2,2016,34
2016-11-06 00:00:00,"Santa Cruz","","América-MG","MG",1,0,2016,34
2016-11-06 00:00:00,"Vitória","","Athletico-PR","PR",3,2,2016,34
2016-11-06 00:00:00,"Palmeiras","","Internacional","",1,0,2016,34
2016-11-06 00:00:00,"Coritiba","","Atlético-MG","MG",2,0,2016,34
2016-11-06 00:00:00,"Chapecoense","","Figueirense","",1,0,2016,34
2016-11-07 00:00:00,"Grêmio","","Sport","",0,3,2016,34
2016-11-15 00:00:00,"Fluminense","","Athletico-PR","PR",1,1,2016,35
2016-11-16 00:00:00,"Botafogo","","Chapecoense","",0,2,2016,35
2016-11-16 00:00:00,"Coritiba","","Santa Cruz","",1,0,2016,35
2016-11-16 00:00:00,"Sport","","Cruzeiro","",0,1,2016,35
2016-11-16 00:00:00,"Figueirense","","Corinthians","",1,1,2016,35
2016-11-16 00:00:00,"América-MG","MG","Flamengo","",0,1,2016,35
2016-11-17 00:00:00,"São Paulo","","Grêmio","",1,1,2016,35
2016-11-17 00:00:00,"Santos","","Vitória","",3,2,2016,35
2016-11-17 00:00:00,"Atlético-MG","MG","Palmeiras","",1,1,2016,35
2016-11-17 00:00:00,"Internacional","","Ponte Preta","",1,1,2016,35
2016-11-20 00:00:00,"Grêmio","","América-MG","MG",3,0,2016,36
2016-11-20 00:00:00,"Cruzeiro","","Santos","",2,2,2016,36
2016-11-20 00:00:00,"Ponte Preta","","Fluminense","",1,0,2016,36
2016-11-20 00:00:00,"Palmeiras","","Botafogo","",1,0,2016,36
2016-11-20 00:00:00,"Vitória","","Figueirense","",4,0,2016,36
2016-11-20 00:00:00,"Athletico-PR","PR","Sport","",2,0,2016,36
2016-11-20 00:00:00,"Chapecoense","","São Paulo","",2,0,2016,36
2016-11-20 00:00:00,"Santa Cruz","","Atlético-MG","MG",3,3,2016,36
2016-11-20 00:00:00,"Flamengo","","Coritiba","",2,2,2016,36
2016-11-21 00:00:00,"Corinthians","","Internacional","",1,0,2016,36
2016-11-26 00:00:00,"Botafogo","","Ponte Preta","",1,1,2016,37
2016-11-26 00:00:00,"América-MG","MG","Sport","",2,2,2016,37
2016-11-26 00:00:00,"Corinthians","","Athletico-PR","PR",0,0,2016,37
2016-11-27 00:00:00,"Atlético-MG","MG","São Paulo","",1,2,2016,37
2016-11-27 00:00:00,"Internacional","","Cruzeiro","",1,0,2016,37
2016-11-27 00:00:00,"Flamengo","","Santos","",2,0,2016,37
2016-11-27 00:00:00,"Palmeiras","","Chapecoense","",1,0,2016,37
2016-11-27 00:00:00,"Figueirense","","Fluminense","",1,0,2016,37
2016-11-27 00:00:00,"Santa Cruz","","Grêmio","",5,1,2016,37
2016-11-28 00:00:00,"Coritiba","","Vitória","",0,1,2016,37
2016-12-11 00:00:00,"Ponte Preta","","Coritiba","",2,0,2016,38
2016-12-11 00:00:00,"Sport","","Figueirense","",2,0,2016,38
2016-12-11 00:00:00,"São Paulo","","Santa Cruz","",5,0,2016,38
2016-12-11 00:00:00,"Fluminense","","Internacional","",1,1,2016,38
2016-12-11 00:00:00,"Santos","","América-MG","MG",1,0,2016,38
2016-12-11 00:00:00,"Grêmio","","Botafogo","",0,1,2016,38
2016-12-11 00:00:00,"Athletico-PR","PR","Flamengo","",0,0,2016,38
2016-12-11 00:00:00,"Cruzeiro","","Corinthians","",3,2,2016,38
2016-12-11 00:00:00,"Vitória","","Palmeiras","",1,2,2016,38
2016-12-11 00:00:00,"Chapecoense","","Atlético-MG","MG",,,2016,38
2017-05-13 00:00:00,"Flamengo","","Atlético-MG","MG",1,1,2017,1
2017-05-13 00:00:00,"Corinthians","","Chapecoense","",1,1,2017,1
2017-05-14 00:00:00,"Fluminense","","Santos","",3,2,2017,1
2017-05-14 00:00:00,"Avaí","","Vitória","",0,0,2017,1
2017-05-14 00:00:00,"Bahia","","Athletico-PR","PR",6,2,2017,1
2017-05-14 00:00:00,"Cruzeiro","","São Paulo","",1,0,2017,1
2017-05-14 00:00:00,"Ponte Preta","","Sport","",4,0,2017,1
2017-05-14 00:00:00,"Palmeiras","","Vasco","",4,0,2017,1
2017-05-14 00:00:00,"Grêmio","","Botafogo","",2,0,2017,1
2017-05-15 00:00:00,"Coritiba","","Atlético-GO","GO",4,1,2017,1
2017-05-20 00:00:00,"Santos","","Coritiba","",1,0,2017,2
2017-05-20 00:00:00,"Chapecoense","","Palmeiras","",1,0,2017,2
2017-05-20 00:00:00,"Atlético-GO","GO","Flamengo","",0,3,2017,2
2017-05-21 00:00:00,"Vasco","","Bahia","",2,1,2017,2
2017-05-21 00:00:00,"Vitória","","Corinthians","",0,1,2017,2
2017-05-21 00:00:00,"Athletico-PR","PR","Grêmio","",0,2,2017,2
2017-05-21 00:00:00,"Atlético-MG","MG","Fluminense","",1,2,2017,2
2017-05-21 00:00:00,"Botafogo","","Ponte Preta","",2,0,2017,2
2017-05-21 00:00:00,"Sport","","Cruzeiro","",1,1,2017,2
2017-05-22 00:00:00,"São Paulo","","Avaí","",2,0,2017,2
2017-05-27 00:00:00,"Vasco","","Fluminense","",3,2,2017,3
2017-05-27 00:00:00,"São Paulo","","Palmeiras","",2,0,2017,3
2017-05-27 00:00:00,"Vitória","","Coritiba","",0,1,2017,3
2017-05-28 00:00:00,"Atlético-MG","MG","Ponte Preta","",2,2,2017,3
2017-05-28 00:00:00,"Atlético-GO","GO","Corinthians","",0,1,2017,3
2017-05-28 00:00:00,"Athletico-PR","PR","Flamengo","",1,1,2017,3
2017-05-28 00:00:00,"Santos","","Cruzeiro","",0,1,2017,3
2017-05-28 00:00:00,"Sport","","Grêmio","",4,3,2017,3
2017-05-28 00:00:00,"Botafogo","","Bahia","",1,0,2017,3
2017-05-29 00:00:00,"Chapecoense","","Avaí","",2,0,2017,3
2017-06-03 00:00:00,"Coritiba","","Athletico-PR","PR",1,0,2017,4
2017-06-03 00:00:00,"Fluminense","","Vitória","",2,1,2017,4
2017-06-03 00:00:00,"Corinthians","","Santos","",2,0,2017,4
2017-06-04 00:00:00,"Avaí","","Sport","",1,0,2017,4
2017-06-04 00:00:00,"Flamengo","","Botafogo","",0,0,2017,4
2017-06-04 00:00:00,"Ponte Preta","","São Paulo","",1,0,2017,4
2017-06-04 00:00:00,"Grêmio","","Vasco","",2,0,2017,4
2017-06-04 00:00:00,"Palmeiras","","Atlético-MG","MG",0,0,2017,4
2017-06-04 00:00:00,"Cruzeiro","","Chapecoense","",0,2,2017,4
2017-06-05 00:00:00,"Bahia","","Atlético-GO","GO",3,0,2017,4
2017-06-06 00:00:00,"Fluminense","","Athletico-PR","PR",1,1,2017,5
2017-06-07 00:00:00,"Atlético-MG","MG","Avaí","",1,0,2017,5
2017-06-07 00:00:00,"Coritiba","","Palmeiras","",1,0,2017,5
2017-06-07 00:00:00,"Santos","","Botafogo","",1,0,2017,5
2017-06-07 00:00:00,"Vasco","","Corinthians","",2,5,2017,5
2017-06-07 00:00:00,"Sport","","Flamengo","",2,0,2017,5
2017-06-08 00:00:00,"São Paulo","","Vitória","",2,0,2017,5
2017-06-08 00:00:00,"Atlético-GO","GO","Ponte Preta","",3,0,2017,5
2017-06-08 00:00:00,"Chapecoense","","Grêmio","",3,6,2017,5
2017-06-08 00:00:00,"Bahia","","Cruzeiro","",1,0,2017,5
2017-06-10 00:00:00,"Palmeiras","","Fluminense","",3,1,2017,6
2017-06-10 00:00:00,"Vasco","","Sport","",2,1,2017,6
2017-06-11 00:00:00,"Botafogo","","Coritiba","",2,2,2017,6
2017-06-11 00:00:00,"Ponte Preta","","Chapecoense","",3,2,2017,6
2017-06-11 00:00:00,"Vitória","","Atlético-MG","MG",2,0,2017,6
2017-06-11 00:00:00,"Avaí","","Flamengo","",1,1,2017,6
2017-06-11 00:00:00,"Corinthians","","São Paulo","",3,2,2017,6
2017-06-11 00:00:00,"Cruzeiro","","Atlético-GO","GO",2,0,2017,6
2017-06-11 00:00:00,"Athletico-PR","PR","Santos","",0,2,2017,6
2017-06-12 00:00:00,"Grêmio","","Bahia","",1,0,2017,6
2017-06-14 00:00:00,"Vitória","","Botafogo","",2,2,2017,7
2017-06-14 00:00:00,"Atlético-MG","MG","Athletico-PR","PR",0,1,2017,7
2017-06-14 00:00:00,"Sport","","São Paulo","",0,0,2017,7
2017-06-14 00:00:00,"Atlético-GO","GO","Avaí","",3,1,2017,7
2017-06-14 00:00:00,"Flamengo","","Ponte Preta","",2,0,2017,7
2017-06-14 00:00:00,"Santos","","Palmeiras","",1,0,2017,7
2017-06-14 00:00:00,"Chapecoense","","Vasco","",2,1,2017,7
2017-06-14 00:00:00,"Corinthians","","Cruzeiro","",1,0,2017,7
2017-06-15 00:00:00,"Coritiba","","Bahia","",0,0,2017,7
2017-06-15 00:00:00,"Fluminense","","Grêmio","",0,2,2017,7
2017-06-17 00:00:00,"Atlético-GO","GO","Athletico-PR","PR",0,1,2017,8
2017-06-17 00:00:00,"Vasco","","Avaí","",1,0,2017,8
2017-06-17 00:00:00,"Santos","","Ponte Preta","",0,0,2017,8
2017-06-18 00:00:00,"Coritiba","","Corinthians","",0,0,2017,8
2017-06-18 00:00:00,"Fluminense","","Flamengo","",2,2,2017,8
2017-06-18 00:00:00,"São Paulo","","Atlético-MG","MG",1,2,2017,8
2017-06-18 00:00:00,"Bahia","","Palmeiras","",2,4,2017,8
2017-06-18 00:00:00,"Chapecoense","","Botafogo","",0,2,2017,8
2017-06-18 00:00:00,"Sport","","Vitória","",1,3,2017,8
2017-06-19 00:00:00,"Cruzeiro","","Grêmio","",3,3,2017,8
2017-06-21 00:00:00,"Vitória","","Santos","",0,2,2017,9
2017-06-21 00:00:00,"Palmeiras","","Atlético-GO","GO",1,0,2017,9
2017-06-21 00:00:00,"Botafogo","","Vasco","",3,1,2017,9
2017-06-21 00:00:00,"Athletico-PR","PR","São Paulo","",1,0,2017,9
2017-06-21 00:00:00,"Atlético-MG","MG","Sport","",2,2,2017,9
2017-06-21 00:00:00,"Avaí","","Fluminense","",0,3,2017,9
2017-06-22 00:00:00,"Ponte Preta","","Cruzeiro","",1,0,2017,9
2017-06-22 00:00:00,"Corinthians","","Bahia","",3,0,2017,9
2017-06-22 00:00:00,"Grêmio","","Coritiba","",2,0,2017,9
2017-06-22 00:00:00,"Flamengo","","Chapecoense","",5,1,2017,9
2017-06-24 00:00:00,"Santos","","Sport","",0,1,2017,10
2017-06-25 00:00:00,"Vasco","","Atlético-GO","GO",1,0,2017,10
2017-06-25 00:00:00,"Grêmio","","Corinthians","",0,1,2017,10
2017-06-25 00:00:00,"Ponte Preta","","Palmeiras","",1,2,2017,10
2017-06-25 00:00:00,"Athletico-PR","PR","Vitória","",4,1,2017,10
2017-06-25 00:00:00,"São Paulo","","Fluminense","",1,1,2017,10
2017-06-25 00:00:00,"Cruzeiro","","Coritiba","",2,0,2017,10
2017-06-25 00:00:00,"Bahia","","Flamengo","",0,1,2017,10
2017-06-25 00:00:00,"Chapecoense","","Atlético-MG","MG",0,1,2017,10
2017-06-26 00:00:00,"Botafogo","","Avaí","",0,2,2017,10
2017-07-01 00:00:00,"Palmeiras","","Grêmio","",1,0,2017,11
2017-07-01 00:00:00,"Atlético-GO","GO","Santos","",1,1,2017,11
2017-07-02 00:00:00,"Vitória","","Bahia","",0,0,2017,11
2017-07-02 00:00:00,"Sport","","Athletico-PR","PR",1,0,2017,11
2017-07-02 00:00:00,"Atlético-MG","MG","Cruzeiro","",3,1,2017,11
2017-07-02 00:00:00,"Corinthians","","Botafogo","",1,0,2017,11
2017-07-02 00:00:00,"Flamengo","","São Paulo","",2,0,2017,11
2017-07-02 00:00:00,"Coritiba","","Vasco","",2,2,2017,11
2017-07-02 00:00:00,"Avaí","","Ponte Preta","",0,0,2017,11
2017-07-03 00:00:00,"Fluminense","","Chapecoense","",3,3,2017,11
2017-07-08 00:00:00,"Atlético-GO","GO","Vitória","",1,2,2017,12
2017-07-08 00:00:00,"Vasco","","Flamengo","",0,1,2017,12
2017-07-08 00:00:00,"Corinthians","","Ponte Preta","",2,0,2017,12
2017-07-09 00:00:00,"Chapecoense","","Athletico-PR","PR",1,1,2017,12
2017-07-09 00:00:00,"Cruzeiro","","Palmeiras","",3,1,2017,12
2017-07-09 00:00:00,"Grêmio","","Avaí","",0,2,2017,12
2017-07-09 00:00:00,"Bahia","","Fluminense","",1,1,2017,12
2017-07-09 00:00:00,"Botafogo","","Atlético-MG","MG",1,1,2017,12
2017-07-09 00:00:00,"Santos","","São Paulo","",3,2,2017,12
2017-07-10 00:00:00,"Coritiba","","Sport","",0,3,2017,12
2017-07-12 00:00:00,"Atlético-MG","MG","Santos","",0,1,2017,13
2017-07-12 00:00:00,"Ponte Preta","","Bahia","",0,3,2017,13
2017-07-12 00:00:00,"Fluminense","","Botafogo","",0,1,2017,13
2017-07-12 00:00:00,"Athletico-PR","PR","Cruzeiro","",0,2,2017,13
2017-07-12 00:00:00,"Vitória","","Vasco","",1,4,2017,13
2017-07-12 00:00:00,"Palmeiras","","Corinthians","",0,2,2017,13
2017-07-13 00:00:00,"Sport","","Chapecoense","",3,0,2017,13
2017-07-13 00:00:00,"Flamengo","","Grêmio","",0,1,2017,13
2017-07-13 00:00:00,"São Paulo","","Atlético-GO","GO",2,2,2017,13
2017-07-13 00:00:00,"Avaí","","Coritiba","",1,4,2017,13
2017-07-15 00:00:00,"Corinthians","","Athletico-PR","PR",2,2,2017,14
2017-07-16 00:00:00,"Palmeiras","","Vitória","",4,2,2017,14
2017-07-16 00:00:00,"Grêmio","","Ponte Preta","",3,1,2017,14
2017-07-16 00:00:00,"Atlético-GO","GO","Atlético-MG","MG",1,2,2017,14
2017-07-16 00:00:00,"Cruzeiro","","Flamengo","",1,1,2017,14
2017-07-16 00:00:00,"Chapecoense","","São Paulo","",2,0,2017,14
2017-07-16 00:00:00,"Vasco","","Santos","",0,0,2017,14
2017-07-16 00:00:00,"Bahia","","Avaí","",1,1,2017,14
2017-07-16 00:00:00,"Coritiba","","Fluminense","",1,2,2017,14
2017-07-17 00:00:00,"Botafogo","","Sport","",2,1,2017,14
2017-07-19 00:00:00,"Vitória","","Grêmio","",1,3,2017,15
2017-07-19 00:00:00,"Santos","","Chapecoense","",1,0,2017,15
2017-07-19 00:00:00,"Ponte Preta","","Coritiba","",4,0,2017,15
2017-07-19 00:00:00,"Avaí","","Corinthians","",0,0,2017,15
2017-07-19 00:00:00,"Flamengo","","Palmeiras","",2,2,2017,15
2017-07-19 00:00:00,"São Paulo","","Vasco","",1,0,2017,15
2017-07-19 00:00:00,"Atlético-MG","MG","Bahia","",0,2,2017,15
2017-07-20 00:00:00,"Fluminense","","Cruzeiro","",1,1,2017,15
2017-07-20 00:00:00,"Sport","","Atlético-GO","GO",4,0,2017,15
2017-07-20 00:00:00,"Athletico-PR","PR","Botafogo","",0,0,2017,15
2017-07-22 00:00:00,"Vitória","","Chapecoense","",1,2,2017,16
2017-07-22 00:00:00,"Flamengo","","Coritiba","",2,1,2017,16
2017-07-23 00:00:00,"Santos","","Bahia","",3,0,2017,16
2017-07-23 00:00:00,"Sport","","Palmeiras","",0,2,2017,16
2017-07-23 00:00:00,"Fluminense","","Corinthians","",0,1,2017,16
2017-07-23 00:00:00,"Avaí","","Cruzeiro","",1,0,2017,16
2017-07-23 00:00:00,"Atlético-GO","GO","Botafogo","",1,1,2017,16
2017-07-23 00:00:00,"Athletico-PR","PR","Ponte Preta","",0,2,2017,16
2017-07-23 00:00:00,"Atlético-MG","MG","Vasco","",1,2,2017,16
2017-07-24 00:00:00,"São Paulo","","Grêmio","",1,1,2017,16
2017-07-29 00:00:00,"Botafogo","","São Paulo","",3,4,2017,17
2017-07-29 00:00:00,"Palmeiras","","Avaí","",2,0,2017,17
2017-07-30 00:00:00,"Chapecoense","","Atlético-GO","GO",1,2,2017,17
2017-07-30 00:00:00,"Coritiba","","Atlético-MG","MG",0,2,2017,17
2017-07-30 00:00:00,"Bahia","","Sport","",1,3,2017,17
2017-07-30 00:00:00,"Corinthians","","Flamengo","",1,1,2017,17
2017-07-30 00:00:00,"Grêmio","","Santos","",1,1,2017,17
2017-07-30 00:00:00,"Cruzeiro","","Vitória","",0,0,2017,17
2017-07-31 00:00:00,"Vasco","","Athletico-PR","PR",0,1,2017,17
2017-08-09 00:00:00,"Ponte Preta","","Fluminense","",0,0,2017,17
2017-08-02 00:00:00,"Sport","","Fluminense","",2,2,2017,18
2017-08-02 00:00:00,"Chapecoense","","Bahia","",1,1,2017,18
2017-08-02 00:00:00,"Atlético-MG","MG","Corinthians","",0,2,2017,18
2017-08-02 00:00:00,"Vitória","","Ponte Preta","",3,1,2017,18
2017-08-02 00:00:00,"Atlético-GO","GO","Grêmio","",0,1,2017,18
2017-08-02 00:00:00,"Santos","","Flamengo","",3,2,2017,18
2017-08-02 00:00:00,"Botafogo","","Palmeiras","",1,2,2017,18
2017-08-03 00:00:00,"Athletico-PR","PR","Avaí","",5,0,2017,18
2017-08-03 00:00:00,"São Paulo","","Coritiba","",1,2,2017,18
2017-08-03 00:00:00,"Vasco","","Cruzeiro","",0,3,2017,18
2017-08-05 00:00:00,"Corinthians","","Sport","",3,1,2017,19
2017-08-05 00:00:00,"Fluminense","","Atlético-GO","GO",3,1,2017,19
2017-08-06 00:00:00,"Flamengo","","Vitória","",0,2,2017,19
2017-08-06 00:00:00,"Grêmio","","Atlético-MG","MG",2,0,2017,19
2017-08-06 00:00:00,"Bahia","","São Paulo","",2,1,2017,19
2017-08-06 00:00:00,"Coritiba","","Chapecoense","",2,0,2017,19
2017-08-06 00:00:00,"Cruzeiro","","Botafogo","",0,0,2017,19
2017-08-06 00:00:00,"Palmeiras","","Athletico-PR","PR",0,1,2017,19
2017-08-06 00:00:00,"Ponte Preta","","Vasco","",0,0,2017,19
2017-08-06 00:00:00,"Avaí","","Santos","",0,0,2017,19
2017-08-12 00:00:00,"Atlético-GO","GO","Coritiba","",1,0,2017,20
2017-08-12 00:00:00,"Vitória","","Avaí","",0,1,2017,20
2017-08-13 00:00:00,"São Paulo","","Cruzeiro","",3,2,2017,20
2017-08-13 00:00:00,"Sport","","Ponte Preta","",0,0,2017,20
2017-08-13 00:00:00,"Atlético-MG","MG","Flamengo","",2,0,2017,20
2017-08-13 00:00:00,"Vasco","","Palmeiras","",1,1,2017,20
2017-08-13 00:00:00,"Athletico-PR","PR","Bahia","",4,1,2017,20
2017-08-13 00:00:00,"Botafogo","","Grêmio","",1,0,2017,20
2017-08-14 00:00:00,"Santos","","Fluminense","",0,0,2017,20
2017-08-23 00:00:00,"Chapecoense","","Corinthians","",0,1,2017,20
2017-08-19 00:00:00,"Corinthians","","Vitória","",0,1,2017,21
2017-08-19 00:00:00,"Flamengo","","Atlético-GO","GO",2,0,2017,21
2017-08-20 00:00:00,"Grêmio","","Athletico-PR","PR",0,0,2017,21
2017-08-20 00:00:00,"Ponte Preta","","Botafogo","",2,1,2017,21
2017-08-20 00:00:00,"Avaí","","São Paulo","",1,1,2017,21
2017-08-20 00:00:00,"Bahia","","Vasco","",3,0,2017,21
2017-08-20 00:00:00,"Cruzeiro","","Sport","",2,0,2017,21
2017-08-20 00:00:00,"Coritiba","","Santos","",0,0,2017,21
2017-08-20 00:00:00,"Palmeiras","","Chapecoense","",0,2,2017,21
2017-08-21 00:00:00,"Fluminense","","Atlético-MG","MG",2,1,2017,21
2017-08-26 00:00:00,"Fluminense","","Vasco","",0,1,2017,22
2017-08-26 00:00:00,"Corinthians","","Atlético-GO","GO",0,1,2017,22
2017-08-27 00:00:00,"Ponte Preta","","Atlético-MG","MG",1,2,2017,22
2017-08-27 00:00:00,"Bahia","","Botafogo","",1,2,2017,22
2017-08-27 00:00:00,"Flamengo","","Athletico-PR","PR",2,0,2017,22
2017-08-27 00:00:00,"Palmeiras","","São Paulo","",4,2,2017,22
2017-08-27 00:00:00,"Avaí","","Chapecoense","",1,0,2017,22
2017-08-27 00:00:00,"Cruzeiro","","Santos","",1,1,2017,22
2017-08-28 00:00:00,"Coritiba","","Vitória","",0,1,2017,22
2017-09-02 00:00:00,"Grêmio","","Sport","",5,0,2017,22
2017-09-09 00:00:00,"Atlético-MG","MG","Palmeiras","",1,1,2017,23
2017-09-09 00:00:00,"Vasco","","Grêmio","",1,0,2017,23
2017-09-09 00:00:00,"São Paulo","","Ponte Preta","",2,2,2017,23
2017-09-10 00:00:00,"Athletico-PR","PR","Coritiba","",1,1,2017,23
2017-09-10 00:00:00,"Sport","","Avaí","",0,1,2017,23
2017-09-10 00:00:00,"Vitória","","Fluminense","",2,2,2017,23
2017-09-10 00:00:00,"Santos","","Corinthians","",2,0,2017,23
2017-09-10 00:00:00,"Botafogo","","Flamengo","",2,0,2017,23
2017-09-10 00:00:00,"Chapecoense","","Cruzeiro","",1,2,2017,23
2017-09-11 00:00:00,"Atlético-GO","GO","Bahia","",1,1,2017,23
2017-09-16 00:00:00,"Botafogo","","Santos","",2,0,2017,24
2017-09-16 00:00:00,"Ponte Preta","","Atlético-GO","GO",1,3,2017,24
2017-09-17 00:00:00,"Avaí","","Atlético-MG","MG",1,1,2017,24
2017-09-17 00:00:00,"Grêmio","","Chapecoense","",0,1,2017,24
2017-09-17 00:00:00,"Vitória","","São Paulo","",1,2,2017,24
2017-09-17 00:00:00,"Athletico-PR","PR","Fluminense","",3,1,2017,24
2017-09-17 00:00:00,"Flamengo","","Sport","",2,0,2017,24
2017-09-17 00:00:00,"Corinthians","","Vasco","",1,0,2017,24
2017-09-17 00:00:00,"Cruzeiro","","Bahia","",1,0,2017,24
2017-09-18 00:00:00,"Palmeiras","","Coritiba","",1,0,2017,24
2017-09-23 00:00:00,"Flamengo","","Avaí","",1,1,2017,25
2017-09-23 00:00:00,"Santos","","Athletico-PR","PR",1,0,2017,25
2017-09-24 00:00:00,"São Paulo","","Corinthians","",1,1,2017,25
2017-09-24 00:00:00,"Chapecoense","","Ponte Preta","",1,0,2017,25
2017-09-24 00:00:00,"Coritiba","","Botafogo","",2,3,2017,25
2017-09-24 00:00:00,"Fluminense","","Palmeiras","",0,1,2017,25
2017-09-24 00:00:00,"Atlético-GO","GO","Cruzeiro","",1,2,2017,25
2017-09-24 00:00:00,"Bahia","","Grêmio","",1,0,2017,25
2017-09-24 00:00:00,"Atlético-MG","MG","Vitória","",1,3,2017,25
2017-09-25 00:00:00,"Sport","","Vasco","",1,1,2017,25
2017-09-30 00:00:00,"Bahia","","Coritiba","",1,1,2017,26
2017-09-30 00:00:00,"Vasco","","Chapecoense","",1,1,2017,26
2017-09-30 00:00:00,"Palmeiras","","Santos","",0,1,2017,26
2017-10-01 00:00:00,"Grêmio","","Fluminense","",1,0,2017,26
2017-10-01 00:00:00,"São Paulo","","Sport","",1,0,2017,26
2017-10-01 00:00:00,"Botafogo","","Vitória","",2,3,2017,26
2017-10-01 00:00:00,"Avaí","","Atlético-GO","GO",0,2,2017,26
2017-10-01 00:00:00,"Cruzeiro","","Corinthians","",1,1,2017,26
2017-10-01 00:00:00,"Athletico-PR","PR","Atlético-MG","MG",0,2,2017,26
2017-10-02 00:00:00,"Ponte Preta","","Flamengo","",1,0,2017,26
2017-10-11 00:00:00,"Botafogo","","Chapecoense","",2,1,2017,27
2017-10-11 00:00:00,"Athletico-PR","PR","Atlético-GO","GO",2,2,2017,27
2017-10-11 00:00:00,"Corinthians","","Coritiba","",3,1,2017,27
2017-10-11 00:00:00,"Grêmio","","Cruzeiro","",0,1,2017,27
2017-10-11 00:00:00,"Atlético-MG","MG","São Paulo","",1,0,2017,27
2017-10-11 00:00:00,"Avaí","","Vasco","",1,2,2017,27
2017-10-12 00:00:00,"Ponte Preta","","Santos","",1,1,2017,27
2017-10-12 00:00:00,"Vitória","","Sport","",1,2,2017,27
2017-10-12 00:00:00,"Flamengo","","Fluminense","",1,1,2017,27
2017-10-12 00:00:00,"Palmeiras","","Bahia","",2,2,2017,27
2017-10-07 00:00:00,"Cruzeiro","","Ponte Preta","",2,1,2017,28
2017-10-14 00:00:00,"Vasco","","Botafogo","",1,0,2017,28
2017-10-14 00:00:00,"São Paulo","","Athletico-PR","PR",2,1,2017,28
2017-10-15 00:00:00,"Atlético-GO","GO","Palmeiras","",1,3,2017,28
2017-10-15 00:00:00,"Chapecoense","","Flamengo","",0,1,2017,28
2017-10-15 00:00:00,"Sport","","Atlético-MG","MG",1,1,2017,28
2017-10-15 00:00:00,"Fluminense","","Avaí","",1,0,2017,28
2017-10-15 00:00:00,"Coritiba","","Grêmio","",0,1,2017,28
2017-10-15 00:00:00,"Bahia","","Corinthians","",2,0,2017,28
2017-10-16 00:00:00,"Santos","","Vitória","",2,2,2017,28
2017-10-18 00:00:00,"Coritiba","","Cruzeiro","",1,0,2017,29
2017-10-18 00:00:00,"Atlético-GO","GO","Vasco","",0,1,2017,29
2017-10-18 00:00:00,"Atlético-MG","MG","Chapecoense","",2,3,2017,29
2017-10-18 00:00:00,"Corinthians","","Grêmio","",0,0,2017,29
2017-10-18 00:00:00,"Avaí","","Botafogo","",1,1,2017,29
2017-10-18 00:00:00,"Fluminense","","São Paulo","",3,1,2017,29
2017-10-19 00:00:00,"Palmeiras","","Ponte Preta","",2,0,2017,29
2017-10-19 00:00:00,"Vitória","","Athletico-PR","PR",2,3,2017,29
2017-10-19 00:00:00,"Sport","","Santos","",1,1,2017,29
2017-10-19 00:00:00,"Flamengo","","Bahia","",4,1,2017,29
2017-10-21 00:00:00,"Vasco","","Coritiba","",1,1,2017,30
2017-10-22 00:00:00,"Grêmio","","Palmeiras","",1,3,2017,30
2017-10-22 00:00:00,"Bahia","","Vitória","",2,1,2017,30
2017-10-22 00:00:00,"Athletico-PR","PR","Sport","",2,1,2017,30
2017-10-22 00:00:00,"São Paulo","","Flamengo","",2,0,2017,30
2017-10-22 00:00:00,"Santos","","Atlético-GO","GO",1,0,2017,30
2017-10-22 00:00:00,"Cruzeiro","","Atlético-MG","MG",1,3,2017,30
2017-10-22 00:00:00,"Ponte Preta","","Avaí","",1,2,2017,30
2017-10-22 00:00:00,"Chapecoense","","Fluminense","",2,0,2017,30
2017-10-23 00:00:00,"Botafogo","","Corinthians","",2,1,2017,30
2017-10-28 00:00:00,"São Paulo","","Santos","",2,1,2017,31
2017-10-28 00:00:00,"Flamengo","","Vasco","",0,0,2017,31
2017-10-28 00:00:00,"Athletico-PR","PR","Chapecoense","",0,0,2017,31
2017-10-29 00:00:00,"Atlético-MG","MG","Botafogo","",0,0,2017,31
2017-10-29 00:00:00,"Ponte Preta","","Corinthians","",1,0,2017,31
2017-10-29 00:00:00,"Fluminense","","Bahia","",1,1,2017,31
2017-10-29 00:00:00,"Vitória","","Atlético-GO","GO",1,1,2017,31
2017-10-29 00:00:00,"Sport","","Coritiba","",3,4,2017,31
2017-10-29 00:00:00,"Avaí","","Grêmio","",2,2,2017,31
2017-10-30 00:00:00,"Palmeiras","","Cruzeiro","",2,2,2017,31
2017-11-04 00:00:00,"Santos","","Atlético-MG","MG",3,1,2017,32
2017-11-04 00:00:00,"Atlético-GO","GO","São Paulo","",0,1,2017,32
2017-11-04 00:00:00,"Botafogo","","Fluminense","",1,2,2017,32
2017-11-04 00:00:00,"Coritiba","","Avaí","",4,0,2017,32
2017-11-05 00:00:00,"Grêmio","","Flamengo","",3,1,2017,32
2017-11-05 00:00:00,"Corinthians","","Palmeiras","",3,2,2017,32
2017-11-05 00:00:00,"Cruzeiro","","Athletico-PR","PR",1,0,2017,32
2017-11-05 00:00:00,"Bahia","","Ponte Preta","",2,0,2017,32
2017-11-05 00:00:00,"Chapecoense","","Sport","",1,1,2017,32
2017-11-05 00:00:00,"Vasco","","Vitória","",1,1,2017,32
2017-11-08 00:00:00,"Ponte Preta","","Grêmio","",0,1,2017,33
2017-11-08 00:00:00,"Avaí","","Bahia","",1,2,2017,33
2017-11-08 00:00:00,"Athletico-PR","PR","Corinthians","",0,1,2017,33
2017-11-08 00:00:00,"Sport","","Botafogo","",1,2,2017,33
2017-11-08 00:00:00,"Vitória","","Palmeiras","",3,1,2017,33
2017-11-08 00:00:00,"Santos","","Vasco","",1,2,2017,33
2017-11-08 00:00:00,"Flamengo","","Cruzeiro","",2,0,2017,33
2017-11-09 00:00:00,"São Paulo","","Chapecoense","",2,2,2017,33
2017-11-09 00:00:00,"Atlético-MG","MG","Atlético-GO","GO",3,2,2017,33
2017-11-09 00:00:00,"Fluminense","","Coritiba","",2,2,2017,33
2017-11-11 00:00:00,"Botafogo","","Athletico-PR","PR",0,1,2017,34
2017-11-11 00:00:00,"Corinthians","","Avaí","",1,0,2017,34
2017-11-12 00:00:00,"Atlético-GO","GO","Sport","",2,0,2017,34
2017-11-12 00:00:00,"Grêmio","","Vitória","",1,1,2017,34
2017-11-12 00:00:00,"Vasco","","São Paulo","",1,1,2017,34
2017-11-12 00:00:00,"Palmeiras","","Flamengo","",2,0,2017,34
2017-11-12 00:00:00,"Bahia","","Atlético-MG","MG",2,2,2017,34
2017-11-12 00:00:00,"Coritiba","","Ponte Preta","",1,1,2017,34
2017-11-12 00:00:00,"Cruzeiro","","Fluminense","",3,1,2017,34
2017-11-13 00:00:00,"Chapecoense","","Santos","",2,0,2017,34
2017-11-15 00:00:00,"Ponte Preta","","Athletico-PR","PR",2,1,2017,35
2017-11-15 00:00:00,"Grêmio","","São Paulo","",1,0,2017,35
2017-11-15 00:00:00,"Cruzeiro","","Avaí","",2,2,2017,35
2017-11-15 00:00:00,"Corinthians","","Fluminense","",3,1,2017,35
2017-11-15 00:00:00,"Vasco","","Atlético-MG","MG",1,1,2017,35
2017-11-16 00:00:00,"Botafogo","","Atlético-GO","GO",1,2,2017,35
2017-11-16 00:00:00,"Palmeiras","","Sport","",5,1,2017,35
2017-11-16 00:00:00,"Chapecoense","","Vitória","",2,1,2017,35
2017-11-16 00:00:00,"Bahia","","Santos","",3,1,2017,35
2017-11-16 00:00:00,"Coritiba","","Flamengo","",1,0,2017,35
2017-11-19 00:00:00,"Sport","","Bahia","",1,0,2017,36
2017-11-19 00:00:00,"São Paulo","","Botafogo","",0,0,2017,36
2017-11-19 00:00:00,"Atlético-GO","GO","Chapecoense","",1,1,2017,36
2017-11-19 00:00:00,"Vitória","","Cruzeiro","",1,1,2017,36
2017-11-19 00:00:00,"Flamengo","","Corinthians","",3,0,2017,36
2017-11-19 00:00:00,"Santos","","Grêmio","",1,0,2017,36
2017-11-19 00:00:00,"Athletico-PR","PR","Vasco","",3,1,2017,36
2017-11-19 00:00:00,"Atlético-MG","MG","Coritiba","",3,0,2017,36
2017-11-20 00:00:00,"Fluminense","","Ponte Preta","",2,0,2017,36
2017-11-20 00:00:00,"Avaí","","Palmeiras","",2,1,2017,36
2017-11-25 00:00:00,"Fluminense","","Sport","",1,2,2017,37
2017-11-26 00:00:00,"Coritiba","","São Paulo","",1,2,2017,37
2017-11-26 00:00:00,"Avaí","","Athletico-PR","PR",1,0,2017,37
2017-11-26 00:00:00,"Ponte Preta","","Vitória","",2,3,2017,37
2017-11-26 00:00:00,"Grêmio","","Atlético-GO","GO",1,1,2017,37
2017-11-26 00:00:00,"Corinthians","","Atlético-MG","MG",2,2,2017,37
2017-11-26 00:00:00,"Cruzeiro","","Vasco","",0,1,2017,37
2017-11-26 00:00:00,"Flamengo","","Santos","",1,2,2017,37
2017-11-26 00:00:00,"Bahia","","Chapecoense","",0,1,2017,37
2017-11-27 00:00:00,"Palmeiras","","Botafogo","",2,0,2017,37
2017-12-03 00:00:00,"Sport","","Corinthians","",1,0,2017,38
2017-12-03 00:00:00,"Vitória","","Flamengo","",1,2,2017,38
2017-12-03 00:00:00,"Atlético-GO","GO","Fluminense","",1,1,2017,38
2017-12-03 00:00:00,"Athletico-PR","PR","Palmeiras","",3,0,2017,38
2017-12-03 00:00:00,"Chapecoense","","Coritiba","",2,1,2017,38
2017-12-03 00:00:00,"Santos","","Avaí","",1,1,2017,38
2017-12-03 00:00:00,"Botafogo","","Cruzeiro","",2,2,2017,38
2017-12-03 00:00:00,"Vasco","","Ponte Preta","",2,1,2017,38
2017-12-03 00:00:00,"São Paulo","","Bahia","",1,1,2017,38
2017-12-03 00:00:00,"Atlético-MG","MG","Grêmio","",4,3,2017,38
2018-04-14 00:00:00,"Cruzeiro","","Grêmio","",0,1,2018,1
2018-04-14 00:00:00,"Vitória","","Flamengo","",2,2,2018,1
2018-04-14 00:00:00,"Santos","","Ceará","",2,0,2018,1
2018-04-15 00:00:00,"América-MG","MG","Sport","",3,0,2018,1
2018-04-15 00:00:00,"Corinthians","","Fluminense","",2,1,2018,1
2018-04-15 00:00:00,"Internacional","","Bahia","",2,0,2018,1
2018-04-15 00:00:00,"Vasco","","Atlético-MG","MG",2,1,2018,1
2018-04-15 00:00:00,"Athletico-PR","PR","Chapecoense","",5,1,2018,1
2018-04-16 00:00:00,"Botafogo","","Palmeiras","",1,1,2018,1
2018-04-16 00:00:00,"São Paulo","","Paraná","",1,0,2018,1
2018-04-21 00:00:00,"Bahia","","Santos","",1,0,2018,2
2018-04-21 00:00:00,"Flamengo","","América-MG","MG",2,0,2018,2
2018-04-22 00:00:00,"Paraná","","Corinthians","",0,4,2018,2
2018-04-22 00:00:00,"Ceará","","São Paulo","",0,0,2018,2
2018-04-22 00:00:00,"Fluminense","","Cruzeiro","",1,0,2018,2
2018-04-22 00:00:00,"Chapecoense","","Vasco","",1,1,2018,2
2018-04-22 00:00:00,"Atlético-MG","MG","Vitória","",2,1,2018,2
2018-04-22 00:00:00,"Palmeiras","","Internacional","",1,0,2018,2
2018-04-22 00:00:00,"Grêmio","","Athletico-PR","PR",0,0,2018,2
2018-04-23 00:00:00,"Sport","","Botafogo","",1,1,2018,2
2018-04-28 00:00:00,"Botafogo","","Grêmio","",2,1,2018,3
2018-04-29 00:00:00,"Ceará","","Flamengo","",0,3,2018,3
2018-04-29 00:00:00,"Palmeiras","","Chapecoense","",0,0,2018,3
2018-04-29 00:00:00,"Fluminense","","São Paulo","",1,1,2018,3
2018-04-29 00:00:00,"Bahia","","Athletico-PR","PR",0,0,2018,3
2018-04-29 00:00:00,"Atlético-MG","MG","Corinthians","",1,0,2018,3
2018-04-29 00:00:00,"Paraná","","Sport","",1,2,2018,3
2018-04-29 00:00:00,"Internacional","","Cruzeiro","",0,0,2018,3
2018-04-30 00:00:00,"América-MG","MG","Vitória","",2,1,2018,3
2018-09-27 00:00:00,"Santos","","Vasco","",1,1,2018,3
2018-05-05 00:00:00,"Vasco","","América-MG","MG",4,1,2018,4
2018-05-05 00:00:00,"São Paulo","","Atlético-MG","MG",2,2,2018,4
2018-05-06 00:00:00,"Corinthians","","Ceará","",1,1,2018,4
2018-05-06 00:00:00,"Flamengo","","Internacional","",2,0,2018,4
2018-05-06 00:00:00,"Cruzeiro","","Botafogo","",1,0,2018,4
2018-05-06 00:00:00,"Vitória","","Fluminense","",1,2,2018,4
2018-05-06 00:00:00,"Athletico-PR","PR","Palmeiras","",1,3,2018,4
2018-05-06 00:00:00,"Grêmio","","Santos","",5,1,2018,4
2018-05-06 00:00:00,"Sport","","Bahia","",2,0,2018,4
2018-05-07 00:00:00,"Chapecoense","","Paraná","",1,1,2018,4
2018-05-12 00:00:00,"Grêmio","","Internacional","",0,0,2018,5
2018-05-13 00:00:00,"Cruzeiro","","Sport","",2,0,2018,5
2018-05-13 00:00:00,"Vasco","","Vitória","",2,3,2018,5
2018-05-13 00:00:00,"Bahia","","São Paulo","",2,2,2018,5
2018-05-13 00:00:00,"Athletico-PR","PR","Atlético-MG","MG",1,2,2018,5
2018-05-13 00:00:00,"Corinthians","","Palmeiras","",1,0,2018,5
2018-05-13 00:00:00,"Chapecoense","","Flamengo","",3,2,2018,5
2018-05-13 00:00:00,"Santos","","Paraná","",3,1,2018,5
2018-05-14 00:00:00,"Ceará","","América-MG","MG",2,2,2018,5
2018-05-14 00:00:00,"Botafogo","","Fluminense","",2,1,2018,5
2018-05-19 00:00:00,"Atlético-MG","MG","Cruzeiro","",1,0,2018,6
2018-05-19 00:00:00,"Flamengo","","Vasco","",1,1,2018,6
2018-05-19 00:00:00,"Palmeiras","","Bahia","",3,0,2018,6
2018-05-20 00:00:00,"Vitória","","Ceará","",2,1,2018,6
2018-05-20 00:00:00,"Paraná","","Grêmio","",0,0,2018,6
2018-05-20 00:00:00,"Sport","","Corinthians","",1,1,2018,6
2018-05-20 00:00:00,"São Paulo","","Santos","",1,0,2018,6
2018-05-20 00:00:00,"América-MG","MG","Botafogo","",1,0,2018,6
2018-05-20 00:00:00,"Fluminense","","Athletico-PR","PR",2,0,2018,6
2018-05-21 00:00:00,"Internacional","","Chapecoense","",3,0,2018,6
2018-05-26 00:00:00,"Fluminense","","Chapecoense","",3,1,2018,7
2018-05-26 00:00:00,"Palmeiras","","Sport","",2,3,2018,7
2018-05-26 00:00:00,"Atlético-MG","MG","Flamengo","",0,1,2018,7
2018-05-27 00:00:00,"Paraná","","Athletico-PR","PR",0,0,2018,7
2018-05-27 00:00:00,"Santos","","Cruzeiro","",0,1,2018,7
2018-05-27 00:00:00,"Internacional","","Corinthians","",2,1,2018,7
2018-05-27 00:00:00,"Botafogo","","Vitória","",1,1,2018,7
2018-05-27 00:00:00,"Bahia","","Vasco","",3,0,2018,7
2018-05-27 00:00:00,"América-MG","MG","São Paulo","",1,3,2018,7
2018-05-27 00:00:00,"Ceará","","Grêmio","",0,1,2018,7
2018-05-30 00:00:00,"Sport","","Atlético-MG","MG",3,2,2018,8
2018-05-30 00:00:00,"Vasco","","Paraná","",1,0,2018,8
2018-05-30 00:00:00,"Vitória","","Internacional","",2,3,2018,8
2018-05-30 00:00:00,"São Paulo","","Botafogo","",3,2,2018,8
2018-05-30 00:00:00,"Chapecoense","","Ceará","",2,0,2018,8
2018-05-30 00:00:00,"Grêmio","","Fluminense","",0,0,2018,8
2018-05-30 00:00:00,"Cruzeiro","","Palmeiras","",1,0,2018,8
2018-05-31 00:00:00,"Flamengo","","Bahia","",2,0,2018,8
2018-05-31 00:00:00,"Corinthians","","América-MG","MG",1,0,2018,8
2018-05-31 00:00:00,"Athletico-PR","PR","Santos","",2,0,2018,8
2018-06-02 00:00:00,"Atlético-MG","MG","Chapecoense","",3,3,2018,9
2018-06-02 00:00:00,"Internacional","","Sport","",0,0,2018,9
2018-06-02 00:00:00,"Vasco","","Botafogo","",1,2,2018,9
2018-06-02 00:00:00,"Palmeiras","","São Paulo","",3,1,2018,9
2018-06-03 00:00:00,"Santos","","Vitória","",5,2,2018,9
2018-06-03 00:00:00,"Flamengo","","Corinthians","",1,0,2018,9
2018-06-03 00:00:00,"Bahia","","Grêmio","",0,2,2018,9
2018-06-03 00:00:00,"América-MG","MG","Athletico-PR","PR",3,1,2018,9
2018-06-03 00:00:00,"Ceará","","Cruzeiro","",0,1,2018,9
2018-06-04 00:00:00,"Paraná","","Fluminense","",2,1,2018,9
2018-06-05 00:00:00,"São Paulo","","Internacional","",0,0,2018,10
2018-06-06 00:00:00,"Vitória","","Chapecoense","",1,0,2018,10
2018-06-06 00:00:00,"Botafogo","","Ceará","",0,0,2018,10
2018-06-06 00:00:00,"Sport","","Athletico-PR","PR",1,0,2018,10
2018-06-06 00:00:00,"Corinthians","","Santos","",1,1,2018,10
2018-06-06 00:00:00,"Grêmio","","Palmeiras","",0,2,2018,10
2018-06-06 00:00:00,"Cruzeiro","","Vasco","",1,1,2018,10
2018-06-07 00:00:00,"Paraná","","Bahia","",1,0,2018,10
2018-06-07 00:00:00,"Fluminense","","Flamengo","",0,2,2018,10
2018-06-07 00:00:00,"América-MG","MG","Atlético-MG","MG",1,3,2018,10
2018-06-09 00:00:00,"Athletico-PR","PR","São Paulo","",0,1,2018,11
2018-06-09 00:00:00,"Chapecoense","","Cruzeiro","",2,0,2018,11
2018-06-09 00:00:00,"Vasco","","Sport","",3,2,2018,11
2018-06-09 00:00:00,"Corinthians","","Vitória","",0,0,2018,11
2018-06-10 00:00:00,"Grêmio","","América-MG","MG",1,0,2018,11
2018-06-10 00:00:00,"Ceará","","Palmeiras","",2,2,2018,11
2018-06-10 00:00:00,"Bahia","","Botafogo","",3,3,2018,11
2018-06-10 00:00:00,"Atlético-MG","MG","Fluminense","",5,2,2018,11
2018-06-10 00:00:00,"Flamengo","","Paraná","",2,0,2018,11
2018-06-10 00:00:00,"Santos","","Internacional","",1,2,2018,11
2018-06-12 00:00:00,"São Paulo","","Vitória","",3,0,2018,12
2018-06-13 00:00:00,"América-MG","MG","Chapecoense","",0,0,2018,12
2018-06-13 00:00:00,"Fluminense","","Santos","",0,1,2018,12
2018-06-13 00:00:00,"Paraná","","Cruzeiro","",1,1,2018,12
2018-06-13 00:00:00,"Sport","","Grêmio","",0,0,2018,12
2018-06-13 00:00:00,"Botafogo","","Athletico-PR","PR",2,0,2018,12
2018-06-13 00:00:00,"Palmeiras","","Flamengo","",1,1,2018,12
2018-06-13 00:00:00,"Bahia","","Corinthians","",1,0,2018,12
2018-06-13 00:00:00,"Atlético-MG","MG","Ceará","",2,1,2018,12
2018-06-13 00:00:00,"Internacional","","Vasco","",3,1,2018,12
2018-07-18 00:00:00,"Ceará","","Sport","",1,0,2018,13
2018-07-18 00:00:00,"Vitória","","Paraná","",1,0,2018,13
2018-07-18 00:00:00,"Flamengo","","São Paulo","",0,1,2018,13
2018-07-18 00:00:00,"Grêmio","","Atlético-MG","MG",2,0,2018,13
2018-07-18 00:00:00,"Corinthians","","Botafogo","",2,0,2018,13
2018-07-19 00:00:00,"Chapecoense","","Bahia","",1,1,2018,13
2018-07-19 00:00:00,"Cruzeiro","","América-MG","MG",3,1,2018,13
2018-07-19 00:00:00,"Santos","","Palmeiras","",1,1,2018,13
2018-07-19 00:00:00,"Vasco","","Fluminense","",1,1,2018,13
2018-07-19 00:00:00,"Athletico-PR","PR","Internacional","",2,2,2018,13
2018-07-21 00:00:00,"Flamengo","","Botafogo","",2,0,2018,14
2018-07-21 00:00:00,"São Paulo","","Corinthians","",3,1,2018,14
2018-07-22 00:00:00,"Vasco","","Grêmio","",1,0,2018,14
2018-07-22 00:00:00,"Sport","","Fluminense","",1,2,2018,14
2018-07-22 00:00:00,"Palmeiras","","Atlético-MG","MG",3,2,2018,14
2018-07-22 00:00:00,"Paraná","","América-MG","MG",1,0,2018,14
2018-07-22 00:00:00,"Bahia","","Vitória","",4,1,2018,14
2018-07-22 00:00:00,"Cruzeiro","","Athletico-PR","PR",2,1,2018,14
2018-07-22 00:00:00,"Chapecoense","","Santos","",0,0,2018,14
2018-07-23 00:00:00,"Internacional","","Ceará","",1,0,2018,14
2018-07-25 00:00:00,"Fluminense","","Palmeiras","",1,0,2018,15
2018-07-25 00:00:00,"Atlético-MG","MG","Paraná","",2,0,2018,15
2018-07-25 00:00:00,"Santos","","Flamengo","",1,1,2018,15
2018-07-25 00:00:00,"Corinthians","","Cruzeiro","",2,0,2018,15
2018-07-26 00:00:00,"Botafogo","","Chapecoense","",1,0,2018,15
2018-07-26 00:00:00,"Grêmio","","São Paulo","",2,1,2018,15
2018-07-26 00:00:00,"Vitória","","Sport","",1,0,2018,15
2018-07-26 00:00:00,"América-MG","MG","Internacional","",2,1,2018,15
2018-08-29 00:00:00,"Ceará","","Bahia","",0,2,2018,15
2018-08-29 00:00:00,"Athletico-PR","PR","Vasco","",1,0,2018,15
2018-07-28 00:00:00,"Ceará","","Fluminense","",1,0,2018,16
2018-07-29 00:00:00,"Vasco","","Corinthians","",1,4,2018,16
2018-07-29 00:00:00,"Palmeiras","","Paraná","",3,0,2018,16
2018-07-29 00:00:00,"Flamengo","","Sport","",4,1,2018,16
2018-07-29 00:00:00,"Internacional","","Botafogo","",3,0,2018,16
2018-07-29 00:00:00,"Cruzeiro","","São Paulo","",0,2,2018,16
2018-07-29 00:00:00,"Athletico-PR","PR","Vitória","",4,0,2018,16
2018-07-29 00:00:00,"Santos","","América-MG","MG",0,1,2018,16
2018-07-29 00:00:00,"Chapecoense","","Grêmio","",1,1,2018,16
2018-07-30 00:00:00,"Bahia","","Atlético-MG","MG",2,2,2018,16
2018-08-04 00:00:00,"Botafogo","","Santos","",0,0,2018,17
2018-08-04 00:00:00,"Grêmio","","Flamengo","",2,0,2018,17
2018-08-04 00:00:00,"Corinthians","","Athletico-PR","PR",0,0,2018,17
2018-08-05 00:00:00,"Vitória","","Cruzeiro","",1,1,2018,17
2018-08-05 00:00:00,"América-MG","MG","Palmeiras","",0,0,2018,17
2018-08-05 00:00:00,"São Paulo","","Vasco","",2,1,2018,17
2018-08-05 00:00:00,"Paraná","","Ceará","",0,1,2018,17
2018-08-05 00:00:00,"Sport","","Chapecoense","",1,1,2018,17
2018-08-05 00:00:00,"Fluminense","","Bahia","",1,1,2018,17
2018-08-06 00:00:00,"Atlético-MG","MG","Internacional","",0,1,2018,17
2018-08-11 00:00:00,"Ceará","","Athletico-PR","PR",0,0,2018,18
2018-08-11 00:00:00,"Bahia","","América-MG","MG",1,0,2018,18
2018-08-12 00:00:00,"Paraná","","Botafogo","",1,1,2018,18
2018-08-12 00:00:00,"Atlético-MG","MG","Santos","",3,1,2018,18
2018-08-12 00:00:00,"Sport","","São Paulo","",1,3,2018,18
2018-08-12 00:00:00,"Flamengo","","Cruzeiro","",1,0,2018,18
2018-08-12 00:00:00,"Chapecoense","","Corinthians","",2,1,2018,18
2018-08-12 00:00:00,"Grêmio","","Vitória","",4,0,2018,18
2018-08-12 00:00:00,"Palmeiras","","Vasco","",1,0,2018,18
2018-08-13 00:00:00,"Fluminense","","Internacional","",0,3,2018,18
2018-08-18 00:00:00,"Santos","","Sport","",3,0,2018,19
2018-08-18 00:00:00,"Corinthians","","Grêmio","",0,1,2018,19
2018-08-19 00:00:00,"Athletico-PR","PR","Flamengo","",3,0,2018,19
2018-08-19 00:00:00,"Internacional","","Paraná","",1,0,2018,19
2018-08-19 00:00:00,"Cruzeiro","","Bahia","",1,1,2018,19
2018-08-19 00:00:00,"Botafogo","","Atlético-MG","MG",0,3,2018,19
2018-08-19 00:00:00,"Vitória","","Palmeiras","",0,3,2018,19
2018-08-19 00:00:00,"América-MG","MG","Fluminense","",0,0,2018,19
2018-08-19 00:00:00,"São Paulo","","Chapecoense","",2,0,2018,19
2018-08-20 00:00:00,"Vasco","","Ceará","",1,1,2018,19
2018-08-08 00:00:00,"Ceará","","Santos","",1,1,2018,20
2018-08-22 00:00:00,"Paraná","","São Paulo","",1,1,2018,20
2018-08-22 00:00:00,"Bahia","","Internacional","",0,1,2018,20
2018-08-22 00:00:00,"Palmeiras","","Botafogo","",2,0,2018,20
2018-08-22 00:00:00,"Sport","","América-MG","MG",0,2,2018,20
2018-08-22 00:00:00,"Fluminense","","Corinthians","",1,0,2018,20
2018-08-22 00:00:00,"Grêmio","","Cruzeiro","",1,1,2018,20
2018-08-23 00:00:00,"Flamengo","","Vitória","",1,0,2018,20
2018-08-23 00:00:00,"Atlético-MG","MG","Vasco","",0,0,2018,20
2018-09-13 00:00:00,"Chapecoense","","Athletico-PR","PR",2,1,2018,20
2018-08-25 00:00:00,"Santos","","Bahia","",2,0,2018,21
2018-08-25 00:00:00,"Athletico-PR","PR","Grêmio","",2,1,2018,21
2018-08-25 00:00:00,"Corinthians","","Paraná","",1,0,2018,21
2018-08-25 00:00:00,"Cruzeiro","","Fluminense","",2,1,2018,21
2018-08-25 00:00:00,"Botafogo","","Sport","",2,0,2018,21
2018-08-26 00:00:00,"São Paulo","","Ceará","",1,0,2018,21
2018-08-26 00:00:00,"Internacional","","Palmeiras","",0,0,2018,21
2018-08-26 00:00:00,"Vitória","","Atlético-MG","MG",1,0,2018,21
2018-08-26 00:00:00,"América-MG","MG","Flamengo","",2,2,2018,21
2018-08-26 00:00:00,"Vasco","","Chapecoense","",3,1,2018,21
2018-09-01 00:00:00,"Grêmio","","Botafogo","",4,0,2018,22
2018-09-01 00:00:00,"Vitória","","América-MG","MG",1,0,2018,22
2018-09-01 00:00:00,"Vasco","","Santos","",0,3,2018,22
2018-09-01 00:00:00,"Corinthians","","Atlético-MG","MG",1,1,2018,22
2018-09-02 00:00:00,"Flamengo","","Ceará","",0,1,2018,22
2018-09-02 00:00:00,"Sport","","Paraná","",1,0,2018,22
2018-09-02 00:00:00,"São Paulo","","Fluminense","",1,1,2018,22
2018-09-02 00:00:00,"Athletico-PR","PR","Bahia","",2,0,2018,22
2018-09-02 00:00:00,"Chapecoense","","Palmeiras","",1,2,2018,22
2018-09-02 00:00:00,"Cruzeiro","","Internacional","",0,0,2018,22
2018-09-05 00:00:00,"Botafogo","","Cruzeiro","",1,1,2018,23
2018-09-05 00:00:00,"Bahia","","Sport","",2,0,2018,23
2018-09-05 00:00:00,"Ceará","","Corinthians","",2,1,2018,23
2018-09-05 00:00:00,"Palmeiras","","Athletico-PR","PR",2,0,2018,23
2018-09-05 00:00:00,"Paraná","","Chapecoense","",1,1,2018,23
2018-09-05 00:00:00,"Atlético-MG","MG","São Paulo","",1,0,2018,23
2018-09-05 00:00:00,"Internacional","","Flamengo","",2,1,2018,23
2018-09-06 00:00:00,"Santos","","Grêmio","",0,0,2018,23
2018-09-06 00:00:00,"Fluminense","","Vitória","",0,0,2018,23
2018-09-06 00:00:00,"América-MG","MG","Vasco","",2,1,2018,23
2018-09-08 00:00:00,"Sport","","Cruzeiro","",0,0,2018,24
2018-09-08 00:00:00,"São Paulo","","Bahia","",1,0,2018,24
2018-09-08 00:00:00,"Flamengo","","Chapecoense","",2,0,2018,24
2018-09-09 00:00:00,"Fluminense","","Botafogo","",1,0,2018,24
2018-09-09 00:00:00,"Palmeiras","","Corinthians","",1,0,2018,24
2018-09-09 00:00:00,"Internacional","","Grêmio","",1,0,2018,24
2018-09-09 00:00:00,"América-MG","MG","Ceará","",0,0,2018,24
2018-09-09 00:00:00,"Vitória","","Vasco","",1,0,2018,24
2018-09-09 00:00:00,"Paraná","","Santos","",0,2,2018,24
2018-09-10 00:00:00,"Atlético-MG","MG","Athletico-PR","PR",3,1,2018,24
2018-09-15 00:00:00,"Ceará","","Vitória","",2,0,2018,25
2018-09-15 00:00:00,"Grêmio","","Paraná","",2,0,2018,25
2018-09-15 00:00:00,"Vasco","","Flamengo","",1,1,2018,25
2018-09-16 00:00:00,"Botafogo","","América-MG","MG",1,0,2018,25
2018-09-16 00:00:00,"Santos","","São Paulo","",0,0,2018,25
2018-09-16 00:00:00,"Bahia","","Palmeiras","",1,1,2018,25
2018-09-16 00:00:00,"Athletico-PR","PR","Fluminense","",3,1,2018,25
2018-09-16 00:00:00,"Cruzeiro","","Atlético-MG","MG",0,0,2018,25
2018-09-16 00:00:00,"Corinthians","","Sport","",2,1,2018,25
2018-09-17 00:00:00,"Chapecoense","","Internacional","",2,1,2018,25
2018-09-22 00:00:00,"São Paulo","","América-MG","MG",1,1,2018,26
2018-09-23 00:00:00,"Grêmio","","Ceará","",3,2,2018,26
2018-09-23 00:00:00,"Flamengo","","Atlético-MG","MG",2,1,2018,26
2018-09-23 00:00:00,"Athletico-PR","PR","Paraná","",3,0,2018,26
2018-09-23 00:00:00,"Corinthians","","Internacional","",1,1,2018,26
2018-09-23 00:00:00,"Sport","","Palmeiras","",0,1,2018,26
2018-09-23 00:00:00,"Vitória","","Botafogo","",3,4,2018,26
2018-09-23 00:00:00,"Cruzeiro","","Santos","",2,1,2018,26
2018-09-24 00:00:00,"Chapecoense","","Fluminense","",1,2,2018,26
2018-09-24 00:00:00,"Vasco","","Bahia","",2,1,2018,26
2018-09-29 00:00:00,"Fluminense","","Grêmio","",0,1,2018,27
2018-09-29 00:00:00,"América-MG","MG","Corinthians","",0,0,2018,27
2018-09-29 00:00:00,"Bahia","","Flamengo","",0,0,2018,27
2018-09-30 00:00:00,"Palmeiras","","Cruzeiro","",3,1,2018,27
2018-09-30 00:00:00,"Internacional","","Vitória","",2,1,2018,27
2018-09-30 00:00:00,"Santos","","Athletico-PR","PR",1,0,2018,27
2018-09-30 00:00:00,"Atlético-MG","MG","Sport","",5,2,2018,27
2018-09-30 00:00:00,"Botafogo","","São Paulo","",2,2,2018,27
2018-09-30 00:00:00,"Ceará","","Chapecoense","",3,1,2018,27
2018-10-01 00:00:00,"Paraná","","Vasco","",1,1,2018,27
2018-10-05 00:00:00,"Sport","","Internacional","",2,1,2018,28
2018-10-05 00:00:00,"Corinthians","","Flamengo","",0,3,2018,28
2018-10-05 00:00:00,"Vitória","","Santos","",0,1,2018,28
2018-10-06 00:00:00,"Athletico-PR","PR","América-MG","MG",4,0,2018,28
2018-10-06 00:00:00,"Chapecoense","","Atlético-MG","MG",1,0,2018,28
2018-10-06 00:00:00,"São Paulo","","Palmeiras","",0,2,2018,28
2018-10-06 00:00:00,"Grêmio","","Bahia","",2,2,2018,28
2018-10-08 00:00:00,"Fluminense","","Paraná","",4,0,2018,28
2018-10-09 00:00:00,"Botafogo","","Vasco","",1,1,2018,28
2018-10-24 00:00:00,"Cruzeiro","","Ceará","",0,2,2018,28
2018-10-13 00:00:00,"Flamengo","","Fluminense","",3,0,2018,29
2018-10-13 00:00:00,"Santos","","Corinthians","",1,0,2018,29
2018-10-13 00:00:00,"Bahia","","Paraná","",2,0,2018,29
2018-10-14 00:00:00,"Chapecoense","","Vitória","",0,1,2018,29
2018-10-14 00:00:00,"Internacional","","São Paulo","",3,1,2018,29
2018-10-14 00:00:00,"Palmeiras","","Grêmio","",2,0,2018,29
2018-10-14 00:00:00,"Vasco","","Cruzeiro","",2,0,2018,29
2018-10-14 00:00:00,"Atlético-MG","MG","América-MG","MG",0,0,2018,29
2018-10-14 00:00:00,"Athletico-PR","PR","Sport","",4,0,2018,29
2018-10-15 00:00:00,"Ceará","","Botafogo","",0,0,2018,29
2018-10-20 00:00:00,"América-MG","MG","Grêmio","",1,1,2018,30
2018-10-20 00:00:00,"Botafogo","","Bahia","",0,1,2018,30
2018-10-20 00:00:00,"São Paulo","","Athletico-PR","PR",0,0,2018,30
2018-10-20 00:00:00,"Sport","","Vasco","",2,1,2018,30
2018-10-21 00:00:00,"Vitória","","Corinthians","",2,2,2018,30
2018-10-21 00:00:00,"Palmeiras","","Ceará","",2,1,2018,30
2018-10-21 00:00:00,"Fluminense","","Atlético-MG","MG",1,0,2018,30
2018-10-21 00:00:00,"Paraná","","Flamengo","",0,4,2018,30
2018-10-21 00:00:00,"Cruzeiro","","Chapecoense","",3,0,2018,30
2018-10-22 00:00:00,"Internacional","","Santos","",2,2,2018,30
2018-10-26 00:00:00,"Vitória","","São Paulo","",0,1,2018,31
2018-10-26 00:00:00,"Vasco","","Internacional","",1,1,2018,31
2018-10-27 00:00:00,"Santos","","Fluminense","",3,0,2018,31
2018-10-27 00:00:00,"Grêmio","","Sport","",3,4,2018,31
2018-10-27 00:00:00,"Flamengo","","Palmeiras","",1,1,2018,31
2018-10-27 00:00:00,"Corinthians","","Bahia","",2,1,2018,31
2018-10-27 00:00:00,"Chapecoense","","América-MG","MG",1,0,2018,31
2018-10-27 00:00:00,"Cruzeiro","","Paraná","",3,1,2018,31
2018-10-27 00:00:00,"Athletico-PR","PR","Botafogo","",2,1,2018,31
2018-10-29 00:00:00,"Ceará","","Atlético-MG","MG",2,1,2018,31
2018-11-03 00:00:00,"Atlético-MG","MG","Grêmio","",0,1,2018,32
2018-11-03 00:00:00,"Fluminense","","Vasco","",0,1,2018,32
2018-11-03 00:00:00,"Palmeiras","","Santos","",3,2,2018,32
2018-11-04 00:00:00,"Paraná","","Vitória","",1,1,2018,32
2018-11-04 00:00:00,"São Paulo","","Flamengo","",2,2,2018,32
2018-11-04 00:00:00,"Botafogo","","Corinthians","",1,0,2018,32
2018-11-04 00:00:00,"América-MG","MG","Cruzeiro","",1,2,2018,32
2018-11-04 00:00:00,"Bahia","","Chapecoense","",1,0,2018,32
2018-11-04 00:00:00,"Internacional","","Athletico-PR","PR",2,1,2018,32
2018-11-05 00:00:00,"Sport","","Ceará","",1,0,2018,32
2018-11-10 00:00:00,"Corinthians","","São Paulo","",1,1,2018,33
2018-11-10 00:00:00,"América-MG","MG","Paraná","",0,1,2018,33
2018-11-10 00:00:00,"Botafogo","","Flamengo","",2,1,2018,33
2018-11-10 00:00:00,"Athletico-PR","PR","Cruzeiro","",2,0,2018,33
2018-11-11 00:00:00,"Atlético-MG","MG","Palmeiras","",1,1,2018,33
2018-11-11 00:00:00,"Grêmio","","Vasco","",2,1,2018,33
2018-11-11 00:00:00,"Ceará","","Internacional","",1,1,2018,33
2018-11-11 00:00:00,"Vitória","","Bahia","",2,2,2018,33
2018-11-11 00:00:00,"Fluminense","","Sport","",0,0,2018,33
2018-11-12 00:00:00,"Santos","","Chapecoense","",0,1,2018,33
2018-11-14 00:00:00,"Vasco","","Athletico-PR","PR",1,1,2018,34
2018-11-14 00:00:00,"Bahia","","Ceará","",2,1,2018,34
2018-11-14 00:00:00,"Paraná","","Atlético-MG","MG",0,1,2018,34
2018-11-14 00:00:00,"Sport","","Vitória","",0,0,2018,34
2018-11-14 00:00:00,"Palmeiras","","Fluminense","",3,0,2018,34
2018-11-14 00:00:00,"Cruzeiro","","Corinthians","",1,0,2018,34
2018-11-15 00:00:00,"Flamengo","","Santos","",1,0,2018,34
2018-11-15 00:00:00,"Chapecoense","","Botafogo","",0,1,2018,34
2018-11-15 00:00:00,"São Paulo","","Grêmio","",1,1,2018,34
2018-11-15 00:00:00,"Internacional","","América-MG","MG",2,0,2018,34
2018-11-17 00:00:00,"Vitória","","Athletico-PR","PR",1,2,2018,35
2018-11-17 00:00:00,"Corinthians","","Vasco","",1,0,2018,35
2018-11-17 00:00:00,"Atlético-MG","MG","Bahia","",1,0,2018,35
2018-11-18 00:00:00,"Sport","","Flamengo","",0,1,2018,35
2018-11-18 00:00:00,"Botafogo","","Internacional","",1,0,2018,35
2018-11-18 00:00:00,"América-MG","MG","Santos","",2,1,2018,35
2018-11-18 00:00:00,"Paraná","","Palmeiras","",1,1,2018,35
2018-11-18 00:00:00,"São Paulo","","Cruzeiro","",1,0,2018,35
2018-11-18 00:00:00,"Grêmio","","Chapecoense","",2,0,2018,35
2018-11-19 00:00:00,"Fluminense","","Ceará","",0,0,2018,35
2018-11-21 00:00:00,"Internacional","","Atlético-MG","MG",1,2,2018,36
2018-11-21 00:00:00,"Santos","","Botafogo","",1,1,2018,36
2018-11-21 00:00:00,"Palmeiras","","América-MG","MG",4,0,2018,36
2018-11-21 00:00:00,"Flamengo","","Grêmio","",2,0,2018,36
2018-11-21 00:00:00,"Cruzeiro","","Vitória","",3,0,2018,36
2018-11-21 00:00:00,"Athletico-PR","PR","Corinthians","",1,0,2018,36
2018-11-22 00:00:00,"Vasco","","São Paulo","",2,0,2018,36
2018-11-22 00:00:00,"Ceará","","Paraná","",1,0,2018,36
2018-11-22 00:00:00,"Bahia","","Fluminense","",2,0,2018,36
2018-11-22 00:00:00,"Chapecoense","","Sport","",2,1,2018,36
2018-11-24 00:00:00,"Santos","","Atlético-MG","MG",3,2,2018,37
2018-11-25 00:00:00,"Vasco","","Palmeiras","",0,1,2018,37
2018-11-25 00:00:00,"Vitória","","Grêmio","",0,0,2018,37
2018-11-25 00:00:00,"Cruzeiro","","Flamengo","",0,2,2018,37
2018-11-25 00:00:00,"Athletico-PR","PR","Ceará","",2,2,2018,37
2018-11-25 00:00:00,"Corinthians","","Chapecoense","",0,0,2018,37
2018-11-25 00:00:00,"Internacional","","Fluminense","",2,0,2018,37
2018-11-25 00:00:00,"América-MG","MG","Bahia","",1,0,2018,37
2018-11-26 00:00:00,"São Paulo","","Sport","",0,0,2018,37
2018-11-26 00:00:00,"Botafogo","","Paraná","",2,1,2018,37
2018-12-01 00:00:00,"Flamengo","","Athletico-PR","PR",1,2,2018,38
2018-12-01 00:00:00,"Atlético-MG","MG","Botafogo","",1,0,2018,38
2018-12-02 00:00:00,"Palmeiras","","Vitória","",3,2,2018,38
2018-12-02 00:00:00,"Fluminense","","América-MG","MG",1,0,2018,38
2018-12-02 00:00:00,"Paraná","","Internacional","",1,1,2018,38
2018-12-02 00:00:00,"Bahia","","Cruzeiro","",0,0,2018,38
2018-12-02 00:00:00,"Grêmio","","Corinthians","",1,0,2018,38
2018-12-02 00:00:00,"Ceará","","Vasco","",0,0,2018,38
2018-12-02 00:00:00,"Chapecoense","","São Paulo","",1,0,2018,38
2018-12-02 00:00:00,"Sport","","Santos","",2,1,2018,38
2019-04-27 00:00:00,"São Paulo","","Botafogo","",2,0,2019,1
2019-04-27 00:00:00,"Chapecoense","","Internacional","",2,0,2019,1
2019-04-27 00:00:00,"Atlético-MG","MG","Avaí","",2,1,2019,1
2019-04-27 00:00:00,"Flamengo","","Cruzeiro","",3,1,2019,1
2019-04-28 00:00:00,"Grêmio","","Santos","",1,2,2019,1
2019-04-28 00:00:00,"Athletico-PR","PR","Vasco","",4,1,2019,1
2019-04-28 00:00:00,"Bahia","","Corinthians","",3,2,2019,1
2019-04-28 00:00:00,"Ceará","","CSA","",4,0,2019,1
2019-04-28 00:00:00,"Palmeiras","","Fortaleza","",4,0,2019,1
2019-04-28 00:00:00,"Fluminense","","Goiás","",0,1,2019,1
2019-05-01 00:00:00,"CSA","","Palmeiras","",1,1,2019,2
2019-05-01 00:00:00,"Corinthians","","Chapecoense","",1,0,2019,2
2019-05-01 00:00:00,"Internacional","","Flamengo","",2,1,2019,2
2019-05-01 00:00:00,"Cruzeiro","","Ceará","",1,0,2019,2
2019-05-01 00:00:00,"Avaí","","Grêmio","",1,1,2019,2
2019-05-01 00:00:00,"Vasco","","Atlético-MG","MG",1,2,2019,2
2019-05-01 00:00:00,"Fortaleza","","Athletico-PR","PR",2,1,2019,2
2019-05-01 00:00:00,"Goiás","","São Paulo","",1,2,2019,2
2019-05-02 00:00:00,"Santos","","Fluminense","",2,1,2019,2
2019-05-02 00:00:00,"Botafogo","","Bahia","",3,2,2019,2
2019-05-04 00:00:00,"Vasco","","Corinthians","",1,1,2019,3
2019-05-04 00:00:00,"Palmeiras","","Internacional","",1,0,2019,3
2019-05-04 00:00:00,"Ceará","","Atlético-MG","MG",1,2,2019,3
2019-05-05 00:00:00,"Chapecoense","","Athletico-PR","PR",1,1,2019,3
2019-05-05 00:00:00,"Botafogo","","Fortaleza","",1,0,2019,3
2019-05-05 00:00:00,"Cruzeiro","","Goiás","",2,1,2019,3
2019-05-05 00:00:00,"CSA","","Santos","",0,0,2019,3
2019-05-05 00:00:00,"São Paulo","","Flamengo","",1,1,2019,3
2019-05-05 00:00:00,"Grêmio","","Fluminense","",4,5,2019,3
2019-05-05 00:00:00,"Bahia","","Avaí","",1,0,2019,3
2019-05-11 00:00:00,"Fluminense","","Botafogo","",0,1,2019,4
2019-05-11 00:00:00,"Corinthians","","Grêmio","",0,0,2019,4
2019-05-11 00:00:00,"Goiás","","Ceará","",2,1,2019,4
2019-05-12 00:00:00,"Flamengo","","Chapecoense","",2,1,2019,4
2019-05-12 00:00:00,"Santos","","Vasco","",3,0,2019,4
2019-05-12 00:00:00,"Atlético-MG","MG","Palmeiras","",0,2,2019,4
2019-05-12 00:00:00,"Internacional","","Cruzeiro","",3,1,2019,4
2019-05-12 00:00:00,"Avaí","","CSA","",0,0,2019,4
2019-05-12 00:00:00,"Athletico-PR","PR","Bahia","",1,0,2019,4
2019-05-12 00:00:00,"Fortaleza","","São Paulo","",0,1,2019,4
2019-05-18 00:00:00,"Fluminense","","Cruzeiro","",4,1,2019,5
2019-05-18 00:00:00,"Palmeiras","","Santos","",4,0,2019,5
2019-05-18 00:00:00,"Atlético-MG","MG","Flamengo","",2,1,2019,5
2019-05-19 00:00:00,"São Paulo","","Bahia","",0,0,2019,5
2019-05-19 00:00:00,"Goiás","","Botafogo","",1,0,2019,5
2019-05-19 00:00:00,"Athletico-PR","PR","Corinthians","",0,2,2019,5
2019-05-19 00:00:00,"Chapecoense","","Fortaleza","",1,3,2019,5
2019-05-19 00:00:00,"Internacional","","CSA","",2,0,2019,5
2019-05-19 00:00:00,"Ceará","","Grêmio","",2,1,2019,5
2019-05-19 00:00:00,"Vasco","","Avaí","",1,1,2019,5
2019-05-25 00:00:00,"Botafogo","","Palmeiras","",0,1,2019,6
2019-05-25 00:00:00,"Grêmio","","Atlético-MG","MG",1,0,2019,6
2019-05-26 00:00:00,"Flamengo","","Athletico-PR","PR",3,2,2019,6
2019-05-26 00:00:00,"Santos","","Internacional","",0,0,2019,6
2019-05-26 00:00:00,"Bahia","","Fluminense","",3,2,2019,6
2019-05-26 00:00:00,"Cruzeiro","","Chapecoense","",1,2,2019,6
2019-05-26 00:00:00,"Fortaleza","","Vasco","",1,1,2019,6
2019-05-26 00:00:00,"Corinthians","","São Paulo","",1,0,2019,6
2019-05-27 00:00:00,"CSA","","Goiás","",1,0,2019,6
2019-05-27 00:00:00,"Avaí","","Ceará","",1,2,2019,6
2019-06-01 00:00:00,"Flamengo","","Fortaleza","",2,0,2019,7
2019-06-01 00:00:00,"Bahia","","Grêmio","",1,0,2019,7
2019-06-02 00:00:00,"Botafogo","","Vasco","",1,0,2019,7
2019-06-02 00:00:00,"Athletico-PR","PR","Fluminense","",3,0,2019,7
2019-06-02 00:00:00,"Ceará","","Santos","",0,1,2019,7
2019-06-02 00:00:00,"São Paulo","","Cruzeiro","",1,1,2019,7
2019-06-02 00:00:00,"Internacional","","Avaí","",2,0,2019,7
2019-06-02 00:00:00,"Chapecoense","","Palmeiras","",1,2,2019,7
2019-06-02 00:00:00,"Atlético-MG","MG","CSA","",4,0,2019,7
2019-08-07 00:00:00,"Corinthians","","Goiás","",2,0,2019,7
2019-06-07 00:00:00,"Vasco","","Internacional","",2,1,2019,8
2019-06-08 00:00:00,"Palmeiras","","Athletico-PR","PR",1,0,2019,8
2019-06-08 00:00:00,"Grêmio","","Fortaleza","",1,0,2019,8
2019-06-08 00:00:00,"Cruzeiro","","Corinthians","",0,0,2019,8
2019-06-08 00:00:00,"Ceará","","Bahia","",0,0,2019,8
2019-06-08 00:00:00,"Avaí","","São Paulo","",0,0,2019,8
2019-06-09 00:00:00,"Fluminense","","Flamengo","",0,0,2019,8
2019-06-09 00:00:00,"CSA","","Botafogo","",1,2,2019,8
2019-06-09 00:00:00,"Santos","","Atlético-MG","MG",3,1,2019,8
2019-06-10 00:00:00,"Goiás","","Chapecoense","",3,1,2019,8
2019-06-12 00:00:00,"Botafogo","","Grêmio","",0,1,2019,9
2019-06-12 00:00:00,"Fortaleza","","Cruzeiro","",2,1,2019,9
2019-06-12 00:00:00,"Santos","","Corinthians","",1,0,2019,9
2019-06-12 00:00:00,"Internacional","","Bahia","",3,1,2019,9
2019-06-12 00:00:00,"CSA","","Flamengo","",0,2,2019,9
2019-06-13 00:00:00,"Vasco","","Ceará","",1,0,2019,9
2019-06-13 00:00:00,"Goiás","","Athletico-PR","PR",2,1,2019,9
2019-06-13 00:00:00,"Chapecoense","","Fluminense","",1,1,2019,9
2019-06-13 00:00:00,"Palmeiras","","Avaí","",2,0,2019,9
2019-06-13 00:00:00,"Atlético-MG","MG","São Paulo","",1,1,2019,9
2019-07-13 00:00:00,"Fortaleza","","Avaí","",2,0,2019,10
2019-07-13 00:00:00,"Grêmio","","Vasco","",2,1,2019,10
2019-07-13 00:00:00,"São Paulo","","Palmeiras","",1,1,2019,10
2019-07-13 00:00:00,"Bahia","","Santos","",0,1,2019,10
2019-07-14 00:00:00,"Flamengo","","Goiás","",6,1,2019,10
2019-07-14 00:00:00,"Athletico-PR","PR","Internacional","",1,0,2019,10
2019-07-14 00:00:00,"Cruzeiro","","Botafogo","",0,0,2019,10
2019-07-14 00:00:00,"Corinthians","","CSA","",1,0,2019,10
2019-07-14 00:00:00,"Chapecoense","","Atlético-MG","MG",1,2,2019,10
2019-07-15 00:00:00,"Fluminense","","Ceará","",1,1,2019,10
2019-07-20 00:00:00,"Vasco","","Fluminense","",2,1,2019,11
2019-07-20 00:00:00,"Bahia","","Cruzeiro","",0,0,2019,11
2019-07-20 00:00:00,"Ceará","","Palmeiras","",2,0,2019,11
2019-07-20 00:00:00,"Internacional","","Grêmio","",1,1,2019,11
2019-07-20 00:00:00,"CSA","","Athletico-PR","PR",0,4,2019,11
2019-07-21 00:00:00,"Botafogo","","Santos","",0,1,2019,11
2019-07-21 00:00:00,"Corinthians","","Flamengo","",1,1,2019,11
2019-07-21 00:00:00,"Atlético-MG","MG","Fortaleza","",2,2,2019,11
2019-07-21 00:00:00,"Avaí","","Goiás","",0,0,2019,11
2019-07-22 00:00:00,"São Paulo","","Chapecoense","",4,0,2019,11
2019-07-27 00:00:00,"Palmeiras","","Vasco","",1,1,2019,12
2019-07-27 00:00:00,"Cruzeiro","","Athletico-PR","PR",0,2,2019,12
2019-07-27 00:00:00,"Fluminense","","São Paulo","",1,2,2019,12
2019-07-27 00:00:00,"Internacional","","Ceará","",1,0,2019,12
2019-07-28 00:00:00,"Chapecoense","","Bahia","",0,0,2019,12
2019-07-28 00:00:00,"Flamengo","","Botafogo","",3,2,2019,12
2019-07-28 00:00:00,"Santos","","Avaí","",3,1,2019,12
2019-07-28 00:00:00,"Goiás","","Atlético-MG","MG",0,0,2019,12
2019-07-28 00:00:00,"Fortaleza","","Corinthians","",1,3,2019,12
2019-07-29 00:00:00,"CSA","","Grêmio","",0,0,2019,12
2019-08-03 00:00:00,"Fluminense","","Internacional","",2,1,2019,13
2019-08-03 00:00:00,"Ceará","","Fortaleza","",2,1,2019,13
2019-08-04 00:00:00,"Santos","","Goiás","",6,1,2019,13
2019-08-04 00:00:00,"Avaí","","Botafogo","",0,2,2019,13
2019-08-04 00:00:00,"Bahia","","Flamengo","",3,0,2019,13
2019-08-04 00:00:00,"Atlético-MG","MG","Cruzeiro","",2,0,2019,13
2019-08-04 00:00:00,"Vasco","","CSA","",0,0,2019,13
2019-08-04 00:00:00,"Corinthians","","Palmeiras","",1,1,2019,13
2019-08-05 00:00:00,"Grêmio","","Chapecoense","",3,3,2019,13
2019-08-21 00:00:00,"Athletico-PR","PR","São Paulo","",0,1,2019,13
2019-08-10 00:00:00,"São Paulo","","Santos","",3,2,2019,14
2019-08-10 00:00:00,"Ceará","","Chapecoense","",4,1,2019,14
2019-08-10 00:00:00,"Flamengo","","Grêmio","",3,1,2019,14
2019-08-10 00:00:00,"Atlético-MG","MG","Fluminense","",2,1,2019,14
2019-08-11 00:00:00,"Internacional","","Corinthians","",0,0,2019,14
2019-08-11 00:00:00,"Avaí","","Cruzeiro","",2,2,2019,14
2019-08-11 00:00:00,"Botafogo","","Athletico-PR","PR",2,1,2019,14
2019-08-11 00:00:00,"Palmeiras","","Bahia","",2,2,2019,14
2019-08-11 00:00:00,"Goiás","","Vasco","",0,1,2019,14
2019-08-12 00:00:00,"CSA","","Fortaleza","",0,2,2019,14
2019-08-17 00:00:00,"Corinthians","","Botafogo","",2,0,2019,15
2019-08-17 00:00:00,"Fortaleza","","Internacional","",0,1,2019,15
2019-08-17 00:00:00,"Athletico-PR","PR","Atlético-MG","MG",1,0,2019,15
2019-08-17 00:00:00,"Vasco","","Flamengo","",1,4,2019,15
2019-08-17 00:00:00,"Grêmio","","Palmeiras","",1,1,2019,15
2019-08-18 00:00:00,"Fluminense","","CSA","",0,1,2019,15
2019-08-18 00:00:00,"Bahia","","Goiás","",1,1,2019,15
2019-08-18 00:00:00,"Cruzeiro","","Santos","",2,0,2019,15
2019-08-18 00:00:00,"São Paulo","","Ceará","",1,0,2019,15
2019-08-18 00:00:00,"Chapecoense","","Avaí","",1,0,2019,15
2019-08-24 00:00:00,"Atlético-MG","MG","Bahia","",0,1,2019,16
2019-08-24 00:00:00,"Grêmio","","Athletico-PR","PR",2,1,2019,16
2019-08-25 00:00:00,"Santos","","Fortaleza","",3,3,2019,16
2019-08-25 00:00:00,"Goiás","","Internacional","",2,1,2019,16
2019-08-25 00:00:00,"Vasco","","São Paulo","",2,0,2019,16
2019-08-25 00:00:00,"CSA","","Cruzeiro","",1,1,2019,16
2019-08-25 00:00:00,"Avaí","","Corinthians","",1,1,2019,16
2019-08-25 00:00:00,"Ceará","","Flamengo","",0,3,2019,16
2019-08-26 00:00:00,"Botafogo","","Chapecoense","",0,0,2019,16
2019-09-10 00:00:00,"Palmeiras","","Fluminense","",3,0,2019,16
2019-08-31 00:00:00,"São Paulo","","Grêmio","",0,0,2019,17
2019-08-31 00:00:00,"Bahia","","CSA","",1,0,2019,17
2019-08-31 00:00:00,"Chapecoense","","Santos","",0,1,2019,17
2019-08-31 00:00:00,"Athletico-PR","PR","Ceará","",1,0,2019,17
2019-08-31 00:00:00,"Internacional","","Botafogo","",3,2,2019,17
2019-09-01 00:00:00,"Flamengo","","Palmeiras","",3,0,2019,17
2019-09-01 00:00:00,"Fortaleza","","Goiás","",2,0,2019,17
2019-09-01 00:00:00,"Cruzeiro","","Vasco","",1,0,2019,17
2019-09-01 00:00:00,"Corinthians","","Atlético-MG","MG",1,0,2019,17
2019-09-02 00:00:00,"Fluminense","","Avaí","",0,1,2019,17
2019-09-07 00:00:00,"Corinthians","","Ceará","",2,2,2019,18
2019-09-07 00:00:00,"Vasco","","Bahia","",0,2,2019,18
2019-09-07 00:00:00,"Fortaleza","","Fluminense","",0,1,2019,18
2019-09-07 00:00:00,"Avaí","","Flamengo","",0,3,2019,18
2019-09-07 00:00:00,"Internacional","","São Paulo","",1,0,2019,18
2019-09-07 00:00:00,"Goiás","","Palmeiras","",1,2,2019,18
2019-09-08 00:00:00,"Cruzeiro","","Grêmio","",1,4,2019,18
2019-09-08 00:00:00,"Botafogo","","Atlético-MG","MG",2,1,2019,18
2019-09-08 00:00:00,"Santos","","Athletico-PR","PR",1,1,2019,18
2019-09-08 00:00:00,"CSA","","Chapecoense","",2,0,2019,18
2019-09-14 00:00:00,"Flamengo","","Santos","",1,0,2019,19
2019-09-14 00:00:00,"Palmeiras","","Cruzeiro","",1,0,2019,19
2019-09-14 00:00:00,"Chapecoense","","Vasco","",1,2,2019,19
2019-09-14 00:00:00,"Ceará","","Botafogo","",0,0,2019,19
2019-09-15 00:00:00,"Athletico-PR","PR","Avaí","",0,1,2019,19
2019-09-15 00:00:00,"Atlético-MG","MG","Internacional","",1,3,2019,19
2019-09-15 00:00:00,"Bahia","","Fortaleza","",1,1,2019,19
2019-09-15 00:00:00,"Grêmio","","Goiás","",3,0,2019,19
2019-09-15 00:00:00,"Fluminense","","Corinthians","",1,0,2019,19
2019-09-15 00:00:00,"São Paulo","","CSA","",1,1,2019,19
2019-09-21 00:00:00,"Botafogo","","São Paulo","",1,2,2019,20
2019-09-21 00:00:00,"Cruzeiro","","Flamengo","",1,2,2019,20
2019-09-21 00:00:00,"Corinthians","","Bahia","",2,1,2019,20
2019-09-21 00:00:00,"Santos","","Grêmio","",0,3,2019,20
2019-09-22 00:00:00,"Internacional","","Chapecoense","",1,0,2019,20
2019-09-22 00:00:00,"CSA","","Ceará","",1,0,2019,20
2019-09-22 00:00:00,"Vasco","","Athletico-PR","PR",1,1,2019,20
2019-09-22 00:00:00,"Fortaleza","","Palmeiras","",0,1,2019,20
2019-09-22 00:00:00,"Goiás","","Fluminense","",3,0,2019,20
2019-09-23 00:00:00,"Avaí","","Atlético-MG","MG",1,0,2019,20
2019-09-25 00:00:00,"Ceará","","Cruzeiro","",0,0,2019,21
2019-09-25 00:00:00,"Flamengo","","Internacional","",3,1,2019,21
2019-09-25 00:00:00,"Bahia","","Botafogo","",2,0,2019,21
2019-09-25 00:00:00,"São Paulo","","Goiás","",0,1,2019,21
2019-09-26 00:00:00,"Palmeiras","","CSA","",6,2,2019,21
2019-09-26 00:00:00,"Fluminense","","Santos","",1,1,2019,21
2019-09-26 00:00:00,"Grêmio","","Avaí","",6,1,2019,21
2019-09-26 00:00:00,"Athletico-PR","PR","Fortaleza","",4,1,2019,21
2019-10-02 00:00:00,"Chapecoense","","Corinthians","",0,1,2019,21
2019-10-02 00:00:00,"Atlético-MG","MG","Vasco","",1,2,2019,21
2019-09-28 00:00:00,"Flamengo","","São Paulo","",0,0,2019,22
2019-09-29 00:00:00,"Corinthians","","Vasco","",1,0,2019,22
2019-09-29 00:00:00,"Santos","","CSA","",2,0,2019,22
2019-09-29 00:00:00,"Fluminense","","Grêmio","",2,1,2019,22
2019-09-29 00:00:00,"Internacional","","Palmeiras","",1,1,2019,22
2019-09-29 00:00:00,"Athletico-PR","PR","Chapecoense","",1,1,2019,22
2019-09-29 00:00:00,"Atlético-MG","MG","Ceará","",2,1,2019,22
2019-09-30 00:00:00,"Goiás","","Cruzeiro","",1,0,2019,22
2019-09-30 00:00:00,"Fortaleza","","Botafogo","",1,0,2019,22
2019-09-30 00:00:00,"Avaí","","Bahia","",0,2,2019,22
2019-10-05 00:00:00,"São Paulo","","Fortaleza","",2,1,2019,23
2019-10-05 00:00:00,"Vasco","","Santos","",0,1,2019,23
2019-10-05 00:00:00,"Grêmio","","Corinthians","",0,0,2019,23
2019-10-05 00:00:00,"Bahia","","Athletico-PR","PR",1,2,2019,23
2019-10-05 00:00:00,"Cruzeiro","","Internacional","",1,1,2019,23
2019-10-06 00:00:00,"Chapecoense","","Flamengo","",0,1,2019,23
2019-10-06 00:00:00,"Ceará","","Goiás","",0,1,2019,23
2019-10-06 00:00:00,"Botafogo","","Fluminense","",0,1,2019,23
2019-10-06 00:00:00,"Palmeiras","","Atlético-MG","MG",1,1,2019,23
2019-10-06 00:00:00,"CSA","","Avaí","",3,1,2019,23
2019-10-09 00:00:00,"Botafogo","","Goiás","",3,1,2019,24
2019-10-09 00:00:00,"CSA","","Internacional","",1,0,2019,24
2019-10-09 00:00:00,"Fortaleza","","Chapecoense","",2,0,2019,24
2019-10-09 00:00:00,"Bahia","","São Paulo","",0,0,2019,24
2019-10-09 00:00:00,"Grêmio","","Ceará","",2,1,2019,24
2019-10-09 00:00:00,"Santos","","Palmeiras","",2,0,2019,24
2019-10-09 00:00:00,"Cruzeiro","","Fluminense","",0,0,2019,24
2019-10-10 00:00:00,"Corinthians","","Athletico-PR","PR",2,2,2019,24
2019-10-10 00:00:00,"Avaí","","Vasco","",0,0,2019,24
2019-10-10 00:00:00,"Flamengo","","Atlético-MG","MG",3,1,2019,24
2019-10-12 00:00:00,"Goiás","","CSA","",1,0,2019,25
2019-10-12 00:00:00,"Fluminense","","Bahia","",2,0,2019,25
2019-10-12 00:00:00,"Palmeiras","","Botafogo","",1,0,2019,25
2019-10-13 00:00:00,"Vasco","","Fortaleza","",1,0,2019,25
2019-10-13 00:00:00,"Athletico-PR","PR","Flamengo","",0,2,2019,25
2019-10-13 00:00:00,"Internacional","","Santos","",0,0,2019,25
2019-10-13 00:00:00,"Ceará","","Avaí","",1,0,2019,25
2019-10-13 00:00:00,"São Paulo","","Corinthians","",1,0,2019,25
2019-10-13 00:00:00,"Atlético-MG","MG","Grêmio","",1,4,2019,25
2019-10-13 00:00:00,"Chapecoense","","Cruzeiro","",1,1,2019,25
2019-10-16 00:00:00,"CSA","","Atlético-MG","MG",2,2,2019,26
2019-10-16 00:00:00,"Grêmio","","Bahia","",0,1,2019,26
2019-10-16 00:00:00,"Fortaleza","","Flamengo","",1,2,2019,26
2019-10-16 00:00:00,"Palmeiras","","Chapecoense","",1,0,2019,26
2019-10-16 00:00:00,"Cruzeiro","","São Paulo","",1,0,2019,26
2019-10-16 00:00:00,"Goiás","","Corinthians","",2,2,2019,26
2019-10-16 00:00:00,"Vasco","","Botafogo","",2,1,2019,26
2019-10-17 00:00:00,"Santos","","Ceará","",2,1,2019,26
2019-10-17 00:00:00,"Avaí","","Internacional","",0,2,2019,26
2019-10-17 00:00:00,"Fluminense","","Athletico-PR","PR",1,2,2019,26
2019-10-19 00:00:00,"Fortaleza","","Grêmio","",2,1,2019,27
2019-10-19 00:00:00,"Corinthians","","Cruzeiro","",1,2,2019,27
2019-10-20 00:00:00,"São Paulo","","Avaí","",1,0,2019,27
2019-10-20 00:00:00,"Internacional","","Vasco","",0,1,2019,27
2019-10-20 00:00:00,"Atlético-MG","MG","Santos","",2,0,2019,27
2019-10-20 00:00:00,"Flamengo","","Fluminense","",2,0,2019,27
2019-10-20 00:00:00,"Chapecoense","","Goiás","",2,2,2019,27
2019-10-20 00:00:00,"Athletico-PR","PR","Palmeiras","",1,1,2019,27
2019-10-21 00:00:00,"Bahia","","Ceará","",1,2,2019,27
2019-10-21 00:00:00,"Botafogo","","CSA","",2,1,2019,27
2019-10-26 00:00:00,"Corinthians","","Santos","",0,0,2019,28
2019-10-26 00:00:00,"Ceará","","Vasco","",1,1,2019,28
2019-10-26 00:00:00,"Bahia","","Internacional","",2,3,2019,28
2019-10-26 00:00:00,"Fluminense","","Chapecoense","",1,1,2019,28
2019-10-26 00:00:00,"Cruzeiro","","Fortaleza","",1,1,2019,28
2019-10-27 00:00:00,"Athletico-PR","PR","Goiás","",4,1,2019,28
2019-10-27 00:00:00,"São Paulo","","Atlético-MG","MG",2,0,2019,28
2019-10-27 00:00:00,"Grêmio","","Botafogo","",3,0,2019,28
2019-10-27 00:00:00,"Avaí","","Palmeiras","",1,2,2019,28
2019-10-27 00:00:00,"Flamengo","","CSA","",1,0,2019,28
2019-10-30 00:00:00,"Avaí","","Fortaleza","",1,3,2019,29
2019-10-30 00:00:00,"Atlético-MG","MG","Chapecoense","",0,2,2019,29
2019-10-30 00:00:00,"Palmeiras","","São Paulo","",3,0,2019,29
2019-10-30 00:00:00,"CSA","","Corinthians","",2,1,2019,29
2019-10-30 00:00:00,"Vasco","","Grêmio","",1,3,2019,29
2019-10-30 00:00:00,"Ceará","","Fluminense","",2,0,2019,29
2019-10-31 00:00:00,"Santos","","Bahia","",1,0,2019,29
2019-10-31 00:00:00,"Goiás","","Flamengo","",2,2,2019,29
2019-10-31 00:00:00,"Internacional","","Athletico-PR","PR",1,1,2019,29
2019-10-31 00:00:00,"Botafogo","","Cruzeiro","",0,2,2019,29
2019-11-02 00:00:00,"Fortaleza","","Atlético-MG","MG",2,2,2019,30
2019-11-02 00:00:00,"Fluminense","","Vasco","",0,0,2019,30
2019-11-02 00:00:00,"Palmeiras","","Ceará","",1,0,2019,30
2019-11-02 00:00:00,"Chapecoense","","São Paulo","",0,3,2019,30
2019-11-03 00:00:00,"Flamengo","","Corinthians","",4,1,2019,30
2019-11-03 00:00:00,"Athletico-PR","PR","CSA","",1,0,2019,30
2019-11-03 00:00:00,"Grêmio","","Internacional","",2,0,2019,30
2019-11-03 00:00:00,"Santos","","Botafogo","",4,1,2019,30
2019-11-03 00:00:00,"Cruzeiro","","Bahia","",1,1,2019,30
2019-11-03 00:00:00,"Goiás","","Avaí","",2,0,2019,30
2019-11-06 00:00:00,"Corinthians","","Fortaleza","",3,2,2019,31
2019-11-06 00:00:00,"Atlético-MG","MG","Goiás","",2,0,2019,31
2019-11-06 00:00:00,"Avaí","","Santos","",1,2,2019,31
2019-11-06 00:00:00,"Bahia","","Chapecoense","",1,1,2019,31
2019-11-06 00:00:00,"Vasco","","Palmeiras","",1,2,2019,31
2019-11-06 00:00:00,"Athletico-PR","PR","Cruzeiro","",0,0,2019,31
2019-11-07 00:00:00,"Ceará","","Internacional","",2,0,2019,31
2019-11-07 00:00:00,"São Paulo","","Fluminense","",0,2,2019,31
2019-11-07 00:00:00,"Botafogo","","Flamengo","",0,1,2019,31
2019-11-07 00:00:00,"Grêmio","","CSA","",2,1,2019,31
2019-11-09 00:00:00,"Goiás","","Santos","",0,3,2019,32
2019-11-09 00:00:00,"Palmeiras","","Corinthians","",1,1,2019,32
2019-11-10 00:00:00,"São Paulo","","Athletico-PR","PR",0,1,2019,32
2019-11-10 00:00:00,"Cruzeiro","","Atlético-MG","MG",0,0,2019,32
2019-11-10 00:00:00,"Internacional","","Fluminense","",2,1,2019,32
2019-11-10 00:00:00,"Flamengo","","Bahia","",3,1,2019,32
2019-11-10 00:00:00,"CSA","","Vasco","",0,3,2019,32
2019-11-10 00:00:00,"Fortaleza","","Ceará","",1,0,2019,32
2019-11-10 00:00:00,"Chapecoense","","Grêmio","",0,1,2019,32
2019-11-11 00:00:00,"Botafogo","","Avaí","",2,0,2019,32
2019-11-16 00:00:00,"Santos","","São Paulo","",1,1,2019,33
2019-11-16 00:00:00,"Fluminense","","Atlético-MG","MG",1,1,2019,33
2019-11-17 00:00:00,"Grêmio","","Flamengo","",0,1,2019,33
2019-11-17 00:00:00,"Bahia","","Palmeiras","",1,1,2019,33
2019-11-17 00:00:00,"Chapecoense","","Ceará","",1,0,2019,33
2019-11-17 00:00:00,"Athletico-PR","PR","Botafogo","",1,0,2019,33
2019-11-17 00:00:00,"Corinthians","","Internacional","",0,0,2019,33
2019-11-17 00:00:00,"Fortaleza","","CSA","",3,0,2019,33
2019-11-18 00:00:00,"Vasco","","Goiás","",1,1,2019,33
2019-11-18 00:00:00,"Cruzeiro","","Avaí","",0,0,2019,33
2019-11-13 00:00:00,"Flamengo","","Vasco","",4,4,2019,34
2019-11-23 00:00:00,"Santos","","Cruzeiro","",4,1,2019,34
2019-11-24 00:00:00,"Goiás","","Bahia","",4,3,2019,34
2019-11-24 00:00:00,"Palmeiras","","Grêmio","",1,2,2019,34
2019-11-24 00:00:00,"Atlético-MG","MG","Athletico-PR","PR",0,1,2019,34
2019-11-24 00:00:00,"Botafogo","","Corinthians","",1,0,2019,34
2019-11-24 00:00:00,"Avaí","","Chapecoense","",0,1,2019,34
2019-11-24 00:00:00,"Ceará","","São Paulo","",1,1,2019,34
2019-11-24 00:00:00,"Internacional","","Fortaleza","",2,2,2019,34
2019-11-25 00:00:00,"CSA","","Fluminense","",0,1,2019,34
2019-11-27 00:00:00,"Internacional","","Goiás","",1,2,2019,35
2019-11-27 00:00:00,"Chapecoense","","Botafogo","",0,1,2019,35
2019-11-27 00:00:00,"Bahia","","Atlético-MG","MG",1,1,2019,35
2019-11-27 00:00:00,"Athletico-PR","PR","Grêmio","",2,0,2019,35
2019-11-27 00:00:00,"Flamengo","","Ceará","",4,1,2019,35
2019-11-27 00:00:00,"Corinthians","","Avaí","",3,0,2019,35
2019-11-28 00:00:00,"Fluminense","","Palmeiras","",1,0,2019,35
2019-11-28 00:00:00,"Fortaleza","","Santos","",2,1,2019,35
2019-11-28 00:00:00,"São Paulo","","Vasco","",1,0,2019,35
2019-11-28 00:00:00,"Cruzeiro","","CSA","",0,1,2019,35
2019-11-30 00:00:00,"Botafogo","","Internacional","",0,1,2019,36
2019-11-30 00:00:00,"Ceará","","Athletico-PR","PR",1,1,2019,36
2019-12-01 00:00:00,"Avaí","","Fluminense","",1,1,2019,36
2019-12-01 00:00:00,"Goiás","","Fortaleza","",1,2,2019,36
2019-12-01 00:00:00,"Palmeiras","","Flamengo","",1,3,2019,36
2019-12-01 00:00:00,"Atlético-MG","MG","Corinthians","",2,1,2019,36
2019-12-01 00:00:00,"CSA","","Bahia","",1,2,2019,36
2019-12-01 00:00:00,"Santos","","Chapecoense","",2,0,2019,36
2019-12-01 00:00:00,"Grêmio","","São Paulo","",3,0,2019,36
2019-12-02 00:00:00,"Vasco","","Cruzeiro","",1,0,2019,36
2019-12-04 00:00:00,"Athletico-PR","PR","Santos","",1,0,2019,37
2019-12-04 00:00:00,"Ceará","","Corinthians","",0,1,2019,37
2019-12-04 00:00:00,"Atlético-MG","MG","Botafogo","",2,0,2019,37
2019-12-04 00:00:00,"Chapecoense","","CSA","",3,0,2019,37
2019-12-04 00:00:00,"Fluminense","","Fortaleza","",0,0,2019,37
2019-12-04 00:00:00,"São Paulo","","Internacional","",2,1,2019,37
2019-12-05 00:00:00,"Palmeiras","","Goiás","",5,1,2019,37
2019-12-05 00:00:00,"Grêmio","","Cruzeiro","",2,0,2019,37
2019-12-05 00:00:00,"Bahia","","Vasco","",1,1,2019,37
2019-12-05 00:00:00,"Flamengo","","Avaí","",6,1,2019,37
2019-12-08 00:00:00,"Botafogo","","Ceará","",1,1,2019,38
2019-12-08 00:00:00,"Avaí","","Athletico-PR","PR",0,0,2019,38
2019-12-08 00:00:00,"Goiás","","Grêmio","",3,2,2019,38
2019-12-08 00:00:00,"Vasco","","Chapecoense","",1,1,2019,38
2019-12-08 00:00:00,"CSA","","São Paulo","",1,2,2019,38
2019-12-08 00:00:00,"Fortaleza","","Bahia","",2,1,2019,38
2019-12-08 00:00:00,"Internacional","","Atlético-MG","MG",2,1,2019,38
2019-12-08 00:00:00,"Cruzeiro","","Palmeiras","",0,2,2019,38
2019-12-08 00:00:00,"Corinthians","","Fluminense","",1,2,2019,38
2019-12-08 00:00:00,"Santos","","Flamengo","",4,0,2019,38
2020-08-08 00:00:00,"Fortaleza","","Athletico-PR","PR",0,2,2020,1
2020-08-08 00:00:00,"Coritiba","","Internacional","",0,1,2020,1
2020-08-08 00:00:00,"Sport","","Ceará","",3,2,2020,1
2020-08-09 00:00:00,"Santos","","Bragantino","",1,1,2020,1
2020-08-09 00:00:00,"Flamengo","","Atlético-MG","MG",0,1,2020,1
2020-08-09 00:00:00,"Grêmio","","Fluminense","",1,0,2020,1
2020-09-30 00:00:00,"Corinthians","","Atlético-GO","GO",0,0,2020,1
2020-09-30 00:00:00,"Botafogo","","Bahia","",1,2,2020,1
2020-12-03 00:00:00,"Goiás","","São Paulo","",0,3,2020,1
2021-01-26 00:00:00,"Palmeiras","","Vasco","",1,1,2020,1
2020-08-12 00:00:00,"Atlético-MG","MG","Corinthians","",3,2,2020,2
2020-08-12 00:00:00,"Athletico-PR","PR","Goiás","",2,1,2020,2
2020-08-12 00:00:00,"Bragantino","","Botafogo","",1,1,2020,2
2020-08-12 00:00:00,"Atlético-GO","GO","Flamengo","",3,0,2020,2
2020-08-12 00:00:00,"Bahia","","Coritiba","",1,0,2020,2
2020-08-12 00:00:00,"Ceará","","Grêmio","",1,1,2020,2
2020-08-12 00:00:00,"Fluminense","","Palmeiras","",1,1,2020,2
2020-08-13 00:00:00,"São Paulo","","Fortaleza","",1,0,2020,2
2020-08-13 00:00:00,"Internacional","","Santos","",2,0,2020,2
2020-08-13 00:00:00,"Vasco","","Sport","",2,0,2020,2
2020-08-15 00:00:00,"Grêmio","","Corinthians","",0,0,2020,3
2020-08-15 00:00:00,"Coritiba","","Flamengo","",0,1,2020,3
2020-08-15 00:00:00,"Palmeiras","","Goiás","",1,1,2020,3
2020-08-16 00:00:00,"Atlético-MG","MG","Ceará","",2,0,2020,3
2020-08-16 00:00:00,"Vasco","","São Paulo","",2,1,2020,3
2020-08-16 00:00:00,"Bahia","","Bragantino","",2,1,2020,3
2020-08-16 00:00:00,"Fluminense","","Internacional","",2,1,2020,3
2020-08-16 00:00:00,"Atlético-GO","GO","Sport","",1,1,2020,3
2020-08-16 00:00:00,"Fortaleza","","Botafogo","",0,0,2020,3
2020-08-16 00:00:00,"Santos","","Athletico-PR","PR",3,1,2020,3
2020-08-19 00:00:00,"Bragantino","","Fluminense","",2,1,2020,4
2020-08-19 00:00:00,"Flamengo","","Grêmio","",1,1,2020,4
2020-08-19 00:00:00,"Athletico-PR","PR","Palmeiras","",0,1,2020,4
2020-08-19 00:00:00,"Goiás","","Fortaleza","",1,3,2020,4
2020-08-19 00:00:00,"Internacional","","Atlético-GO","GO",3,0,2020,4
2020-08-19 00:00:00,"Corinthians","","Coritiba","",3,1,2020,4
2020-08-19 00:00:00,"Botafogo","","Atlético-MG","MG",2,1,2020,4
2020-08-20 00:00:00,"Sport","","Santos","",0,1,2020,4
2020-08-20 00:00:00,"Ceará","","Vasco","",0,3,2020,4
2020-08-20 00:00:00,"São Paulo","","Bahia","",1,1,2020,4
2020-08-22 00:00:00,"Athletico-PR","PR","Fluminense","",0,1,2020,5
2020-08-22 00:00:00,"Internacional","","Atlético-MG","MG",1,0,2020,5
2020-08-22 00:00:00,"Goiás","","Atlético-GO","GO",2,0,2020,5
2020-08-23 00:00:00,"Flamengo","","Botafogo","",1,1,2020,5
2020-08-23 00:00:00,"Bragantino","","Coritiba","",1,2,2020,5
2020-08-23 00:00:00,"Palmeiras","","Santos","",2,1,2020,5
2020-08-23 00:00:00,"Vasco","","Grêmio","",0,0,2020,5
2020-08-23 00:00:00,"Sport","","São Paulo","",0,1,2020,5
2020-08-23 00:00:00,"Ceará","","Bahia","",2,0,2020,5
2020-08-26 00:00:00,"Corinthians","","Fortaleza","",1,1,2020,5
2020-08-29 00:00:00,"Botafogo","","Internacional","",0,2,2020,6
2020-08-29 00:00:00,"Bahia","","Palmeiras","",1,1,2020,6
2020-08-29 00:00:00,"Fluminense","","Vasco","",2,1,2020,6
2020-08-29 00:00:00,"Fortaleza","","Bragantino","",3,0,2020,6
2020-08-30 00:00:00,"São Paulo","","Corinthians","",2,1,2020,6
2020-08-30 00:00:00,"Coritiba","","Sport","",1,0,2020,6
2020-08-30 00:00:00,"Santos","","Flamengo","",0,1,2020,6
2020-08-30 00:00:00,"Atlético-GO","GO","Ceará","",0,2,2020,6
2020-11-18 00:00:00,"Atlético-MG","MG","Athletico-PR","PR",0,2,2020,6
2020-11-30 00:00:00,"Grêmio","","Goiás","",2,1,2020,6
2020-09-02 00:00:00,"Ceará","","Fortaleza","",1,0,2020,7
2020-09-02 00:00:00,"Goiás","","Corinthians","",1,2,2020,7
2020-09-02 00:00:00,"Fluminense","","Atlético-GO","GO",1,1,2020,7
2020-09-02 00:00:00,"Bahia","","Flamengo","",3,5,2020,7
2020-09-02 00:00:00,"Botafogo","","Coritiba","",0,0,2020,7
2020-09-02 00:00:00,"Athletico-PR","PR","Bragantino","",1,1,2020,7
2020-09-02 00:00:00,"Palmeiras","","Internacional","",1,1,2020,7
2020-09-02 00:00:00,"Santos","","Vasco","",2,2,2020,7
2020-09-03 00:00:00,"Grêmio","","Sport","",1,2,2020,7
2020-09-03 00:00:00,"Atlético-MG","MG","São Paulo","",3,0,2020,7
2020-09-05 00:00:00,"Flamengo","","Fortaleza","",2,1,2020,8
2020-09-05 00:00:00,"Corinthians","","Botafogo","",2,2,2020,8
2020-09-05 00:00:00,"Ceará","","Santos","",0,1,2020,8
2020-09-06 00:00:00,"Bragantino","","Palmeiras","",1,2,2020,8
2020-09-06 00:00:00,"Internacional","","Bahia","",2,2,2020,8
2020-09-06 00:00:00,"São Paulo","","Fluminense","",3,1,2020,8
2020-09-06 00:00:00,"Vasco","","Athletico-PR","PR",1,0,2020,8
2020-09-06 00:00:00,"Atlético-GO","GO","Grêmio","",1,1,2020,8
2020-09-06 00:00:00,"Coritiba","","Atlético-MG","MG",0,1,2020,8
2020-09-06 00:00:00,"Sport","","Goiás","",2,1,2020,8
2020-09-09 00:00:00,"Athletico-PR","PR","Botafogo","",1,1,2020,9
2020-09-09 00:00:00,"Fortaleza","","Sport","",1,0,2020,9
2020-09-09 00:00:00,"Goiás","","Coritiba","",3,3,2020,9
2020-09-09 00:00:00,"São Paulo","","Bragantino","",1,1,2020,9
2020-09-09 00:00:00,"Santos","","Atlético-MG","MG",3,1,2020,9
2020-09-09 00:00:00,"Fluminense","","Flamengo","",1,2,2020,9
2020-09-10 00:00:00,"Bahia","","Grêmio","",0,2,2020,9
2020-09-10 00:00:00,"Internacional","","Ceará","",2,0,2020,9
2020-09-10 00:00:00,"Corinthians","","Palmeiras","",0,2,2020,9
2020-09-10 00:00:00,"Vasco","","Atlético-GO","GO",1,2,2020,9
2020-09-12 00:00:00,"Athletico-PR","PR","Coritiba","",1,0,2020,10
2020-09-12 00:00:00,"Santos","","São Paulo","",2,2,2020,10
2020-09-13 00:00:00,"Fluminense","","Corinthians","",2,1,2020,10
2020-09-13 00:00:00,"Grêmio","","Fortaleza","",1,1,2020,10
2020-09-13 00:00:00,"Atlético-MG","MG","Bragantino","",2,1,2020,10
2020-09-13 00:00:00,"Ceará","","Flamengo","",2,0,2020,10
2020-09-13 00:00:00,"Goiás","","Internacional","",1,0,2020,10
2020-09-13 00:00:00,"Bahia","","Atlético-GO","GO",0,1,2020,10
2020-09-13 00:00:00,"Palmeiras","","Sport","",2,2,2020,10
2020-09-13 00:00:00,"Botafogo","","Vasco","",2,3,2020,10
2020-08-26 00:00:00,"São Paulo","","Athletico-PR","PR",1,0,2020,11
2020-09-16 00:00:00,"Corinthians","","Bahia","",3,2,2020,11
2020-09-19 00:00:00,"Fortaleza","","Internacional","",1,0,2020,11
2020-09-19 00:00:00,"Bragantino","","Ceará","",4,2,2020,11
2020-09-19 00:00:00,"Atlético-GO","GO","Atlético-MG","MG",3,4,2020,11
2020-09-20 00:00:00,"Grêmio","","Palmeiras","",1,1,2020,11
2020-09-20 00:00:00,"Coritiba","","Vasco","",1,0,2020,11
2020-09-20 00:00:00,"Botafogo","","Santos","",0,0,2020,11
2020-09-20 00:00:00,"Sport","","Fluminense","",1,0,2020,11
2020-10-13 00:00:00,"Flamengo","","Goiás","",2,1,2020,11
2020-09-23 00:00:00,"Sport","","Corinthians","",1,0,2020,12
2020-09-26 00:00:00,"Athletico-PR","PR","Bahia","",1,0,2020,12
2020-09-26 00:00:00,"Internacional","","São Paulo","",1,1,2020,12
2020-09-26 00:00:00,"Atlético-MG","MG","Grêmio","",3,1,2020,12
2020-09-27 00:00:00,"Vasco","","Bragantino","",1,1,2020,12
2020-09-27 00:00:00,"Palmeiras","","Flamengo","",1,1,2020,12
2020-09-27 00:00:00,"Atlético-GO","GO","Botafogo","",1,1,2020,12
2020-09-27 00:00:00,"Ceará","","Goiás","",2,2,2020,12
2020-09-27 00:00:00,"Santos","","Fortaleza","",1,1,2020,12
2020-09-28 00:00:00,"Fluminense","","Coritiba","",4,0,2020,12
2020-10-03 00:00:00,"Grêmio","","Internacional","",1,1,2020,13
2020-10-03 00:00:00,"Palmeiras","","Ceará","",2,1,2020,13
2020-10-03 00:00:00,"Bragantino","","Corinthians","",0,0,2020,13
2020-10-04 00:00:00,"Botafogo","","Fluminense","",1,1,2020,13
2020-10-04 00:00:00,"Flamengo","","Athletico-PR","PR",3,1,2020,13
2020-10-04 00:00:00,"Coritiba","","São Paulo","",1,1,2020,13
2020-10-04 00:00:00,"Goiás","","Santos","",2,3,2020,13
2020-10-04 00:00:00,"Bahia","","Sport","",1,2,2020,13
2020-10-04 00:00:00,"Fortaleza","","Atlético-GO","GO",0,0,2020,13
2020-10-04 00:00:00,"Atlético-MG","MG","Vasco","",4,1,2020,13
2020-10-07 00:00:00,"Corinthians","","Santos","",1,1,2020,14
2020-10-07 00:00:00,"Flamengo","","Sport","",3,0,2020,14
2020-10-07 00:00:00,"Grêmio","","Coritiba","",2,1,2020,14
2020-10-07 00:00:00,"Bahia","","Vasco","",3,0,2020,14
2020-10-07 00:00:00,"Goiás","","Fluminense","",2,4,2020,14
2020-10-07 00:00:00,"São Paulo","","Atlético-GO","GO",3,0,2020,14
2020-10-07 00:00:00,"Fortaleza","","Atlético-MG","MG",2,1,2020,14
2020-10-07 00:00:00,"Botafogo","","Palmeiras","",2,1,2020,14
2020-10-08 00:00:00,"Athletico-PR","PR","Ceará","",0,0,2020,14
2020-10-08 00:00:00,"Bragantino","","Internacional","",0,2,2020,14
2020-10-10 00:00:00,"Vasco","","Flamengo","",1,2,2020,15
2020-10-10 00:00:00,"Coritiba","","Fortaleza","",0,0,2020,15
2020-10-10 00:00:00,"Palmeiras","","São Paulo","",0,2,2020,15
2020-10-10 00:00:00,"Atlético-MG","MG","Goiás","",3,0,2020,15
2020-10-11 00:00:00,"Fluminense","","Bahia","",1,0,2020,15
2020-10-11 00:00:00,"Santos","","Grêmio","",2,1,2020,15
2020-10-11 00:00:00,"Atlético-GO","GO","Bragantino","",2,1,2020,15
2020-10-11 00:00:00,"Sport","","Botafogo","",1,2,2020,15
2020-10-11 00:00:00,"Internacional","","Athletico-PR","PR",2,1,2020,15
2020-10-11 00:00:00,"Ceará","","Corinthians","",2,1,2020,15
2020-10-14 00:00:00,"Palmeiras","","Coritiba","",1,3,2020,16
2020-10-14 00:00:00,"Grêmio","","Botafogo","",3,1,2020,16
2020-10-14 00:00:00,"Santos","","Atlético-GO","GO",0,1,2020,16
2020-10-14 00:00:00,"Atlético-MG","MG","Fluminense","",1,1,2020,16
2020-10-14 00:00:00,"Sport","","Internacional","",3,5,2020,16
2020-10-14 00:00:00,"Athletico-PR","PR","Corinthians","",0,1,2020,16
2020-10-15 00:00:00,"Flamengo","","Bragantino","",1,1,2020,16
2020-10-16 00:00:00,"Goiás","","Bahia","",1,1,2020,16
2020-11-19 00:00:00,"Vasco","","Fortaleza","",0,0,2020,16
2020-11-25 00:00:00,"Ceará","","São Paulo","",1,1,2020,16
2020-10-17 00:00:00,"Atlético-GO","GO","Athletico-PR","PR",1,1,2020,17
2020-10-17 00:00:00,"Fluminense","","Ceará","",2,2,2020,17
2020-10-17 00:00:00,"Coritiba","","Santos","",1,2,2020,17
2020-10-17 00:00:00,"São Paulo","","Grêmio","",0,0,2020,17
2020-10-18 00:00:00,"Corinthians","","Flamengo","",1,5,2020,17
2020-10-18 00:00:00,"Internacional","","Vasco","",2,0,2020,17
2020-10-18 00:00:00,"Bragantino","","Sport","",2,0,2020,17
2020-10-18 00:00:00,"Fortaleza","","Palmeiras","",2,0,2020,17
2020-10-19 00:00:00,"Bahia","","Atlético-MG","MG",3,1,2020,17
2020-10-19 00:00:00,"Botafogo","","Goiás","",0,0,2020,17
2020-10-21 00:00:00,"Vasco","","Corinthians","",1,2,2020,18
2020-10-24 00:00:00,"Bragantino","","Goiás","",2,0,2020,18
2020-10-24 00:00:00,"Ceará","","Coritiba","",2,1,2020,18
2020-10-24 00:00:00,"Atlético-MG","MG","Sport","",0,0,2020,18
2020-10-25 00:00:00,"Atlético-GO","GO","Palmeiras","",0,3,2020,18
2020-10-25 00:00:00,"Fluminense","","Santos","",3,1,2020,18
2020-10-25 00:00:00,"Internacional","","Flamengo","",2,2,2020,18
2020-10-25 00:00:00,"Athletico-PR","PR","Grêmio","",1,2,2020,18
2020-11-11 00:00:00,"Bahia","","Fortaleza","",2,1,2020,18
2020-12-09 00:00:00,"São Paulo","","Botafogo","",4,0,2020,18
2020-10-31 00:00:00,"Botafogo","","Ceará","",2,2,2020,19
2020-10-31 00:00:00,"Corinthians","","Internacional","",1,0,2020,19
2020-10-31 00:00:00,"Coritiba","","Atlético-GO","GO",1,0,2020,19
2020-10-31 00:00:00,"Fortaleza","","Fluminense","",0,1,2020,19
2020-11-01 00:00:00,"Sport","","Athletico-PR","PR",1,0,2020,19
2020-11-01 00:00:00,"Flamengo","","São Paulo","",1,4,2020,19
2020-11-01 00:00:00,"Santos","","Bahia","",3,1,2020,19
2020-11-01 00:00:00,"Goiás","","Vasco","",1,1,2020,19
2020-11-02 00:00:00,"Palmeiras","","Atlético-MG","MG",3,0,2020,19
2020-11-02 00:00:00,"Grêmio","","Bragantino","",2,1,2020,19
2020-11-07 00:00:00,"Athletico-PR","PR","Fortaleza","",2,1,2020,20
2020-11-07 00:00:00,"São Paulo","","Goiás","",2,1,2020,20
2020-11-07 00:00:00,"Atlético-GO","GO","Corinthians","",1,1,2020,20
2020-11-08 00:00:00,"Vasco","","Palmeiras","",0,1,2020,20
2020-11-08 00:00:00,"Internacional","","Coritiba","",2,2,2020,20
2020-11-08 00:00:00,"Bragantino","","Santos","",1,1,2020,20
2020-11-08 00:00:00,"Bahia","","Botafogo","",1,0,2020,20
2020-11-08 00:00:00,"Atlético-MG","MG","Flamengo","",4,0,2020,20
2020-11-08 00:00:00,"Ceará","","Sport","",0,0,2020,20
2020-11-08 00:00:00,"Fluminense","","Grêmio","",0,1,2020,20
2020-11-14 00:00:00,"Sport","","Vasco","",0,2,2020,21
2020-11-14 00:00:00,"Santos","","Internacional","",2,0,2020,21
2020-11-14 00:00:00,"Goiás","","Athletico-PR","PR",0,1,2020,21
2020-11-14 00:00:00,"Grêmio","","Ceará","",4,2,2020,21
2020-11-14 00:00:00,"Corinthians","","Atlético-MG","MG",1,2,2020,21
2020-11-14 00:00:00,"Fortaleza","","São Paulo","",2,3,2020,21
2020-11-14 00:00:00,"Flamengo","","Atlético-GO","GO",1,1,2020,21
2020-11-14 00:00:00,"Palmeiras","","Fluminense","",2,0,2020,21
2020-11-16 00:00:00,"Coritiba","","Bahia","",1,2,2020,21
2020-11-16 00:00:00,"Botafogo","","Bragantino","",1,2,2020,21
2020-11-20 00:00:00,"Bragantino","","Bahia","",4,0,2020,22
2020-11-21 00:00:00,"Athletico-PR","PR","Santos","",1,0,2020,22
2020-11-21 00:00:00,"Flamengo","","Coritiba","",3,1,2020,22
2020-11-21 00:00:00,"Goiás","","Palmeiras","",1,0,2020,22
2020-11-22 00:00:00,"Ceará","","Atlético-MG","MG",2,2,2020,22
2020-11-22 00:00:00,"São Paulo","","Vasco","",1,1,2020,22
2020-11-22 00:00:00,"Botafogo","","Fortaleza","",1,2,2020,22
2020-11-22 00:00:00,"Internacional","","Fluminense","",1,2,2020,22
2020-11-22 00:00:00,"Corinthians","","Grêmio","",0,0,2020,22
2020-11-23 00:00:00,"Sport","","Atlético-GO","GO",0,1,2020,22
2020-11-25 00:00:00,"Atlético-MG","MG","Botafogo","",2,1,2020,23
2020-11-25 00:00:00,"Coritiba","","Corinthians","",0,1,2020,23
2020-11-26 00:00:00,"Fortaleza","","Goiás","",1,1,2020,23
2020-11-28 00:00:00,"Palmeiras","","Athletico-PR","PR",3,0,2020,23
2020-11-28 00:00:00,"Santos","","Sport","",4,2,2020,23
2020-11-28 00:00:00,"Bahia","","São Paulo","",1,3,2020,23
2020-11-28 00:00:00,"Atlético-GO","GO","Internacional","",0,0,2020,23
2020-11-30 00:00:00,"Vasco","","Ceará","",1,4,2020,23
2020-11-30 00:00:00,"Fluminense","","Bragantino","",0,0,2020,23
2021-01-28 00:00:00,"Grêmio","","Flamengo","",2,4,2020,23
2020-12-02 00:00:00,"Fortaleza","","Corinthians","",0,0,2020,24
2020-12-05 00:00:00,"Santos","","Palmeiras","",2,2,2020,24
2020-12-05 00:00:00,"Botafogo","","Flamengo","",0,1,2020,24
2020-12-05 00:00:00,"Fluminense","","Athletico-PR","PR",3,1,2020,24
2020-12-05 00:00:00,"Bahia","","Ceará","",0,2,2020,24
2020-12-05 00:00:00,"Coritiba","","Bragantino","",0,0,2020,24
2020-12-06 00:00:00,"São Paulo","","Sport","",1,0,2020,24
2020-12-06 00:00:00,"Grêmio","","Vasco","",4,0,2020,24
2020-12-06 00:00:00,"Atlético-MG","MG","Internacional","",2,2,2020,24
2020-12-07 00:00:00,"Atlético-GO","GO","Goiás","",0,1,2020,24
2020-12-12 00:00:00,"Bragantino","","Fortaleza","",2,1,2020,25
2020-12-12 00:00:00,"Athletico-PR","PR","Atlético-MG","MG",0,1,2020,25
2020-12-12 00:00:00,"Internacional","","Botafogo","",2,1,2020,25
2020-12-12 00:00:00,"Palmeiras","","Bahia","",3,0,2020,25
2020-12-12 00:00:00,"Goiás","","Grêmio","",0,0,2020,25
2020-12-12 00:00:00,"Ceará","","Atlético-GO","GO",1,2,2020,25
2020-12-13 00:00:00,"Flamengo","","Santos","",4,1,2020,25
2020-12-13 00:00:00,"Sport","","Coritiba","",1,0,2020,25
2020-12-13 00:00:00,"Corinthians","","São Paulo","",1,0,2020,25
2020-12-13 00:00:00,"Vasco","","Fluminense","",1,1,2020,25
2020-12-16 00:00:00,"São Paulo","","Atlético-MG","MG",3,0,2020,26
2020-12-16 00:00:00,"Atlético-GO","GO","Fluminense","",2,1,2020,26
2020-12-19 00:00:00,"Sport","","Grêmio","",1,1,2020,26
2020-12-19 00:00:00,"Internacional","","Palmeiras","",2,0,2020,26
2020-12-19 00:00:00,"Coritiba","","Botafogo","",1,2,2020,26
2020-12-20 00:00:00,"Vasco","","Santos","",1,0,2020,26
2020-12-20 00:00:00,"Bragantino","","Athletico-PR","PR",0,1,2020,26
2020-12-20 00:00:00,"Flamengo","","Bahia","",4,3,2020,26
2020-12-20 00:00:00,"Fortaleza","","Ceará","",0,2,2020,26
2020-12-21 00:00:00,"Corinthians","","Goiás","",2,1,2020,26
2020-12-26 00:00:00,"Atlético-MG","MG","Coritiba","",2,0,2020,27
2020-12-26 00:00:00,"Goiás","","Sport","",1,0,2020,27
2020-12-26 00:00:00,"Fortaleza","","Flamengo","",0,0,2020,27
2020-12-26 00:00:00,"Fluminense","","São Paulo","",1,2,2020,27
2020-12-27 00:00:00,"Bahia","","Internacional","",1,2,2020,27
2020-12-27 00:00:00,"Botafogo","","Corinthians","",0,2,2020,27
2020-12-27 00:00:00,"Santos","","Ceará","",1,1,2020,27
2020-12-27 00:00:00,"Palmeiras","","Bragantino","",1,0,2020,27
2020-12-27 00:00:00,"Athletico-PR","PR","Vasco","",3,0,2020,27
2020-12-27 00:00:00,"Grêmio","","Atlético-GO","GO",2,1,2020,27
2021-01-06 00:00:00,"Botafogo","","Athletico-PR","PR",0,2,2020,28
2021-01-06 00:00:00,"Grêmio","","Bahia","",2,1,2020,28
2021-01-06 00:00:00,"Sport","","Fortaleza","",1,0,2020,28
2021-01-06 00:00:00,"Coritiba","","Goiás","",1,2,2020,28
2021-01-06 00:00:00,"Bragantino","","São Paulo","",4,2,2020,28
2021-01-06 00:00:00,"Flamengo","","Fluminense","",1,2,2020,28
2021-01-07 00:00:00,"Ceará","","Internacional","",0,2,2020,28
2021-01-07 00:00:00,"Atlético-GO","GO","Vasco","",0,0,2020,28
2021-01-18 00:00:00,"Palmeiras","","Corinthians","",4,0,2020,28
2021-01-26 00:00:00,"Atlético-MG","MG","Santos","",2,0,2020,28
2021-01-09 00:00:00,"Sport","","Palmeiras","",0,1,2020,29
2021-01-09 00:00:00,"Coritiba","","Athletico-PR","PR",0,0,2020,29
2021-01-09 00:00:00,"Fortaleza","","Grêmio","",0,0,2020,29
2021-01-10 00:00:00,"São Paulo","","Santos","",0,1,2020,29
2021-01-10 00:00:00,"Flamengo","","Ceará","",0,2,2020,29
2021-01-10 00:00:00,"Atlético-GO","GO","Bahia","",1,1,2020,29
2021-01-10 00:00:00,"Internacional","","Goiás","",1,0,2020,29
2021-01-10 00:00:00,"Vasco","","Botafogo","",3,0,2020,29
2021-01-11 00:00:00,"Bragantino","","Atlético-MG","MG",2,2,2020,29
2021-01-13 00:00:00,"Corinthians","","Fluminense","",5,0,2020,29
2021-01-15 00:00:00,"Palmeiras","","Grêmio","",1,1,2020,30
2021-01-16 00:00:00,"Fluminense","","Sport","",1,0,2020,30
2021-01-16 00:00:00,"Vasco","","Coritiba","",0,1,2020,30
2021-01-17 00:00:00,"Santos","","Botafogo","",2,1,2020,30
2021-01-17 00:00:00,"Athletico-PR","PR","São Paulo","",1,1,2020,30
2021-01-17 00:00:00,"Atlético-MG","MG","Atlético-GO","GO",3,1,2020,30
2021-01-17 00:00:00,"Ceará","","Bragantino","",1,2,2020,30
2021-01-17 00:00:00,"Internacional","","Fortaleza","",4,2,2020,30
2021-01-18 00:00:00,"Goiás","","Flamengo","",0,3,2020,30
2021-01-28 00:00:00,"Bahia","","Corinthians","",2,1,2020,30
2021-01-20 00:00:00,"Botafogo","","Atlético-GO","GO",1,3,2020,31
2021-01-20 00:00:00,"Bahia","","Athletico-PR","PR",1,0,2020,31
2021-01-20 00:00:00,"Grêmio","","Atlético-MG","MG",1,1,2020,31
2021-01-20 00:00:00,"Coritiba","","Fluminense","",3,3,2020,31
2021-01-20 00:00:00,"São Paulo","","Internacional","",1,5,2020,31
2021-01-20 00:00:00,"Bragantino","","Vasco","",4,1,2020,31
2021-01-21 00:00:00,"Goiás","","Ceará","",0,4,2020,31
2021-01-21 00:00:00,"Flamengo","","Palmeiras","",2,0,2020,31
2021-01-21 00:00:00,"Fortaleza","","Santos","",2,0,2020,31
2021-01-21 00:00:00,"Corinthians","","Sport","",3,0,2020,31
2021-01-23 00:00:00,"São Paulo","","Coritiba","",1,1,2020,32
2021-01-23 00:00:00,"Vasco","","Atlético-MG","MG",3,2,2020,32
2021-01-24 00:00:00,"Ceará","","Palmeiras","",2,1,2020,32
2021-01-24 00:00:00,"Internacional","","Grêmio","",2,1,2020,32
2021-01-24 00:00:00,"Athletico-PR","PR","Flamengo","",2,1,2020,32
2021-01-24 00:00:00,"Santos","","Goiás","",3,4,2020,32
2021-01-24 00:00:00,"Atlético-GO","GO","Fortaleza","",2,0,2020,32
2021-01-24 00:00:00,"Sport","","Bahia","",2,0,2020,32
2021-01-24 00:00:00,"Fluminense","","Botafogo","",2,0,2020,32
2021-01-25 00:00:00,"Corinthians","","Bragantino","",0,2,2020,32
2021-01-31 00:00:00,"Vasco","","Bahia","",0,0,2020,33
2021-01-31 00:00:00,"Ceará","","Athletico-PR","PR",0,2,2020,33
2021-01-31 00:00:00,"Coritiba","","Grêmio","",1,1,2020,33
2021-01-31 00:00:00,"Atlético-GO","GO","São Paulo","",2,1,2020,33
2021-01-31 00:00:00,"Atlético-MG","MG","Fortaleza","",2,0,2020,33
2021-01-31 00:00:00,"Internacional","","Bragantino","",2,1,2020,33
2021-01-31 00:00:00,"Fluminense","","Goiás","",3,0,2020,33
2021-02-01 00:00:00,"Sport","","Flamengo","",0,3,2020,33
2021-02-02 00:00:00,"Palmeiras","","Botafogo","",1,1,2020,33
2021-02-17 00:00:00,"Santos","","Corinthians","",1,0,2020,33
2021-02-03 00:00:00,"Grêmio","","Santos","",3,3,2020,34
2021-02-03 00:00:00,"Bragantino","","Atlético-GO","GO",2,0,2020,34
2021-02-03 00:00:00,"Corinthians","","Ceará","",2,1,2020,34
2021-02-03 00:00:00,"Goiás","","Atlético-MG","MG",1,0,2020,34
2021-02-03 00:00:00,"Bahia","","Fluminense","",0,1,2020,34
2021-02-04 00:00:00,"Fortaleza","","Coritiba","",3,1,2020,34
2021-02-04 00:00:00,"Flamengo","","Vasco","",2,0,2020,34
2021-02-04 00:00:00,"Athletico-PR","PR","Internacional","",0,0,2020,34
2021-02-05 00:00:00,"Botafogo","","Sport","",0,1,2020,34
2021-02-19 00:00:00,"São Paulo","","Palmeiras","",1,1,2020,34
2021-02-06 00:00:00,"Bahia","","Goiás","",3,3,2020,35
2021-02-06 00:00:00,"Atlético-GO","GO","Santos","",1,1,2020,35
2021-02-07 00:00:00,"Bragantino","","Flamengo","",1,1,2020,35
2021-02-08 00:00:00,"Botafogo","","Grêmio","",2,5,2020,35
2021-02-10 00:00:00,"Internacional","","Sport","",1,2,2020,35
2021-02-10 00:00:00,"Fortaleza","","Vasco","",3,0,2020,35
2021-02-10 00:00:00,"São Paulo","","Ceará","",1,1,2020,35
2021-02-10 00:00:00,"Corinthians","","Athletico-PR","PR",3,3,2020,35
2021-02-10 00:00:00,"Fluminense","","Atlético-MG","MG",0,0,2020,35
2021-02-17 00:00:00,"Coritiba","","Palmeiras","",1,0,2020,35
2021-02-13 00:00:00,"Goiás","","Botafogo","",2,0,2020,36
2021-02-13 00:00:00,"Atlético-MG","MG","Bahia","",1,1,2020,36
2021-02-13 00:00:00,"Santos","","Coritiba","",2,0,2020,36
2021-02-14 00:00:00,"Flamengo","","Corinthians","",2,1,2020,36
2021-02-14 00:00:00,"Vasco","","Internacional","",0,2,2020,36
2021-02-14 00:00:00,"Athletico-PR","PR","Atlético-GO","GO",2,1,2020,36
2021-02-14 00:00:00,"Palmeiras","","Fortaleza","",3,0,2020,36
2021-02-14 00:00:00,"Grêmio","","São Paulo","",1,2,2020,36
2021-02-15 00:00:00,"Ceará","","Fluminense","",1,3,2020,36
2021-02-15 00:00:00,"Sport","","Bragantino","",0,0,2020,36
2021-02-20 00:00:00,"Coritiba","","Ceará","",0,2,2020,37
2021-02-20 00:00:00,"Fortaleza","","Bahia","",0,4,2020,37
2021-02-21 00:00:00,"Sport","","Atlético-MG","MG",2,3,2020,37
2021-02-21 00:00:00,"Corinthians","","Vasco","",0,0,2020,37
2021-02-21 00:00:00,"Flamengo","","Internacional","",2,1,2020,37
2021-02-21 00:00:00,"Santos","","Fluminense","",1,1,2020,37
2021-02-21 00:00:00,"Grêmio","","Athletico-PR","PR",1,0,2020,37
2021-02-21 00:00:00,"Goiás","","Bragantino","",0,0,2020,37
2021-02-22 00:00:00,"Palmeiras","","Atlético-GO","GO",1,1,2020,37
2021-02-22 00:00:00,"Botafogo","","São Paulo","",1,0,2020,37
2021-02-25 00:00:00,"Athletico-PR","PR","Sport","",2,0,2020,38
2021-02-25 00:00:00,"Atlético-GO","GO","Coritiba","",3,1,2020,38
2021-02-25 00:00:00,"Fluminense","","Fortaleza","",2,0,2020,38
2021-02-25 00:00:00,"Vasco","","Goiás","",3,2,2020,38
2021-02-25 00:00:00,"Bragantino","","Grêmio","",1,0,2020,38
2021-02-25 00:00:00,"Bahia","","Santos","",2,0,2020,38
2021-02-25 00:00:00,"São Paulo","","Flamengo","",2,1,2020,38
2021-02-25 00:00:00,"Ceará","","Botafogo","",2,1,2020,38
2021-02-25 00:00:00,"Atlético-MG","MG","Palmeiras","",2,0,2020,38
2021-02-25 00:00:00,"Internacional","","Corinthians","",0,0,2020,38
2021-05-29 00:00:00,"Cuiabá","","Juventude","",2,2,2021,1
2021-05-29 00:00:00,"Bahia","","Santos","",3,0,2021,1
2021-05-29 00:00:00,"São Paulo","","Fluminense","",0,0,2021,1
2021-05-30 00:00:00,"Atlético-MG","MG","Fortaleza","",1,2,2021,1
2021-05-30 00:00:00,"Flamengo","","Palmeiras","",1,0,2021,1
2021-05-30 00:00:00,"Ceará","","Grêmio","",3,2,2021,1
2021-05-30 00:00:00,"Corinthians","","Atlético-GO","GO",0,1,2021,1
2021-05-30 00:00:00,"Athletico-PR","PR","América-MG","MG",1,0,2021,1
2021-05-30 00:00:00,"Chapecoense","","Bragantino","",0,3,2021,1
2021-05-30 00:00:00,"Internacional","","Sport","",2,2,2021,1
2021-06-05 00:00:00,"Atlético-GO","GO","São Paulo","",2,0,2021,2
2021-06-05 00:00:00,"Grêmio","","Flamengo","",2,2,2021,2
2021-06-05 00:00:00,"Santos","","Ceará","",3,1,2021,2
2021-06-05 00:00:00,"Bragantino","","Bahia","",3,3,2021,2
2021-06-06 00:00:00,"Fluminense","","Cuiabá","",1,0,2021,2
2021-06-06 00:00:00,"Fortaleza","","Internacional","",5,1,2021,2
2021-06-06 00:00:00,"América-MG","MG","Corinthians","",0,1,2021,2
2021-06-06 00:00:00,"Palmeiras","","Chapecoense","",3,1,2021,2
2021-06-06 00:00:00,"Juventude","","Athletico-PR","PR",0,3,2021,2
2021-06-06 00:00:00,"Sport","","Atlético-MG","MG",0,1,2021,2
2021-06-12 00:00:00,"Santos","","Juventude","",0,0,2021,3
2021-06-12 00:00:00,"Palmeiras","","Corinthians","",1,1,2021,3
2021-06-13 00:00:00,"Flamengo","","América-MG","MG",2,0,2021,3
2021-06-13 00:00:00,"Grêmio","","Athletico-PR","PR",0,1,2021,3
2021-06-13 00:00:00,"Atlético-MG","MG","São Paulo","",1,0,2021,3
2021-06-13 00:00:00,"Chapecoense","","Ceará","",0,0,2021,3
2021-06-13 00:00:00,"Bragantino","","Fluminense","",2,2,2021,3
2021-06-13 00:00:00,"Fortaleza","","Sport","",1,0,2021,3
2021-06-13 00:00:00,"Bahia","","Internacional","",0,1,2021,3
2021-07-21 00:00:00,"Cuiabá","","Atlético-GO","GO",2,1,2021,3
2021-06-16 00:00:00,"Internacional","","Atlético-MG","MG",0,1,2021,4
2021-06-16 00:00:00,"São Paulo","","Chapecoense","",1,1,2021,4
2021-06-16 00:00:00,"Corinthians","","Bragantino","",1,2,2021,4
2021-06-16 00:00:00,"Juventude","","Palmeiras","",0,3,2021,4
2021-06-17 00:00:00,"Ceará","","Bahia","",1,2,2021,4
2021-06-17 00:00:00,"América-MG","MG","Cuiabá","",0,0,2021,4
2021-06-17 00:00:00,"Atlético-GO","GO","Fortaleza","",0,0,2021,4
2021-06-17 00:00:00,"Sport","","Grêmio","",1,0,2021,4
2021-06-17 00:00:00,"Fluminense","","Santos","",1,0,2021,4
2021-11-02 00:00:00,"Athletico-PR","PR","Flamengo","",2,2,2021,4
2021-06-19 00:00:00,"Flamengo","","Bragantino","",2,3,2021,5
2021-06-20 00:00:00,"Palmeiras","","América-MG","MG",2,1,2021,5
2021-06-20 00:00:00,"Internacional","","Ceará","",1,1,2021,5
2021-06-20 00:00:00,"Bahia","","Corinthians","",0,0,2021,5
2021-06-20 00:00:00,"Fortaleza","","Fluminense","",1,1,2021,5
2021-06-20 00:00:00,"Athletico-PR","PR","Atlético-GO","GO",2,1,2021,5
2021-06-20 00:00:00,"Santos","","São Paulo","",2,0,2021,5
2021-06-20 00:00:00,"Juventude","","Sport","",1,0,2021,5
2021-06-21 00:00:00,"Atlético-MG","MG","Chapecoense","",1,1,2021,5
2021-08-18 00:00:00,"Cuiabá","","Grêmio","",0,1,2021,5
2021-06-23 00:00:00,"Bragantino","","Palmeiras","",3,1,2021,6
2021-06-23 00:00:00,"São Paulo","","Cuiabá","",2,2,2021,6
2021-06-23 00:00:00,"Flamengo","","Fortaleza","",2,1,2021,6
2021-06-23 00:00:00,"Atlético-GO","GO","Fluminense","",1,0,2021,6
2021-06-24 00:00:00,"América-MG","MG","Juventude","",1,1,2021,6
2021-06-24 00:00:00,"Chapecoense","","Internacional","",1,2,2021,6
2021-06-24 00:00:00,"Ceará","","Atlético-MG","MG",2,1,2021,6
2021-06-24 00:00:00,"Corinthians","","Sport","",2,1,2021,6
2021-06-24 00:00:00,"Grêmio","","Santos","",2,2,2021,6
2021-06-24 00:00:00,"Bahia","","Athletico-PR","PR",2,1,2021,6
2021-06-27 00:00:00,"Juventude","","Flamengo","",1,0,2021,7
2021-06-27 00:00:00,"Fluminense","","Corinthians","",1,1,2021,7
2021-06-27 00:00:00,"Athletico-PR","PR","Chapecoense","",2,2,2021,7
2021-06-27 00:00:00,"Palmeiras","","Bahia","",3,2,2021,7
2021-06-27 00:00:00,"Grêmio","","Fortaleza","",0,0,2021,7
2021-06-27 00:00:00,"Sport","","Cuiabá","",0,0,2021,7
2021-06-27 00:00:00,"Santos","","Atlético-MG","MG",2,0,2021,7
2021-06-27 00:00:00,"América-MG","MG","Internacional","",1,1,2021,7
2021-06-27 00:00:00,"Ceará","","São Paulo","",1,1,2021,7
2021-06-28 00:00:00,"Atlético-GO","GO","Bragantino","",0,1,2021,7
2021-06-30 00:00:00,"Fluminense","","Athletico-PR","PR",1,4,2021,8
2021-06-30 00:00:00,"Fortaleza","","Chapecoense","",3,2,2021,8
2021-06-30 00:00:00,"Bahia","","América-MG","MG",3,4,2021,8
2021-06-30 00:00:00,"Internacional","","Palmeiras","",1,2,2021,8
2021-06-30 00:00:00,"Santos","","Sport","",0,0,2021,8
2021-06-30 00:00:00,"Juventude","","Grêmio","",2,0,2021,8
2021-06-30 00:00:00,"Corinthians","","São Paulo","",0,0,2021,8
2021-07-01 00:00:00,"Bragantino","","Ceará","",0,0,2021,8
2021-07-01 00:00:00,"Atlético-MG","MG","Atlético-GO","GO",4,1,2021,8
2021-07-01 00:00:00,"Cuiabá","","Flamengo","",0,2,2021,8
2021-07-03 00:00:00,"Athletico-PR","PR","Fortaleza","",2,1,2021,9
2021-07-03 00:00:00,"Corinthians","","Internacional","",1,1,2021,9
2021-07-03 00:00:00,"América-MG","MG","Santos","",2,0,2021,9
2021-07-04 00:00:00,"Chapecoense","","Bahia","",0,2,2021,9
2021-07-04 00:00:00,"Sport","","Palmeiras","",0,1,2021,9
2021-07-04 00:00:00,"Flamengo","","Fluminense","",0,1,2021,9
2021-07-04 00:00:00,"Cuiabá","","Atlético-MG","MG",0,1,2021,9
2021-07-04 00:00:00,"Ceará","","Juventude","",2,0,2021,9
2021-07-04 00:00:00,"São Paulo","","Bragantino","",1,2,2021,9
2021-07-04 00:00:00,"Grêmio","","Atlético-GO","GO",0,1,2021,9
2021-07-06 00:00:00,"Santos","","Athletico-PR","PR",2,1,2021,10
2021-07-07 00:00:00,"Fortaleza","","América-MG","MG",4,0,2021,10
2021-07-07 00:00:00,"Bahia","","Juventude","",1,0,2021,10
2021-07-07 00:00:00,"Bragantino","","Cuiabá","",1,1,2021,10
2021-07-07 00:00:00,"Palmeiras","","Grêmio","",2,0,2021,10
2021-07-07 00:00:00,"Atlético-MG","MG","Flamengo","",2,1,2021,10
2021-07-07 00:00:00,"Atlético-GO","GO","Sport","",1,1,2021,10
2021-07-07 00:00:00,"Internacional","","São Paulo","",0,2,2021,10
2021-07-07 00:00:00,"Fluminense","","Ceará","",0,0,2021,10
2021-07-08 00:00:00,"Chapecoense","","Corinthians","",0,1,2021,10
2021-07-10 00:00:00,"Grêmio","","Internacional","",0,0,2021,11
2021-07-10 00:00:00,"Palmeiras","","Santos","",3,2,2021,11
2021-07-10 00:00:00,"Athletico-PR","PR","Bragantino","",2,2,2021,11
2021-07-10 00:00:00,"Sport","","Fluminense","",1,2,2021,11
2021-07-10 00:00:00,"América-MG","MG","Atlético-MG","MG",0,1,2021,11
2021-07-10 00:00:00,"São Paulo","","Bahia","",1,0,2021,11
2021-07-11 00:00:00,"Juventude","","Atlético-GO","GO",1,1,2021,11
2021-07-11 00:00:00,"Cuiabá","","Ceará","",2,2,2021,11
2021-07-11 00:00:00,"Flamengo","","Chapecoense","",2,1,2021,11
2021-07-11 00:00:00,"Fortaleza","","Corinthians","",1,0,2021,11
2021-07-17 00:00:00,"Ceará","","Athletico-PR","PR",1,0,2021,12
2021-07-17 00:00:00,"São Paulo","","Fortaleza","",0,1,2021,12
2021-07-17 00:00:00,"Corinthians","","Atlético-MG","MG",1,2,2021,12
2021-07-17 00:00:00,"Fluminense","","Grêmio","",0,1,2021,12
2021-07-18 00:00:00,"Chapecoense","","Cuiabá","",2,3,2021,12
2021-07-18 00:00:00,"Atlético-GO","GO","Palmeiras","",0,3,2021,12
2021-07-18 00:00:00,"Bahia","","Flamengo","",0,5,2021,12
2021-07-18 00:00:00,"Bragantino","","Santos","",2,2,2021,12
2021-07-18 00:00:00,"Internacional","","Juventude","",1,0,2021,12
2021-07-19 00:00:00,"América-MG","MG","Sport","",0,1,2021,12
2021-07-24 00:00:00,"Grêmio","","América-MG","MG",1,1,2021,13
2021-07-24 00:00:00,"Palmeiras","","Fluminense","",1,0,2021,13
2021-07-25 00:00:00,"Atlético-MG","MG","Bahia","",3,0,2021,13
2021-07-25 00:00:00,"Fortaleza","","Bragantino","",1,0,2021,13
2021-07-25 00:00:00,"Flamengo","","São Paulo","",5,1,2021,13
2021-07-25 00:00:00,"Santos","","Atlético-GO","GO",0,1,2021,13
2021-07-25 00:00:00,"Athletico-PR","PR","Internacional","",2,1,2021,13
2021-07-25 00:00:00,"Sport","","Ceará","",0,0,2021,13
2021-07-26 00:00:00,"Juventude","","Chapecoense","",1,0,2021,13
2021-07-26 00:00:00,"Cuiabá","","Corinthians","",1,2,2021,13
2021-07-31 00:00:00,"São Paulo","","Palmeiras","",0,0,2021,14
2021-07-31 00:00:00,"Internacional","","Cuiabá","",0,0,2021,14
2021-07-31 00:00:00,"Bragantino","","Grêmio","",1,0,2021,14
2021-08-01 00:00:00,"Atlético-MG","MG","Athletico-PR","PR",2,0,2021,14
2021-08-01 00:00:00,"Corinthians","","Flamengo","",1,3,2021,14
2021-08-01 00:00:00,"Chapecoense","","Santos","",0,1,2021,14
2021-08-01 00:00:00,"Bahia","","Sport","",0,1,2021,14
2021-08-01 00:00:00,"Atlético-GO","GO","América-MG","MG",1,1,2021,14
2021-08-01 00:00:00,"Ceará","","Fortaleza","",3,1,2021,14
2021-09-02 00:00:00,"Fluminense","","Juventude","",1,1,2021,14
2021-08-06 00:00:00,"Sport","","Bragantino","",0,0,2021,15
2021-08-07 00:00:00,"Athletico-PR","PR","São Paulo","",1,2,2021,15
2021-08-07 00:00:00,"Cuiabá","","Bahia","",1,1,2021,15
2021-08-07 00:00:00,"Palmeiras","","Fortaleza","",2,3,2021,15
2021-08-08 00:00:00,"Juventude","","Atlético-MG","MG",1,2,2021,15
2021-08-08 00:00:00,"Santos","","Corinthians","",0,0,2021,15
2021-08-08 00:00:00,"América-MG","MG","Fluminense","",1,0,2021,15
2021-08-08 00:00:00,"Ceará","","Atlético-GO","GO",0,0,2021,15
2021-08-08 00:00:00,"Flamengo","","Internacional","",0,4,2021,15
2021-08-09 00:00:00,"Grêmio","","Chapecoense","",2,1,2021,15
2021-08-14 00:00:00,"Bragantino","","Juventude","",1,2,2021,16
2021-08-14 00:00:00,"Atlético-MG","MG","Palmeiras","",2,0,2021,16
2021-08-14 00:00:00,"São Paulo","","Grêmio","",2,1,2021,16
2021-08-15 00:00:00,"Corinthians","","Ceará","",3,1,2021,16
2021-08-15 00:00:00,"Flamengo","","Sport","",2,0,2021,16
2021-08-15 00:00:00,"Cuiabá","","Athletico-PR","PR",1,0,2021,16
2021-08-15 00:00:00,"Bahia","","Atlético-GO","GO",1,2,2021,16
2021-08-15 00:00:00,"Fortaleza","","Santos","",1,1,2021,16
2021-08-15 00:00:00,"Internacional","","Fluminense","",4,2,2021,16
2021-08-16 00:00:00,"Chapecoense","","América-MG","MG",1,1,2021,16
2021-08-21 00:00:00,"Atlético-GO","GO","Chapecoense","",1,1,2021,17
2021-08-21 00:00:00,"Grêmio","","Bahia","",2,0,2021,17
2021-08-21 00:00:00,"Juventude","","Fortaleza","",1,1,2021,17
2021-08-22 00:00:00,"Palmeiras","","Cuiabá","",0,2,2021,17
2021-08-22 00:00:00,"Ceará","","Flamengo","",1,1,2021,17
2021-08-22 00:00:00,"Athletico-PR","PR","Corinthians","",0,1,2021,17
2021-08-22 00:00:00,"Santos","","Internacional","",2,2,2021,17
2021-08-22 00:00:00,"Sport","","São Paulo","",0,1,2021,17
2021-08-23 00:00:00,"América-MG","MG","Bragantino","",0,2,2021,17
2021-08-23 00:00:00,"Fluminense","","Atlético-MG","MG",1,1,2021,17
2021-08-28 00:00:00,"Sport","","Chapecoense","",0,0,2021,18
2021-08-28 00:00:00,"Santos","","Flamengo","",0,4,2021,18
2021-08-28 00:00:00,"Palmeiras","","Athletico-PR","PR",2,1,2021,18
2021-08-28 00:00:00,"Grêmio","","Corinthians","",0,1,2021,18
2021-08-29 00:00:00,"América-MG","MG","Ceará","",2,0,2021,18
2021-08-29 00:00:00,"Juventude","","São Paulo","",1,1,2021,18
2021-08-29 00:00:00,"Atlético-GO","GO","Internacional","",0,0,2021,18
2021-08-29 00:00:00,"Bragantino","","Atlético-MG","MG",1,1,2021,18
2021-08-30 00:00:00,"Fluminense","","Bahia","",2,0,2021,18
2021-08-30 00:00:00,"Fortaleza","","Cuiabá","",0,0,2021,18
2021-09-04 00:00:00,"Bahia","","Fortaleza","",4,2,2021,19
2021-09-04 00:00:00,"Cuiabá","","Santos","",2,1,2021,19
2021-09-05 00:00:00,"Athletico-PR","PR","Sport","",0,0,2021,19
2021-09-07 00:00:00,"Corinthians","","Juventude","",1,1,2021,19
2021-09-07 00:00:00,"Chapecoense","","Fluminense","",1,2,2021,19
2021-09-22 00:00:00,"São Paulo","","América-MG","MG",0,0,2021,19
2021-11-03 00:00:00,"Atlético-MG","MG","Grêmio","",2,1,2021,19
2021-11-05 00:00:00,"Flamengo","","Atlético-GO","GO",2,0,2021,19
2021-10-20 00:00:00,"Ceará","","Palmeiras","",1,2,2021,19
2021-10-21 00:00:00,"Internacional","","Bragantino","",1,1,2021,19
2021-09-11 00:00:00,"América-MG","MG","Athletico-PR","PR",2,0,2021,20
2021-09-11 00:00:00,"Juventude","","Cuiabá","",1,2,2021,20
2021-09-11 00:00:00,"Bragantino","","Chapecoense","",1,2,2021,20
2021-09-11 00:00:00,"Santos","","Bahia","",0,0,2021,20
2021-09-12 00:00:00,"Grêmio","","Ceará","",2,0,2021,20
2021-09-12 00:00:00,"Fortaleza","","Atlético-MG","MG",0,2,2021,20
2021-09-12 00:00:00,"Palmeiras","","Flamengo","",1,3,2021,20
2021-09-12 00:00:00,"Atlético-GO","GO","Corinthians","",1,1,2021,20
2021-09-12 00:00:00,"Fluminense","","São Paulo","",2,1,2021,20
2021-09-13 00:00:00,"Sport","","Internacional","",0,1,2021,20
2021-09-18 00:00:00,"Chapecoense","","Palmeiras","",0,2,2021,21
2021-09-18 00:00:00,"Athletico-PR","PR","Juventude","",2,1,2021,21
2021-09-18 00:00:00,"Atlético-MG","MG","Sport","",3,0,2021,21
2021-09-18 00:00:00,"Ceará","","Santos","",0,0,2021,21
2021-09-18 00:00:00,"Bahia","","Bragantino","",1,1,2021,21
2021-09-19 00:00:00,"Internacional","","Fortaleza","",1,0,2021,21
2021-09-19 00:00:00,"São Paulo","","Atlético-GO","GO",2,1,2021,21
2021-09-19 00:00:00,"Corinthians","","América-MG","MG",1,1,2021,21
2021-09-19 00:00:00,"Flamengo","","Grêmio","",0,1,2021,21
2021-09-20 00:00:00,"Cuiabá","","Fluminense","",2,2,2021,21
2021-09-25 00:00:00,"Ceará","","Chapecoense","",1,0,2021,22
2021-09-25 00:00:00,"Corinthians","","Palmeiras","",2,1,2021,22
2021-09-25 00:00:00,"São Paulo","","Atlético-MG","MG",0,0,2021,22
2021-09-26 00:00:00,"América-MG","MG","Flamengo","",1,1,2021,22
2021-09-26 00:00:00,"Fluminense","","Bragantino","",2,1,2021,22
2021-09-26 00:00:00,"Juventude","","Santos","",3,0,2021,22
2021-09-26 00:00:00,"Internacional","","Bahia","",2,0,2021,22
2021-09-26 00:00:00,"Athletico-PR","PR","Grêmio","",4,2,2021,22
2021-09-26 00:00:00,"Sport","","Fortaleza","",0,1,2021,22
2021-09-26 00:00:00,"Atlético-GO","GO","Cuiabá","",0,0,2021,22
2021-10-02 00:00:00,"Fortaleza","","Atlético-GO","GO",0,3,2021,23
2021-10-02 00:00:00,"Cuiabá","","América-MG","MG",0,2,2021,23
2021-10-02 00:00:00,"Bragantino","","Corinthians","",2,2,2021,23
2021-10-02 00:00:00,"Atlético-MG","MG","Internacional","",1,0,2021,23
2021-10-03 00:00:00,"Chapecoense","","São Paulo","",1,1,2021,23
2021-10-03 00:00:00,"Flamengo","","Athletico-PR","PR",3,0,2021,23
2021-10-03 00:00:00,"Palmeiras","","Juventude","",1,1,2021,23
2021-10-03 00:00:00,"Grêmio","","Sport","",1,2,2021,23
2021-10-27 00:00:00,"Bahia","","Ceará","",1,1,2021,23
2021-10-27 00:00:00,"Santos","","Fluminense","",2,0,2021,23
2021-10-05 00:00:00,"Corinthians","","Bahia","",3,1,2021,24
2021-10-06 00:00:00,"América-MG","MG","Palmeiras","",2,1,2021,24
2021-10-06 00:00:00,"Fluminense","","Fortaleza","",0,2,2021,24
2021-10-06 00:00:00,"Grêmio","","Cuiabá","",2,2,2021,24
2021-10-06 00:00:00,"Bragantino","","Flamengo","",1,1,2021,24
2021-10-06 00:00:00,"Atlético-GO","GO","Athletico-PR","PR",0,2,2021,24
2021-10-06 00:00:00,"Ceará","","Internacional","",0,0,2021,24
2021-10-06 00:00:00,"Chapecoense","","Atlético-MG","MG",2,2,2021,24
2021-10-06 00:00:00,"Sport","","Juventude","",3,1,2021,24
2021-10-07 00:00:00,"São Paulo","","Santos","",1,1,2021,24
2021-10-09 00:00:00,"Juventude","","América-MG","MG",1,1,2021,25
2021-10-09 00:00:00,"Palmeiras","","Bragantino","",2,4,2021,25
2021-10-09 00:00:00,"Athletico-PR","PR","Bahia","",0,2,2021,25
2021-10-09 00:00:00,"Fortaleza","","Flamengo","",0,3,2021,25
2021-10-09 00:00:00,"Atlético-MG","MG","Ceará","",3,1,2021,25
2021-10-09 00:00:00,"Fluminense","","Atlético-GO","GO",0,0,2021,25
2021-10-09 00:00:00,"Sport","","Corinthians","",1,0,2021,25
2021-10-10 00:00:00,"Santos","","Grêmio","",1,0,2021,25
2021-10-10 00:00:00,"Internacional","","Chapecoense","",5,2,2021,25
2021-10-11 00:00:00,"Cuiabá","","São Paulo","",0,0,2021,25
2021-10-12 00:00:00,"Bahia","","Palmeiras","",0,0,2021,26
2021-10-12 00:00:00,"Bragantino","","Atlético-GO","GO",1,0,2021,26
2021-10-13 00:00:00,"Internacional","","América-MG","MG",3,1,2021,26
2021-10-13 00:00:00,"Corinthians","","Fluminense","",1,0,2021,26
2021-10-13 00:00:00,"Fortaleza","","Grêmio","",1,0,2021,26
2021-10-13 00:00:00,"Atlético-MG","MG","Santos","",3,1,2021,26
2021-10-13 00:00:00,"Chapecoense","","Athletico-PR","PR",1,1,2021,26
2021-10-13 00:00:00,"Flamengo","","Juventude","",3,1,2021,26
2021-10-14 00:00:00,"Cuiabá","","Sport","",1,0,2021,26
2021-10-14 00:00:00,"São Paulo","","Ceará","",1,1,2021,26
2021-10-16 00:00:00,"América-MG","MG","Bahia","",0,0,2021,27
2021-10-16 00:00:00,"Chapecoense","","Fortaleza","",1,2,2021,27
2021-10-17 00:00:00,"Flamengo","","Cuiabá","",0,0,2021,27
2021-10-17 00:00:00,"Sport","","Santos","",0,0,2021,27
2021-10-17 00:00:00,"Atlético-GO","GO","Atlético-MG","MG",2,1,2021,27
2021-10-17 00:00:00,"Ceará","","Bragantino","",2,2,2021,27
2021-10-17 00:00:00,"Grêmio","","Juventude","",3,2,2021,27
2021-10-17 00:00:00,"Athletico-PR","PR","Fluminense","",0,1,2021,27
2021-10-17 00:00:00,"Palmeiras","","Internacional","",1,0,2021,27
2021-10-18 00:00:00,"São Paulo","","Corinthians","",1,0,2021,27
2021-10-23 00:00:00,"Fortaleza","","Athletico-PR","PR",3,0,2021,28
2021-10-23 00:00:00,"Fluminense","","Flamengo","",3,1,2021,28
2021-10-23 00:00:00,"Juventude","","Ceará","",0,0,2021,28
2021-10-23 00:00:00,"Santos","","América-MG","MG",0,2,2021,28
2021-10-24 00:00:00,"Bahia","","Chapecoense","",3,0,2021,28
2021-10-24 00:00:00,"Bragantino","","São Paulo","",1,0,2021,28
2021-10-24 00:00:00,"Atlético-MG","MG","Cuiabá","",2,1,2021,28
2021-10-24 00:00:00,"Internacional","","Corinthians","",2,2,2021,28
2021-10-25 00:00:00,"Palmeiras","","Sport","",2,1,2021,28
2021-10-25 00:00:00,"Atlético-GO","GO","Grêmio","",2,0,2021,28
2021-10-30 00:00:00,"América-MG","MG","Fortaleza","",2,1,2021,29
2021-10-30 00:00:00,"Juventude","","Bahia","",0,0,2021,29
2021-10-30 00:00:00,"Flamengo","","Atlético-MG","MG",1,0,2021,29
2021-10-30 00:00:00,"Athletico-PR","PR","Santos","",0,1,2021,29
2021-10-31 00:00:00,"Sport","","Atlético-GO","GO",2,0,2021,29
2021-10-31 00:00:00,"São Paulo","","Internacional","",1,0,2021,29
2021-10-31 00:00:00,"Ceará","","Fluminense","",1,0,2021,29
2021-10-31 00:00:00,"Grêmio","","Palmeiras","",1,3,2021,29
2021-11-01 00:00:00,"Corinthians","","Chapecoense","",1,0,2021,29
2021-11-01 00:00:00,"Cuiabá","","Bragantino","",1,0,2021,29
2021-11-06 00:00:00,"Fluminense","","Sport","",1,0,2021,30
2021-11-06 00:00:00,"Internacional","","Grêmio","",1,0,2021,30
2021-11-06 00:00:00,"Corinthians","","Fortaleza","",1,0,2021,30
2021-11-07 00:00:00,"Ceará","","Cuiabá","",1,0,2021,30
2021-11-07 00:00:00,"Bahia","","São Paulo","",1,0,2021,30
2021-11-07 00:00:00,"Atlético-MG","MG","América-MG","MG",1,0,2021,30
2021-11-07 00:00:00,"Bragantino","","Athletico-PR","PR",0,2,2021,30
2021-11-07 00:00:00,"Santos","","Palmeiras","",0,2,2021,30
2021-11-08 00:00:00,"Chapecoense","","Flamengo","",2,2,2021,30
2021-11-23 00:00:00,"Atlético-GO","GO","Juventude","",1,1,2021,30
2021-11-04 00:00:00,"Cuiabá","","Chapecoense","",0,0,2021,31
2021-11-09 00:00:00,"Grêmio","","Fluminense","",1,0,2021,31
2021-11-10 00:00:00,"Fortaleza","","São Paulo","",1,1,2021,31
2021-11-10 00:00:00,"Juventude","","Internacional","",2,1,2021,31
2021-11-10 00:00:00,"Sport","","América-MG","MG",2,3,2021,31
2021-11-10 00:00:00,"Palmeiras","","Atlético-GO","GO",4,0,2021,31
2021-11-10 00:00:00,"Atlético-MG","MG","Corinthians","",3,0,2021,31
2021-11-10 00:00:00,"Santos","","Bragantino","",2,0,2021,31
2021-11-10 00:00:00,"Athletico-PR","PR","Ceará","",2,1,2021,31
2021-11-11 00:00:00,"Flamengo","","Bahia","",3,0,2021,31
2021-11-13 00:00:00,"Corinthians","","Cuiabá","",3,2,2021,32
2021-11-13 00:00:00,"Internacional","","Athletico-PR","PR",2,1,2021,32
2021-11-13 00:00:00,"Bragantino","","Fortaleza","",3,0,2021,32
2021-11-13 00:00:00,"América-MG","MG","Grêmio","",3,1,2021,32
2021-11-13 00:00:00,"Atlético-GO","GO","Santos","",0,0,2021,32
2021-11-14 00:00:00,"Ceará","","Sport","",2,1,2021,32
2021-11-14 00:00:00,"Chapecoense","","Juventude","",0,2,2021,32
2021-11-14 00:00:00,"Fluminense","","Palmeiras","",2,1,2021,32
2021-11-14 00:00:00,"São Paulo","","Flamengo","",0,4,2021,32
2021-12-02 00:00:00,"Bahia","","Atlético-MG","MG",2,3,2021,32
2021-11-16 00:00:00,"Grêmio","","Bragantino","",3,0,2021,33
2021-11-16 00:00:00,"Athletico-PR","PR","Atlético-MG","MG",0,1,2021,33
2021-11-17 00:00:00,"Flamengo","","Corinthians","",1,0,2021,33
2021-11-17 00:00:00,"Juventude","","Fluminense","",1,0,2021,33
2021-11-17 00:00:00,"Palmeiras","","São Paulo","",0,2,2021,33
2021-11-17 00:00:00,"Fortaleza","","Ceará","",0,4,2021,33
2021-11-17 00:00:00,"América-MG","MG","Atlético-GO","GO",0,0,2021,33
2021-11-17 00:00:00,"Cuiabá","","Internacional","",1,0,2021,33
2021-11-17 00:00:00,"Santos","","Chapecoense","",2,0,2021,33
2021-11-18 00:00:00,"Sport","","Bahia","",1,0,2021,33
2021-10-28 00:00:00,"Bragantino","","Sport","",3,0,2021,34
2021-11-20 00:00:00,"Internacional","","Flamengo","",1,2,2021,34
2021-11-20 00:00:00,"Atlético-GO","GO","Ceará","",1,1,2021,34
2021-11-20 00:00:00,"Atlético-MG","MG","Juventude","",2,0,2021,34
2021-11-20 00:00:00,"Chapecoense","","Grêmio","",1,3,2021,34
2021-11-20 00:00:00,"Fortaleza","","Palmeiras","",1,0,2021,34
2021-11-21 00:00:00,"Bahia","","Cuiabá","",0,0,2021,34
2021-11-21 00:00:00,"Fluminense","","América-MG","MG",2,0,2021,34
2021-11-21 00:00:00,"Corinthians","","Santos","",2,0,2021,34
2021-11-24 00:00:00,"São Paulo","","Athletico-PR","PR",0,0,2021,34
2021-11-23 00:00:00,"Palmeiras","","Atlético-MG","MG",2,2,2021,35
2021-11-24 00:00:00,"Fluminense","","Internacional","",1,0,2021,35
2021-11-25 00:00:00,"Ceará","","Corinthians","",2,1,2021,35
2021-11-25 00:00:00,"Santos","","Fortaleza","",2,0,2021,35
2021-11-29 00:00:00,"Atlético-GO","GO","Bahia","",2,1,2021,35
2021-11-30 00:00:00,"América-MG","MG","Chapecoense","",3,0,2021,35
2021-11-30 00:00:00,"Juventude","","Bragantino","",1,0,2021,35
2021-12-02 00:00:00,"Grêmio","","São Paulo","",3,0,2021,35
2021-12-03 00:00:00,"Sport","","Flamengo","",1,1,2021,35
2021-12-03 00:00:00,"Athletico-PR","PR","Cuiabá","",1,0,2021,35
2021-11-26 00:00:00,"Bahia","","Grêmio","",3,1,2021,36
2021-11-27 00:00:00,"São Paulo","","Sport","",2,0,2021,36
2021-11-27 00:00:00,"Bragantino","","América-MG","MG",1,1,2021,36
2021-11-28 00:00:00,"Internacional","","Santos","",1,1,2021,36
2021-11-28 00:00:00,"Atlético-MG","MG","Fluminense","",2,1,2021,36
2021-11-28 00:00:00,"Corinthians","","Athletico-PR","PR",1,0,2021,36
2021-11-30 00:00:00,"Cuiabá","","Palmeiras","",1,3,2021,36
2021-11-30 00:00:00,"Flamengo","","Ceará","",2,1,2021,36
2021-12-03 00:00:00,"Fortaleza","","Juventude","",1,0,2021,36
2021-12-03 00:00:00,"Chapecoense","","Atlético-GO","GO",0,1,2021,36
2021-12-05 00:00:00,"Ceará","","América-MG","MG",0,0,2021,37
2021-12-05 00:00:00,"Atlético-MG","MG","Bragantino","",4,3,2021,37
2021-12-05 00:00:00,"Bahia","","Fluminense","",2,0,2021,37
2021-12-05 00:00:00,"Corinthians","","Grêmio","",1,1,2021,37
2021-12-06 00:00:00,"Chapecoense","","Sport","",0,1,2021,37
2021-12-06 00:00:00,"Cuiabá","","Fortaleza","",1,0,2021,37
2021-12-06 00:00:00,"Flamengo","","Santos","",0,1,2021,37
2021-12-06 00:00:00,"Internacional","","Atlético-GO","GO",1,2,2021,37
2021-12-06 00:00:00,"Athletico-PR","PR","Palmeiras","",0,0,2021,37
2021-12-06 00:00:00,"São Paulo","","Juventude","",3,1,2021,37
2021-12-09 00:00:00,"América-MG","MG","São Paulo","",2,0,2021,38
2021-12-09 00:00:00,"Atlético-GO","GO","Flamengo","",2,0,2021,38
2021-12-09 00:00:00,"Fluminense","","Chapecoense","",3,0,2021,38
2021-12-09 00:00:00,"Fortaleza","","Bahia","",2,1,2021,38
2021-12-09 00:00:00,"Grêmio","","Atlético-MG","MG",4,3,2021,38
2021-12-09 00:00:00,"Juventude","","Corinthians","",1,0,2021,38
2021-12-09 00:00:00,"Palmeiras","","Ceará","",1,0,2021,38
2021-12-09 00:00:00,"Bragantino","","Internacional","",1,0,2021,38
2021-12-09 00:00:00,"Santos","","Cuiabá","",1,1,2021,38
2021-12-09 00:00:00,"Sport","","Athletico-PR","PR",1,1,2021,38
2022-04-09 00:00:00,"Fluminense","","Santos","",0,0,2022,1
2022-04-09 00:00:00,"Atlético-GO","GO","Flamengo","",1,1,2022,1
2022-04-09 00:00:00,"Palmeiras","","Ceará","",2,3,2022,1
2022-04-10 00:00:00,"Coritiba","","Goiás","",3,0,2022,1
2022-04-10 00:00:00,"Atlético-MG","MG","Internacional","",2,0,2022,1
2022-04-10 00:00:00,"Botafogo","","Corinthians","",1,3,2022,1
2022-04-10 00:00:00,"Fortaleza","","Cuiabá","",0,1,2022,1
2022-04-10 00:00:00,"Avaí","","América-MG","MG",1,0,2022,1
2022-04-10 00:00:00,"São Paulo","","Athletico-PR","PR",4,0,2022,1
2022-04-11 00:00:00,"Juventude","","Bragantino","",2,2,2022,1
2022-04-16 00:00:00,"Goiás","","Palmeiras","",1,1,2022,2
2022-04-16 00:00:00,"Corinthians","","Avaí","",3,0,2022,2
2022-04-16 00:00:00,"América-MG","MG","Juventude","",4,1,2022,2
2022-04-16 00:00:00,"Cuiabá","","Fluminense","",0,1,2022,2
2022-04-17 00:00:00,"Santos","","Coritiba","",2,1,2022,2
2022-04-17 00:00:00,"Flamengo","","São Paulo","",3,1,2022,2
2022-04-17 00:00:00,"Bragantino","","Atlético-GO","GO",4,0,2022,2
2022-04-17 00:00:00,"Internacional","","Fortaleza","",2,1,2022,2
2022-04-17 00:00:00,"Athletico-PR","PR","Atlético-MG","MG",0,1,2022,2
2022-04-17 00:00:00,"Ceará","","Botafogo","",1,3,2022,2
2022-04-20 00:00:00,"Flamengo","","Palmeiras","",0,0,2022,4
2022-04-23 00:00:00,"Bragantino","","São Paulo","",1,1,2022,3
2022-04-23 00:00:00,"Athletico-PR","PR","Flamengo","",1,0,2022,3
2022-04-23 00:00:00,"Fluminense","","Internacional","",0,1,2022,3
2022-04-23 00:00:00,"Palmeiras","","Corinthians","",3,0,2022,3
2022-04-23 00:00:00,"Atlético-MG","MG","Coritiba","",2,2,2022,3
2022-04-24 00:00:00,"Santos","","América-MG","MG",3,0,2022,3
2022-04-24 00:00:00,"Juventude","","Cuiabá","",0,1,2022,3
2022-04-24 00:00:00,"Atlético-GO","GO","Botafogo","",1,1,2022,3
2022-04-25 00:00:00,"Avaí","","Goiás","",3,2,2022,3
2022-04-30 00:00:00,"América-MG","MG","Athletico-PR","PR",1,0,2022,4
2022-04-30 00:00:00,"Ceará","","Bragantino","",0,1,2022,4
2022-04-30 00:00:00,"Goiás","","Atlético-MG","MG",2,2,2022,4
2022-04-30 00:00:00,"Cuiabá","","Atlético-GO","GO",1,1,2022,4
2022-05-01 00:00:00,"Botafogo","","Juventude","",1,1,2022,4
2022-05-01 00:00:00,"Coritiba","","Fluminense","",3,2,2022,4
2022-05-01 00:00:00,"Corinthians","","Fortaleza","",1,0,2022,4
2022-05-01 00:00:00,"Internacional","","Avaí","",0,0,2022,4
2022-05-02 00:00:00,"São Paulo","","Santos","",2,1,2022,4
2022-05-07 00:00:00,"Atlético-MG","MG","América-MG","MG",1,2,2022,5
2022-05-07 00:00:00,"Athletico-PR","PR","Ceará","",1,0,2022,5
2022-05-08 00:00:00,"Flamengo","","Botafogo","",0,1,2022,5
2022-05-08 00:00:00,"Atlético-GO","GO","Goiás","",0,1,2022,5
2022-05-08 00:00:00,"Palmeiras","","Fluminense","",1,1,2022,5
2022-05-08 00:00:00,"Santos","","Cuiabá","",4,1,2022,5
2022-05-08 00:00:00,"Bragantino","","Corinthians","",0,1,2022,5
2022-05-08 00:00:00,"Juventude","","Internacional","",1,1,2022,5
2022-05-08 00:00:00,"Fortaleza","","São Paulo","",1,1,2022,5
2022-05-09 00:00:00,"Avaí","","Coritiba","",2,1,2022,5
2022-05-11 00:00:00,"Bragantino","","Atlético-MG","MG",1,1,2022,7
2022-05-14 00:00:00,"Palmeiras","","Bragantino","",2,0,2022,6
2022-05-14 00:00:00,"Ceará","","Flamengo","",2,2,2022,6
2022-05-14 00:00:00,"Atlético-MG","MG","Atlético-GO","GO",2,0,2022,6
2022-05-14 00:00:00,"Internacional","","Corinthians","",2,2,2022,6
2022-05-14 00:00:00,"Fluminense","","Athletico-PR","PR",2,1,2022,6
2022-05-15 00:00:00,"São Paulo","","Cuiabá","",2,1,2022,6
2022-05-15 00:00:00,"Coritiba","","América-MG","MG",1,0,2022,6
2022-05-15 00:00:00,"Botafogo","","Fortaleza","",3,1,2022,6
2022-05-15 00:00:00,"Avaí","","Juventude","",1,2,2022,6
2022-05-15 00:00:00,"Goiás","","Santos","",1,0,2022,6
2022-05-21 00:00:00,"Flamengo","","Goiás","",1,0,2022,7
2022-05-21 00:00:00,"Atlético-GO","GO","Coritiba","",2,0,2022,7
2022-05-21 00:00:00,"Santos","","Ceará","",0,0,2022,7
2022-05-21 00:00:00,"Juventude","","Palmeiras","",0,3,2022,7
2022-05-21 00:00:00,"América-MG","MG","Botafogo","",1,1,2022,7
2022-05-21 00:00:00,"Cuiabá","","Internacional","",1,1,2022,7
2022-05-22 00:00:00,"Fortaleza","","Fluminense","",0,1,2022,7
2022-05-22 00:00:00,"Corinthians","","São Paulo","",1,1,2022,7
2022-05-22 00:00:00,"Athletico-PR","PR","Avaí","",2,1,2022,7
2022-05-28 00:00:00,"Goiás","","Bragantino","",1,1,2022,8
2022-05-28 00:00:00,"São Paulo","","Ceará","",2,2,2022,8
2022-05-28 00:00:00,"Fortaleza","","Juventude","",1,1,2022,8
2022-05-29 00:00:00,"Coritiba","","Botafogo","",1,0,2022,8
2022-05-29 00:00:00,"Santos","","Palmeiras","",0,1,2022,8
2022-05-29 00:00:00,"Fluminense","","Flamengo","",1,2,2022,8
2022-05-29 00:00:00,"Cuiabá","","Athletico-PR","PR",0,1,2022,8
2022-05-29 00:00:00,"Corinthians","","América-MG","MG",1,1,2022,8
2022-05-29 00:00:00,"Atlético-MG","MG","Avaí","",2,1,2022,8
2022-05-30 00:00:00,"Internacional","","Atlético-GO","GO",1,1,2022,8
2022-06-01 00:00:00,"Fortaleza","","Ceará","",0,1,2022,3
2022-06-04 00:00:00,"América-MG","MG","Cuiabá","",2,1,2022,9
2022-06-04 00:00:00,"Ceará","","Coritiba","",1,1,2022,9
2022-06-04 00:00:00,"Athletico-PR","PR","Santos","",2,2,2022,9
2022-06-04 00:00:00,"Avaí","","São Paulo","",1,1,2022,9
2022-06-04 00:00:00,"Atlético-GO","GO","Corinthians","",0,1,2022,9
2022-06-05 00:00:00,"Juventude","","Fluminense","",1,0,2022,9
2022-06-05 00:00:00,"Palmeiras","","Atlético-MG","MG",0,0,2022,9
2022-06-05 00:00:00,"Flamengo","","Fortaleza","",1,2,2022,9
2022-06-05 00:00:00,"Bragantino","","Internacional","",0,2,2022,9
2022-06-06 00:00:00,"Botafogo","","Goiás","",1,2,2022,9
2022-06-07 00:00:00,"Cuiabá","","Corinthians","",1,0,2022,10
2022-06-08 00:00:00,"Juventude","","Athletico-PR","PR",1,3,2022,10
2022-06-08 00:00:00,"América-MG","MG","Ceará","",0,2,2022,10
2022-06-08 00:00:00,"Atlético-GO","GO","Avaí","",2,1,2022,10
2022-06-08 00:00:00,"Bragantino","","Flamengo","",1,0,2022,10
2022-06-08 00:00:00,"Fluminense","","Atlético-MG","MG",5,3,2022,10
2022-06-08 00:00:00,"Santos","","Internacional","",1,1,2022,10
2022-06-09 00:00:00,"Palmeiras","","Botafogo","",4,0,2022,10
2022-06-09 00:00:00,"Coritiba","","São Paulo","",1,1,2022,10
2022-06-09 00:00:00,"Fortaleza","","Goiás","",1,1,2022,10
2022-06-11 00:00:00,"Corinthians","","Juventude","",2,0,2022,11
2022-06-11 00:00:00,"Fluminense","","Atlético-GO","GO",0,2,2022,11
2022-06-11 00:00:00,"Cuiabá","","Bragantino","",1,1,2022,11
2022-06-11 00:00:00,"Atlético-MG","MG","Santos","",1,1,2022,11
2022-06-11 00:00:00,"Internacional","","Flamengo","",3,1,2022,11
2022-06-12 00:00:00,"Goiás","","Ceará","",1,1,2022,11
2022-06-12 00:00:00,"São Paulo","","América-MG","MG",1,0,2022,11
2022-06-12 00:00:00,"Coritiba","","Palmeiras","",0,2,2022,11
2022-06-12 00:00:00,"Fortaleza","","Athletico-PR","PR",0,0,2022,11
2022-06-13 00:00:00,"Botafogo","","Avaí","",0,1,2022,11
2022-06-14 00:00:00,"Juventude","","Santos","",1,2,2022,12
2022-06-15 00:00:00,"Bragantino","","Coritiba","",4,2,2022,12
2022-06-15 00:00:00,"Ceará","","Atlético-MG","MG",0,0,2022,12
2022-06-15 00:00:00,"Goiás","","Internacional","",1,2,2022,12
2022-06-15 00:00:00,"Flamengo","","Cuiabá","",2,0,2022,12
2022-06-15 00:00:00,"América-MG","MG","Fluminense","",0,0,2022,12
2022-06-15 00:00:00,"Athletico-PR","PR","Corinthians","",1,1,2022,12
2022-06-16 00:00:00,"Botafogo","","São Paulo","",1,0,2022,12
2022-06-16 00:00:00,"Palmeiras","","Atlético-GO","GO",4,2,2022,12
2022-06-16 00:00:00,"Avaí","","Fortaleza","",3,2,2022,12
2022-06-18 00:00:00,"Cuiabá","","Ceará","",0,0,2022,13
2022-06-18 00:00:00,"Santos","","Bragantino","",2,2,2022,13
2022-06-19 00:00:00,"Corinthians","","Goiás","",1,0,2022,13
2022-06-19 00:00:00,"Atlético-MG","MG","Flamengo","",2,0,2022,13
2022-06-19 00:00:00,"Coritiba","","Athletico-PR","PR",0,1,2022,13
2022-06-19 00:00:00,"Atlético-GO","GO","Juventude","",3,1,2022,13
2022-06-19 00:00:00,"Fortaleza","","América-MG","MG",1,0,2022,13
2022-06-19 00:00:00,"Internacional","","Botafogo","",2,3,2022,13
2022-06-19 00:00:00,"Fluminense","","Avaí","",2,0,2022,13
2022-06-20 00:00:00,"São Paulo","","Palmeiras","",1,2,2022,13
2022-06-24 00:00:00,"Internacional","","Coritiba","",3,0,2022,14
2022-06-25 00:00:00,"Athletico-PR","PR","Bragantino","",4,2,2022,14
2022-06-25 00:00:00,"Flamengo","","América-MG","MG",3,0,2022,14
2022-06-25 00:00:00,"Corinthians","","Santos","",0,0,2022,14
2022-06-25 00:00:00,"Atlético-MG","MG","Fortaleza","",3,2,2022,14
2022-06-26 00:00:00,"Botafogo","","Fluminense","",0,1,2022,14
2022-06-26 00:00:00,"Avaí","","Palmeiras","",2,2,2022,14
2022-06-26 00:00:00,"Ceará","","Atlético-GO","GO",1,1,2022,14
2022-06-26 00:00:00,"Goiás","","Cuiabá","",1,0,2022,14
2022-06-26 00:00:00,"São Paulo","","Juventude","",0,0,2022,14
2022-07-02 00:00:00,"Juventude","","Atlético-MG","MG",1,2,2022,15
2022-07-02 00:00:00,"Fluminense","","Corinthians","",4,0,2022,15
2022-07-02 00:00:00,"Ceará","","Internacional","",1,1,2022,15
2022-07-02 00:00:00,"Santos","","Flamengo","",1,2,2022,15
2022-07-02 00:00:00,"Palmeiras","","Athletico-PR","PR",0,2,2022,15
2022-07-03 00:00:00,"Avaí","","Cuiabá","",1,2,2022,15
2022-07-03 00:00:00,"Atlético-GO","GO","São Paulo","",1,2,2022,15
2022-07-03 00:00:00,"América-MG","MG","Goiás","",1,0,2022,15
2022-07-03 00:00:00,"Coritiba","","Fortaleza","",2,1,2022,15
2022-07-04 00:00:00,"Bragantino","","Botafogo","",0,1,2022,15
2022-07-09 00:00:00,"Bragantino","","Avaí","",4,0,2022,16
2022-07-09 00:00:00,"Fluminense","","Ceará","",2,1,2022,16
2022-07-09 00:00:00,"Goiás","","Athletico-PR","PR",2,1,2022,16
2022-07-10 00:00:00,"Coritiba","","Juventude","",2,2,2022,16
2022-07-10 00:00:00,"Corinthians","","Flamengo","",1,0,2022,16
2022-07-10 00:00:00,"Fortaleza","","Palmeiras","",0,0,2022,16
2022-07-10 00:00:00,"Santos","","Atlético-GO","GO",1,0,2022,16
2022-07-10 00:00:00,"Atlético-MG","MG","São Paulo","",0,0,2022,16
2022-07-10 00:00:00,"Cuiabá","","Botafogo","",2,0,2022,16
2022-07-11 00:00:00,"Internacional","","América-MG","MG",1,0,2022,16
2022-07-16 00:00:00,"Athletico-PR","PR","Internacional","",0,0,2022,17
2022-07-16 00:00:00,"Avaí","","Santos","",1,0,2022,17
2022-07-16 00:00:00,"Flamengo","","Coritiba","",2,0,2022,17
2022-07-16 00:00:00,"Ceará","","Corinthians","",3,1,2022,17
2022-07-17 00:00:00,"Juventude","","Goiás","",0,0,2022,17
2022-07-17 00:00:00,"São Paulo","","Fluminense","",2,2,2022,17
2022-07-17 00:00:00,"Botafogo","","Atlético-MG","MG",0,1,2022,17
2022-07-17 00:00:00,"Atlético-GO","GO","Fortaleza","",0,1,2022,17
2022-07-17 00:00:00,"América-MG","MG","Bragantino","",0,3,2022,17
2022-07-18 00:00:00,"Palmeiras","","Cuiabá","",1,0,2022,17
2022-07-19 00:00:00,"Ceará","","Avaí","",1,0,2022,18
2022-07-20 00:00:00,"Goiás","","Fluminense","",2,3,2022,18
2022-07-20 00:00:00,"Bragantino","","Fortaleza","",2,1,2022,18
2022-07-20 00:00:00,"Athletico-PR","PR","Atlético-GO","GO",4,1,2022,18
2022-07-20 00:00:00,"Internacional","","São Paulo","",3,3,2022,18
2022-07-20 00:00:00,"Flamengo","","Juventude","",4,0,2022,18
2022-07-20 00:00:00,"Santos","","Botafogo","",2,0,2022,18
2022-07-20 00:00:00,"Corinthians","","Coritiba","",3,1,2022,18
2022-07-21 00:00:00,"Cuiabá","","Atlético-MG","MG",1,1,2022,18
2022-07-21 00:00:00,"América-MG","MG","Palmeiras","",0,1,2022,18
2022-07-23 00:00:00,"São Paulo","","Goiás","",3,3,2022,19
2022-07-23 00:00:00,"Botafogo","","Athletico-PR","PR",2,0,2022,19
2022-07-24 00:00:00,"Avaí","","Flamengo","",1,2,2022,19
2022-07-24 00:00:00,"Palmeiras","","Internacional","",2,1,2022,19
2022-07-24 00:00:00,"Fluminense","","Bragantino","",2,1,2022,19
2022-07-24 00:00:00,"Juventude","","Ceará","",1,0,2022,19
2022-07-24 00:00:00,"Atlético-GO","GO","América-MG","MG",0,1,2022,19
2022-07-24 00:00:00,"Atlético-MG","MG","Corinthians","",1,2,2022,19
2022-07-24 00:00:00,"Fortaleza","","Santos","",0,0,2022,19
2022-07-25 00:00:00,"Coritiba","","Cuiabá","",1,0,2022,19
2022-07-30 00:00:00,"Goiás","","Coritiba","",1,0,2022,20
2022-07-30 00:00:00,"Ceará","","Palmeiras","",1,2,2022,20
2022-07-30 00:00:00,"Corinthians","","Botafogo","",1,0,2022,20
2022-07-30 00:00:00,"Flamengo","","Atlético-GO","GO",4,1,2022,20
2022-07-31 00:00:00,"Athletico-PR","PR","São Paulo","",1,0,2022,20
2022-07-31 00:00:00,"Internacional","","Atlético-MG","MG",3,0,2022,20
2022-07-31 00:00:00,"Cuiabá","","Fortaleza","",0,1,2022,20
2022-07-31 00:00:00,"América-MG","MG","Avaí","",3,1,2022,20
2022-07-31 00:00:00,"Bragantino","","Juventude","",1,0,2022,20
2022-08-01 00:00:00,"Santos","","Fluminense","",2,2,2022,20
2022-08-06 00:00:00,"Juventude","","América-MG","MG",0,1,2022,21
2022-08-06 00:00:00,"Botafogo","","Ceará","",1,1,2022,21
2022-08-06 00:00:00,"Avaí","","Corinthians","",1,1,2022,21
2022-08-06 00:00:00,"Atlético-GO","GO","Bragantino","",2,1,2022,21
2022-08-06 00:00:00,"São Paulo","","Flamengo","",0,2,2022,21
2022-08-07 00:00:00,"Palmeiras","","Goiás","",3,0,2022,21
2022-08-07 00:00:00,"Fluminense","","Cuiabá","",1,0,2022,21
2022-08-07 00:00:00,"Fortaleza","","Internacional","",3,0,2022,21
2022-08-07 00:00:00,"Atlético-MG","MG","Athletico-PR","PR",2,3,2022,21
2022-08-08 00:00:00,"Coritiba","","Santos","",1,2,2022,21
2022-08-13 00:00:00,"Goiás","","Avaí","",1,1,2022,22
2022-08-13 00:00:00,"Corinthians","","Palmeiras","",0,1,2022,22
2022-08-13 00:00:00,"Cuiabá","","Juventude","",1,0,2022,22
2022-08-13 00:00:00,"Botafogo","","Atlético-GO","GO",0,0,2022,22
2022-08-14 00:00:00,"Coritiba","","Atlético-MG","MG",0,1,2022,22
2022-08-14 00:00:00,"Flamengo","","Athletico-PR","PR",5,0,2022,22
2022-08-14 00:00:00,"São Paulo","","Bragantino","",3,0,2022,22
2022-08-14 00:00:00,"Ceará","","Fortaleza","",0,1,2022,22
2022-08-14 00:00:00,"América-MG","MG","Santos","",1,0,2022,22
2022-08-14 00:00:00,"Internacional","","Fluminense","",3,0,2022,22
2022-08-20 00:00:00,"Atlético-MG","MG","Goiás","",0,1,2022,23
2022-08-20 00:00:00,"Fluminense","","Coritiba","",5,2,2022,23
2022-08-21 00:00:00,"Juventude","","Botafogo","",2,2,2022,23
2022-08-21 00:00:00,"Palmeiras","","Flamengo","",1,1,2022,23
2022-08-21 00:00:00,"Atlético-GO","GO","Cuiabá","",1,1,2022,23
2022-08-21 00:00:00,"Fortaleza","","Corinthians","",1,0,2022,23
2022-08-21 00:00:00,"Bragantino","","Ceará","",1,1,2022,23
2022-08-21 00:00:00,"Athletico-PR","PR","América-MG","MG",1,1,2022,23
2022-08-21 00:00:00,"Santos","","São Paulo","",1,0,2022,23
2022-08-22 00:00:00,"Avaí","","Internacional","",0,1,2022,23
2022-08-27 00:00:00,"Goiás","","Atlético-GO","GO",2,1,2022,24
2022-08-27 00:00:00,"Coritiba","","Avaí","",1,0,2022,24
2022-08-27 00:00:00,"Fluminense","","Palmeiras","",1,1,2022,24
2022-08-27 00:00:00,"Ceará","","Athletico-PR","PR",0,0,2022,24
2022-08-28 00:00:00,"São Paulo","","Fortaleza","",0,1,2022,24
2022-08-28 00:00:00,"América-MG","MG","Atlético-MG","MG",1,1,2022,24
2022-08-28 00:00:00,"Botafogo","","Flamengo","",0,1,2022,24
2022-08-28 00:00:00,"Cuiabá","","Santos","",0,0,2022,24
2022-08-29 00:00:00,"Internacional","","Juventude","",4,0,2022,24
2022-08-29 00:00:00,"Corinthians","","Bragantino","",1,0,2022,24
2022-09-03 00:00:00,"Juventude","","Avaí","",1,1,2022,25
2022-09-03 00:00:00,"Athletico-PR","PR","Fluminense","",1,0,2022,25
2022-09-03 00:00:00,"Bragantino","","Palmeiras","",2,2,2022,25
2022-09-03 00:00:00,"América-MG","MG","Coritiba","",2,0,2022,25
2022-09-04 00:00:00,"Flamengo","","Ceará","",1,1,2022,25
2022-09-04 00:00:00,"Fortaleza","","Botafogo","",1,3,2022,25
2022-09-04 00:00:00,"Corinthians","","Internacional","",2,2,2022,25
2022-09-04 00:00:00,"Atlético-GO","GO","Atlético-MG","MG",0,2,2022,25
2022-09-04 00:00:00,"Cuiabá","","São Paulo","",1,1,2022,25
2022-09-05 00:00:00,"Santos","","Goiás","",1,2,2022,25
2022-09-07 00:00:00,"Atlético-MG","MG","Bragantino","",1,1,2022,26
2022-09-10 00:00:00,"Ceará","","Santos","",2,1,2022,26
2022-09-10 00:00:00,"Internacional","","Cuiabá","",1,0,2022,26
2022-09-10 00:00:00,"Fluminense","","Fortaleza","",2,1,2022,26
2022-09-10 00:00:00,"Palmeiras","","Juventude","",2,1,2022,26
2022-09-11 00:00:00,"Avaí","","Athletico-PR","PR",1,1,2022,26
2022-09-11 00:00:00,"Botafogo","","América-MG","MG",0,0,2022,26
2022-09-11 00:00:00,"Coritiba","","Atlético-GO","GO",2,0,2022,26
2022-09-11 00:00:00,"São Paulo","","Corinthians","",1,1,2022,26
2022-09-11 00:00:00,"Goiás","","Flamengo","",1,1,2022,26
2022-09-17 00:00:00,"Avaí","","Atlético-MG","MG",1,0,2022,27
2022-09-17 00:00:00,"Botafogo","","Coritiba","",2,0,2022,27
2022-09-18 00:00:00,"Bragantino","","Goiás","",1,1,2022,27
2022-09-18 00:00:00,"Ceará","","São Paulo","",0,2,2022,27
2022-09-18 00:00:00,"Flamengo","","Fluminense","",1,2,2022,27
2022-09-18 00:00:00,"América-MG","MG","Corinthians","",1,0,2022,27
2022-09-18 00:00:00,"Juventude","","Fortaleza","",1,1,2022,27
2022-09-18 00:00:00,"Palmeiras","","Santos","",1,0,2022,27
2022-09-18 00:00:00,"Athletico-PR","PR","Cuiabá","",2,2,2022,27
2022-09-19 00:00:00,"Atlético-GO","GO","Internacional","",1,2,2022,27
2022-09-25 00:00:00,"São Paulo","","Avaí","",4,0,2022,28
2022-09-27 00:00:00,"Santos","","Athletico-PR","PR",2,0,2022,28
2022-09-28 00:00:00,"Corinthians","","Atlético-GO","GO",2,1,2022,28
2022-09-28 00:00:00,"Fluminense","","Juventude","",4,0,2022,28
2022-09-28 00:00:00,"Coritiba","","Ceará","",1,0,2022,28
2022-09-28 00:00:00,"Fortaleza","","Flamengo","",3,2,2022,28
2022-09-28 00:00:00,"Cuiabá","","América-MG","MG",2,1,2022,28
2022-09-28 00:00:00,"Goiás","","Botafogo","",0,1,2022,28
2022-09-28 00:00:00,"Atlético-MG","MG","Palmeiras","",0,1,2022,28
2022-09-28 00:00:00,"Internacional","","Bragantino","",0,0,2022,28
2022-10-01 00:00:00,"Internacional","","Santos","",1,0,2022,29
2022-10-01 00:00:00,"Ceará","","América-MG","MG",1,2,2022,29
2022-10-01 00:00:00,"Atlético-MG","MG","Fluminense","",2,0,2022,29
2022-10-01 00:00:00,"Athletico-PR","PR","Juventude","",2,0,2022,29
2022-10-01 00:00:00,"Goiás","","Fortaleza","",0,1,2022,29
2022-10-01 00:00:00,"Flamengo","","Bragantino","",4,1,2022,29
2022-10-01 00:00:00,"Avaí","","Atlético-GO","GO",1,2,2022,29
2022-10-01 00:00:00,"Corinthians","","Cuiabá","",2,0,2022,29
2022-10-03 00:00:00,"Botafogo","","Palmeiras","",1,3,2022,29
2022-10-04 00:00:00,"Juventude","","Corinthians","",2,2,2022,30
2022-10-05 00:00:00,"Ceará","","Goiás","",1,1,2022,30
2022-10-05 00:00:00,"Atlético-GO","GO","Fluminense","",3,2,2022,30
2022-10-05 00:00:00,"Bragantino","","Cuiabá","",2,1,2022,30
2022-10-05 00:00:00,"Athletico-PR","PR","Fortaleza","",1,1,2022,30
2022-10-05 00:00:00,"Santos","","Atlético-MG","MG",1,2,2022,30
2022-10-05 00:00:00,"Flamengo","","Internacional","",0,0,2022,30
2022-10-06 00:00:00,"Palmeiras","","Coritiba","",4,0,2022,30
2022-10-06 00:00:00,"América-MG","MG","São Paulo","",1,2,2022,30
2022-10-06 00:00:00,"Avaí","","Botafogo","",1,2,2022,30
2022-10-08 00:00:00,"Cuiabá","","Flamengo","",1,2,2022,31
2022-10-08 00:00:00,"Corinthians","","Athletico-PR","PR",2,1,2022,31
2022-10-09 00:00:00,"Internacional","","Goiás","",4,2,2022,31
2022-10-09 00:00:00,"Fortaleza","","Avaí","",2,0,2022,31
2022-10-09 00:00:00,"São Paulo","","Botafogo","",0,1,2022,31
2022-10-09 00:00:00,"Atlético-MG","MG","Ceará","",0,0,2022,31
2022-10-09 00:00:00,"Fluminense","","América-MG","MG",0,2,2022,31
2022-10-09 00:00:00,"Coritiba","","Bragantino","",2,1,2022,31
2022-10-10 00:00:00,"Atlético-GO","GO","Palmeiras","",1,1,2022,31
2022-10-10 00:00:00,"Santos","","Juventude","",4,1,2022,31
2022-10-15 00:00:00,"América-MG","MG","Fortaleza","",1,2,2022,32
2022-10-15 00:00:00,"Flamengo","","Atlético-MG","MG",1,0,2022,32
2022-10-16 00:00:00,"Ceará","","Cuiabá","",1,1,2022,32
2022-10-16 00:00:00,"Palmeiras","","São Paulo","",0,0,2022,32
2022-10-16 00:00:00,"Juventude","","Atlético-GO","GO",1,1,2022,32
2022-10-16 00:00:00,"Botafogo","","Internacional","",0,1,2022,32
2022-10-16 00:00:00,"Athletico-PR","PR","Coritiba","",1,0,2022,32
2022-10-16 00:00:00,"Avaí","","Fluminense","",0,3,2022,32
2022-10-17 00:00:00,"Bragantino","","Santos","",0,2,2022,32
2022-10-20 00:00:00,"São Paulo","","Coritiba","",3,1,2022,29
2022-10-22 00:00:00,"Bragantino","","Athletico-PR","PR",4,2,2022,33
2022-10-22 00:00:00,"Santos","","Corinthians","",0,1,2022,33
2022-10-22 00:00:00,"América-MG","MG","Flamengo","",1,2,2022,33
2022-10-22 00:00:00,"Palmeiras","","Avaí","",3,0,2022,33
2022-10-23 00:00:00,"Fluminense","","Botafogo","",2,2,2022,33
2022-10-23 00:00:00,"Juventude","","São Paulo","",1,2,2022,33
2022-10-23 00:00:00,"Coritiba","","Internacional","",1,1,2022,33
2022-10-23 00:00:00,"Cuiabá","","Goiás","",1,2,2022,33
2022-10-23 00:00:00,"Atlético-GO","GO","Ceará","",1,0,2022,33
2022-10-24 00:00:00,"Fortaleza","","Atlético-MG","MG",0,0,2022,33
2022-10-25 00:00:00,"Athletico-PR","PR","Palmeiras","",1,3,2022,34
2022-10-25 00:00:00,"Flamengo","","Santos","",3,2,2022,34
2022-10-26 00:00:00,"Botafogo","","Bragantino","",2,1,2022,34
2022-10-26 00:00:00,"Goiás","","América-MG","MG",2,2,2022,34
2022-10-26 00:00:00,"Corinthians","","Fluminense","",0,2,2022,34
2022-10-26 00:00:00,"Internacional","","Ceará","",2,1,2022,34
2022-10-27 00:00:00,"Fortaleza","","Coritiba","",3,1,2022,34
2022-10-27 00:00:00,"São Paulo","","Atlético-GO","GO",2,1,2022,34
2022-10-27 00:00:00,"Atlético-MG","MG","Juventude","",1,0,2022,34
2022-10-27 00:00:00,"Cuiabá","","Avaí","",1,0,2022,34
2022-10-29 00:00:00,"Goiás","","Corinthians","",0,0,2022,32
2022-10-31 00:00:00,"Ceará","","Fluminense","",0,1,2022,35
2022-11-01 00:00:00,"Botafogo","","Cuiabá","",0,2,2022,35
2022-11-01 00:00:00,"São Paulo","","Atlético-MG","MG",2,2,2022,35
2022-11-02 00:00:00,"Athletico-PR","PR","Goiás","",3,2,2022,35
2022-11-02 00:00:00,"América-MG","MG","Internacional","",1,0,2022,35
2022-11-02 00:00:00,"Avaí","","Bragantino","",1,2,2022,35
2022-11-02 00:00:00,"Juventude","","Coritiba","",0,1,2022,35
2022-11-02 00:00:00,"Atlético-GO","GO","Santos","",2,3,2022,35
2022-11-02 00:00:00,"Flamengo","","Corinthians","",1,2,2022,35
2022-11-02 00:00:00,"Palmeiras","","Fortaleza","",4,0,2022,35
2022-11-05 00:00:00,"Santos","","Avaí","",1,1,2022,36
2022-11-05 00:00:00,"Fluminense","","São Paulo","",3,1,2022,36
2022-11-05 00:00:00,"Bragantino","","América-MG","MG",1,4,2022,36
2022-11-05 00:00:00,"Goiás","","Juventude","",1,0,2022,36
2022-11-05 00:00:00,"Corinthians","","Ceará","",1,0,2022,36
2022-11-05 00:00:00,"Internacional","","Athletico-PR","PR",2,0,2022,36
2022-11-06 00:00:00,"Fortaleza","","Atlético-GO","GO",1,1,2022,36
2022-11-06 00:00:00,"Coritiba","","Flamengo","",1,0,2022,36
2022-11-06 00:00:00,"Cuiabá","","Palmeiras","",1,1,2022,36
2022-11-07 00:00:00,"Atlético-MG","MG","Botafogo","",0,2,2022,36
2022-11-08 00:00:00,"São Paulo","","Internacional","",0,1,2022,37
2022-11-09 00:00:00,"Fluminense","","Goiás","",3,0,2022,37
2022-11-09 00:00:00,"Coritiba","","Corinthians","",2,2,2022,37
2022-11-09 00:00:00,"Avaí","","Ceará","",2,0,2022,37
2022-11-09 00:00:00,"Fortaleza","","Bragantino","",6,0,2022,37
2022-11-09 00:00:00,"Juventude","","Flamengo","",2,2,2022,37
2022-11-09 00:00:00,"Palmeiras","","América-MG","MG",2,1,2022,37
2022-11-09 00:00:00,"Atlético-GO","GO","Athletico-PR","PR",1,1,2022,37
2022-11-10 00:00:00,"Atlético-MG","MG","Cuiabá","",3,0,2022,37
2022-11-10 00:00:00,"Botafogo","","Santos","",3,0,2022,37
2022-11-12 00:00:00,"Flamengo","","Avaí","",1,2,2022,38
2022-11-13 00:00:00,"Ceará","","Juventude","",4,1,2022,38
2022-11-13 00:00:00,"América-MG","MG","Atlético-GO","GO",1,1,2022,38
2022-11-13 00:00:00,"Goiás","","São Paulo","",0,4,2022,38
2022-11-13 00:00:00,"Santos","","Fortaleza","",0,2,2022,38
2022-11-13 00:00:00,"Cuiabá","","Coritiba","",2,1,2022,38
2022-11-13 00:00:00,"Athletico-PR","PR","Botafogo","",3,0,2022,38
2022-11-13 00:00:00,"Corinthians","","Atlético-MG","MG",0,1,2022,38
2022-11-13 00:00:00,"Bragantino","","Fluminense","",0,1,2022,38
2022-11-13 00:00:00,"Internacional","","Palmeiras","",3,0,2022,38
2023-04-15 00:00:00,"Palmeiras","","Cuiabá","",2,1,2023,1
2023-04-15 00:00:00,"América-MG","MG","Fluminense","",0,3,2023,1
2023-04-15 00:00:00,"Botafogo","","São Paulo","",2,1,2023,1
2023-04-15 00:00:00,"Bragantino","","Bahia","",2,1,2023,1
2023-04-15 00:00:00,"Athletico-PR","PR","Goiás","",2,0,2023,1
2023-04-15 00:00:00,"Fortaleza","","Internacional","",1,1,2023,1
2023-04-15 00:00:00,"Atlético-MG","MG","Vasco","",1,2,2023,1
2023-04-16 00:00:00,"Flamengo","","Coritiba","",3,0,2023,1
2023-04-16 00:00:00,"Corinthians","","Cruzeiro","",2,1,2023,1
2023-04-16 00:00:00,"Grêmio","","Santos","",1,0,2023,1
2023-04-22 00:00:00,"Fluminense","","Athletico-PR","PR",2,0,2023,2
2023-04-22 00:00:00,"São Paulo","","América-MG","MG",3,0,2023,2
2023-04-22 00:00:00,"Cuiabá","","Bragantino","",1,1,2023,2
2023-04-22 00:00:00,"Cruzeiro","","Grêmio","",1,0,2023,2
2023-04-23 00:00:00,"Internacional","","Flamengo","",2,1,2023,2
2023-04-23 00:00:00,"Vasco","","Palmeiras","",2,2,2023,2
2023-04-23 00:00:00,"Santos","","Atlético-MG","MG",0,0,2023,2
2023-04-23 00:00:00,"Coritiba","","Fortaleza","",0,3,2023,2
2023-04-23 00:00:00,"Goiás","","Corinthians","",3,1,2023,2
2023-04-24 00:00:00,"Bahia","","Botafogo","",1,2,2023,2
2023-04-29 00:00:00,"Coritiba","","São Paulo","",1,1,2023,3
2023-04-29 00:00:00,"Fortaleza","","Fluminense","",4,2,2023,3
2023-04-29 00:00:00,"Palmeiras","","Corinthians","",2,1,2023,3
2023-04-29 00:00:00,"Santos","","América-MG","MG",3,2,2023,3
2023-04-29 00:00:00,"Bragantino","","Cruzeiro","",0,3,2023,3
2023-04-29 00:00:00,"Atlético-MG","MG","Athletico-PR","PR",2,1,2023,3
2023-04-30 00:00:00,"Flamengo","","Botafogo","",2,3,2023,3
2023-04-30 00:00:00,"Internacional","","Goiás","",1,0,2023,3
2023-04-30 00:00:00,"Cuiabá","","Grêmio","",1,2,2023,3
2023-05-01 00:00:00,"Vasco","","Bahia","",0,1,2023,3
2023-05-06 00:00:00,"Cruzeiro","","Santos","",2,1,2023,4
2023-05-06 00:00:00,"Fluminense","","Vasco","",1,1,2023,4
2023-05-07 00:00:00,"América-MG","MG","Cuiabá","",1,2,2023,4
2023-05-07 00:00:00,"São Paulo","","Internacional","",2,0,2023,4
2023-05-07 00:00:00,"Athletico-PR","PR","Flamengo","",2,1,2023,4
2023-05-07 00:00:00,"Bahia","","Coritiba","",3,1,2023,4
2023-05-07 00:00:00,"Botafogo","","Atlético-MG","MG",2,0,2023,4
2023-05-07 00:00:00,"Goiás","","Palmeiras","",0,5,2023,4
2023-05-07 00:00:00,"Grêmio","","Bragantino","",3,3,2023,4
2023-05-08 00:00:00,"Corinthians","","Fortaleza","",1,1,2023,4
2023-05-10 00:00:00,"Santos","","Bahia","",3,0,2023,5
2023-05-10 00:00:00,"Bragantino","","América-MG","MG",2,2,2023,5
2023-05-10 00:00:00,"Internacional","","Athletico-PR","PR",0,2,2023,5
2023-05-10 00:00:00,"Flamengo","","Goiás","",2,0,2023,5
2023-05-10 00:00:00,"Cuiabá","","Atlético-MG","MG",0,4,2023,5
2023-05-10 00:00:00,"Palmeiras","","Grêmio","",4,1,2023,5
2023-05-10 00:00:00,"Cruzeiro","","Fluminense","",0,2,2023,5
2023-05-11 00:00:00,"Coritiba","","Vasco","",1,1,2023,5
2023-05-11 00:00:00,"Botafogo","","Corinthians","",3,0,2023,5
2023-05-11 00:00:00,"Fortaleza","","São Paulo","",0,0,2023,5
2023-05-13 00:00:00,"Bahia","","Flamengo","",2,3,2023,6
2023-05-13 00:00:00,"Fluminense","","Cuiabá","",2,0,2023,6
2023-05-13 00:00:00,"Palmeiras","","Bragantino","",1,1,2023,6
2023-05-13 00:00:00,"Atlético-MG","MG","Internacional","",2,0,2023,6
2023-05-14 00:00:00,"Vasco","","Santos","",0,1,2023,6
2023-05-14 00:00:00,"Corinthians","","São Paulo","",1,1,2023,6
2023-05-14 00:00:00,"Grêmio","","Fortaleza","",0,0,2023,6
2023-05-14 00:00:00,"Goiás","","Botafogo","",2,1,2023,6
2023-05-14 00:00:00,"Athletico-PR","PR","Coritiba","",3,2,2023,6
2023-05-14 00:00:00,"América-MG","MG","Cruzeiro","",0,4,2023,6
2023-05-20 00:00:00,"Bahia","","Goiás","",1,1,2023,7
2023-05-20 00:00:00,"Botafogo","","Fluminense","",1,0,2023,7
2023-05-20 00:00:00,"São Paulo","","Vasco","",4,2,2023,7
2023-05-20 00:00:00,"Bragantino","","Athletico-PR","PR",2,0,2023,7
2023-05-20 00:00:00,"Coritiba","","Atlético-MG","MG",1,2,2023,7
2023-05-20 00:00:00,"América-MG","MG","Fortaleza","",2,1,2023,7
2023-05-20 00:00:00,"Santos","","Palmeiras","",0,0,2023,7
2023-05-21 00:00:00,"Flamengo","","Corinthians","",1,0,2023,7
2023-05-21 00:00:00,"Grêmio","","Internacional","",3,1,2023,7
2023-05-22 00:00:00,"Cruzeiro","","Cuiabá","",0,1,2023,7
2023-05-27 00:00:00,"Athletico-PR","PR","Grêmio","",1,2,2023,8
2023-05-27 00:00:00,"Fortaleza","","Vasco","",2,0,2023,8
2023-05-27 00:00:00,"Flamengo","","Cruzeiro","",1,1,2023,8
2023-05-27 00:00:00,"Cuiabá","","Coritiba","",1,1,2023,8
2023-05-27 00:00:00,"São Paulo","","Goiás","",2,1,2023,8
2023-05-28 00:00:00,"Corinthians","","Fluminense","",2,0,2023,8
2023-05-28 00:00:00,"Internacional","","Bahia","",2,0,2023,8
2023-05-28 00:00:00,"Bragantino","","Santos","",2,0,2023,8
2023-05-28 00:00:00,"Atlético-MG","MG","Palmeiras","",1,1,2023,8
2023-05-28 00:00:00,"Botafogo","","América-MG","MG",2,0,2023,8
2023-06-03 00:00:00,"Fortaleza","","Bahia","",0,0,2023,9
2023-06-03 00:00:00,"Cruzeiro","","Atlético-MG","MG",0,1,2023,9
2023-06-03 00:00:00,"Athletico-PR","PR","Botafogo","",1,0,2023,9
2023-06-03 00:00:00,"América-MG","MG","Corinthians","",2,0,2023,9
2023-06-03 00:00:00,"Santos","","Internacional","",1,1,2023,9
2023-06-04 00:00:00,"Fluminense","","Bragantino","",2,1,2023,9
2023-06-04 00:00:00,"Grêmio","","São Paulo","",2,1,2023,9
2023-06-04 00:00:00,"Palmeiras","","Coritiba","",3,1,2023,9
2023-06-04 00:00:00,"Goiás","","Cuiabá","",0,1,2023,9
2023-06-05 00:00:00,"Vasco","","Flamengo","",1,4,2023,9
2023-06-10 00:00:00,"Coritiba","","Santos","",0,0,2023,10
2023-06-10 00:00:00,"Corinthians","","Cuiabá","",1,1,2023,10
2023-06-10 00:00:00,"Atlético-MG","MG","Bragantino","",1,1,2023,10
2023-06-10 00:00:00,"Bahia","","Cruzeiro","",2,2,2023,10
2023-06-10 00:00:00,"Botafogo","","Fortaleza","",2,0,2023,10
2023-06-11 00:00:00,"América-MG","MG","Athletico-PR","PR",2,2,2023,10
2023-06-11 00:00:00,"São Paulo","","Palmeiras","",0,2,2023,10
2023-06-11 00:00:00,"Internacional","","Vasco","",2,1,2023,10
2023-06-11 00:00:00,"Flamengo","","Grêmio","",3,0,2023,10
2023-06-11 00:00:00,"Goiás","","Fluminense","",2,2,2023,10
2023-06-21 00:00:00,"São Paulo","","Athletico-PR","PR",2,1,2023,11
2023-06-21 00:00:00,"Cruzeiro","","Fortaleza","",0,1,2023,11
2023-06-21 00:00:00,"Santos","","Corinthians","",0,2,2023,11
2023-06-21 00:00:00,"Fluminense","","Atlético-MG","MG",1,1,2023,11
2023-06-21 00:00:00,"Bahia","","Palmeiras","",1,0,2023,11
2023-06-22 00:00:00,"Grêmio","","América-MG","MG",3,1,2023,11
2023-06-22 00:00:00,"Vasco","","Goiás","",0,1,2023,11
2023-06-22 00:00:00,"Coritiba","","Internacional","",0,1,2023,11
2023-06-22 00:00:00,"Cuiabá","","Botafogo","",0,1,2023,11
2023-06-22 00:00:00,"Bragantino","","Flamengo","",4,0,2023,11
2023-06-24 00:00:00,"Athletico-PR","PR","Corinthians","",1,0,2023,12
2023-06-24 00:00:00,"Fluminense","","Bahia","",2,1,2023,12
2023-06-24 00:00:00,"Fortaleza","","Atlético-MG","MG",2,1,2023,12
2023-06-24 00:00:00,"Cruzeiro","","São Paulo","",1,0,2023,12
2023-06-25 00:00:00,"Palmeiras","","Botafogo","",0,1,2023,12
2023-06-25 00:00:00,"Grêmio","","Coritiba","",5,1,2023,12
2023-06-25 00:00:00,"Santos","","Flamengo","",2,3,2023,12
2023-06-25 00:00:00,"Bragantino","","Goiás","",2,0,2023,12
2023-06-25 00:00:00,"América-MG","MG","Internacional","",1,2,2023,12
2023-06-26 00:00:00,"Vasco","","Cuiabá","",1,0,2023,12
2023-07-01 00:00:00,"São Paulo","","Fluminense","",1,0,2023,13
2023-07-01 00:00:00,"Flamengo","","Fortaleza","",2,0,2023,13
2023-07-01 00:00:00,"Bahia","","Grêmio","",1,2,2023,13
2023-07-01 00:00:00,"Internacional","","Cruzeiro","",0,0,2023,13
2023-07-02 00:00:00,"Corinthians","","Bragantino","",0,1,2023,13
2023-07-02 00:00:00,"Botafogo","","Vasco","",2,0,2023,13
2023-07-02 00:00:00,"Atlético-MG","MG","América-MG","MG",2,2,2023,13
2023-07-02 00:00:00,"Athletico-PR","PR","Palmeiras","",2,2,2023,13
2023-07-02 00:00:00,"Cuiabá","","Santos","",3,0,2023,13
2023-07-03 00:00:00,"Goiás","","Coritiba","",1,2,2023,13
2023-07-08 00:00:00,"Vasco","","Cruzeiro","",0,1,2023,14
2023-07-08 00:00:00,"Cuiabá","","Bahia","",1,1,2023,14
2023-07-08 00:00:00,"Atlético-MG","MG","Corinthians","",0,1,2023,14
2023-07-08 00:00:00,"Coritiba","","América-MG","MG",3,1,2023,14
2023-07-08 00:00:00,"Palmeiras","","Flamengo","",1,1,2023,14
2023-07-09 00:00:00,"Santos","","Goiás","",4,3,2023,14
2023-07-09 00:00:00,"Fluminense","","Internacional","",2,0,2023,14
2023-07-09 00:00:00,"Bragantino","","São Paulo","",0,0,2023,14
2023-07-09 00:00:00,"Grêmio","","Botafogo","",0,2,2023,14
2023-07-09 00:00:00,"Fortaleza","","Athletico-PR","PR",1,0,2023,14
2023-07-15 00:00:00,"Botafogo","","Bragantino","",2,0,2023,15
2023-07-16 00:00:00,"Cruzeiro","","Coritiba","",0,0,2023,15
2023-07-16 00:00:00,"Fluminense","","Flamengo","",0,0,2023,15
2023-07-16 00:00:00,"São Paulo","","Santos","",4,1,2023,15
2023-07-16 00:00:00,"Fortaleza","","Cuiabá","",0,1,2023,15
2023-07-16 00:00:00,"Internacional","","Palmeiras","",0,0,2023,15
2023-07-16 00:00:00,"Athletico-PR","PR","Bahia","",2,0,2023,15
2023-07-17 00:00:00,"Goiás","","Atlético-MG","MG",0,0,2023,15
2023-09-18 00:00:00,"Corinthians","","Grêmio","",4,4,2023,15
2023-09-25 00:00:00,"América-MG","MG","Vasco","",0,1,2023,15
2023-07-22 00:00:00,"Flamengo","","América-MG","MG",1,1,2023,16
2023-07-22 00:00:00,"Palmeiras","","Fortaleza","",3,1,2023,16
2023-07-22 00:00:00,"Bahia","","Corinthians","",0,0,2023,16
2023-07-22 00:00:00,"Cuiabá","","São Paulo","",2,1,2023,16
2023-07-22 00:00:00,"Grêmio","","Atlético-MG","MG",1,0,2023,16
2023-07-23 00:00:00,"Santos","","Botafogo","",2,2,2023,16
2023-07-23 00:00:00,"Bragantino","","Internacional","",0,0,2023,16
2023-07-23 00:00:00,"Cruzeiro","","Goiás","",0,1,2023,16
2023-07-23 00:00:00,"Vasco","","Athletico-PR","PR",0,2,2023,16
2023-07-24 00:00:00,"Coritiba","","Fluminense","",2,0,2023,16
2023-07-29 00:00:00,"Fluminense","","Santos","",1,0,2023,17
2023-07-29 00:00:00,"Internacional","","Cuiabá","",1,2,2023,17
2023-07-29 00:00:00,"Athletico-PR","PR","Cruzeiro","",3,3,2023,17
2023-07-29 00:00:00,"Corinthians","","Vasco","",3,1,2023,17
2023-07-29 00:00:00,"Fortaleza","","Bragantino","",0,3,2023,17
2023-07-29 00:00:00,"Atlético-MG","MG","Flamengo","",1,2,2023,17
2023-07-30 00:00:00,"São Paulo","","Bahia","",0,0,2023,17
2023-07-30 00:00:00,"Botafogo","","Coritiba","",4,1,2023,17
2023-07-30 00:00:00,"América-MG","MG","Palmeiras","",1,4,2023,17
2023-07-30 00:00:00,"Goiás","","Grêmio","",1,1,2023,17
2023-08-05 00:00:00,"Santos","","Athletico-PR","PR",1,1,2023,18
2023-08-05 00:00:00,"Goiás","","Fortaleza","",1,0,2023,18
2023-08-05 00:00:00,"Internacional","","Corinthians","",2,2,2023,18
2023-08-05 00:00:00,"Fluminense","","Palmeiras","",2,1,2023,18
2023-08-06 00:00:00,"Vasco","","Grêmio","",1,0,2023,18
2023-08-06 00:00:00,"São Paulo","","Atlético-MG","MG",0,2,2023,18
2023-08-06 00:00:00,"Cruzeiro","","Botafogo","",0,0,2023,18
2023-08-06 00:00:00,"Coritiba","","Bragantino","",0,1,2023,18
2023-08-06 00:00:00,"Bahia","","América-MG","MG",3,1,2023,18
2023-08-06 00:00:00,"Cuiabá","","Flamengo","",3,0,2023,18
2023-08-12 00:00:00,"Botafogo","","Internacional","",3,1,2023,19
2023-08-13 00:00:00,"Atlético-MG","MG","Bahia","",1,0,2023,19
2023-08-13 00:00:00,"Corinthians","","Coritiba","",3,1,2023,19
2023-08-13 00:00:00,"Grêmio","","Fluminense","",2,1,2023,19
2023-08-13 00:00:00,"América-MG","MG","Goiás","",0,1,2023,19
2023-08-13 00:00:00,"Flamengo","","São Paulo","",1,1,2023,19
2023-08-13 00:00:00,"Fortaleza","","Santos","",4,0,2023,19
2023-08-14 00:00:00,"Palmeiras","","Cruzeiro","",1,0,2023,19
2023-08-14 00:00:00,"Bragantino","","Vasco","",1,1,2023,19
2023-08-15 00:00:00,"Athletico-PR","PR","Cuiabá","",2,0,2023,19
2023-08-19 00:00:00,"São Paulo","","Botafogo","",0,0,2023,20
2023-08-19 00:00:00,"Internacional","","Fortaleza","",0,1,2023,20
2023-08-19 00:00:00,"Fluminense","","América-MG","MG",3,1,2023,20
2023-08-19 00:00:00,"Cuiabá","","Palmeiras","",0,2,2023,20
2023-08-19 00:00:00,"Cruzeiro","","Corinthians","",1,1,2023,20
2023-08-20 00:00:00,"Vasco","","Atlético-MG","MG",1,0,2023,20
2023-08-20 00:00:00,"Santos","","Grêmio","",2,1,2023,20
2023-08-20 00:00:00,"Coritiba","","Flamengo","",2,3,2023,20
2023-08-20 00:00:00,"Bahia","","Bragantino","",4,0,2023,20
2023-08-21 00:00:00,"Goiás","","Athletico-PR","PR",1,1,2023,20
2023-08-26 00:00:00,"Flamengo","","Internacional","",0,0,2023,21
2023-08-26 00:00:00,"Corinthians","","Goiás","",1,1,2023,21
2023-08-27 00:00:00,"Bragantino","","Cuiabá","",2,0,2023,21
2023-08-27 00:00:00,"Botafogo","","Bahia","",3,0,2023,21
2023-08-27 00:00:00,"Atlético-MG","MG","Santos","",2,0,2023,21
2023-08-27 00:00:00,"América-MG","MG","São Paulo","",2,1,2023,21
2023-08-27 00:00:00,"Palmeiras","","Vasco","",1,0,2023,21
2023-08-27 00:00:00,"Athletico-PR","PR","Fluminense","",2,2,2023,21
2023-08-27 00:00:00,"Fortaleza","","Coritiba","",3,1,2023,21
2023-08-27 00:00:00,"Grêmio","","Cruzeiro","",3,0,2023,21
2023-09-02 00:00:00,"Goiás","","Internacional","",0,0,2023,22
2023-09-02 00:00:00,"Athletico-PR","PR","Atlético-MG","MG",1,1,2023,22
2023-09-02 00:00:00,"Botafogo","","Flamengo","",1,2,2023,22
2023-09-03 00:00:00,"Grêmio","","Cuiabá","",2,0,2023,22
2023-09-03 00:00:00,"Fluminense","","Fortaleza","",1,0,2023,22
2023-09-03 00:00:00,"Corinthians","","Palmeiras","",0,0,2023,22
2023-09-03 00:00:00,"Cruzeiro","","Bragantino","",0,0,2023,22
2023-09-03 00:00:00,"Bahia","","Vasco","",1,1,2023,22
2023-09-03 00:00:00,"América-MG","MG","Santos","",2,0,2023,22
2023-09-27 00:00:00,"São Paulo","","Coritiba","",2,1,2023,22
2023-09-13 00:00:00,"Flamengo","","Athletico-PR","PR",0,3,2023,23
2023-09-13 00:00:00,"Internacional","","São Paulo","",2,1,2023,23
2023-09-14 00:00:00,"Santos","","Cruzeiro","",0,3,2023,23
2023-09-14 00:00:00,"Fortaleza","","Corinthians","",2,1,2023,23
2023-09-14 00:00:00,"Coritiba","","Bahia","",2,4,2023,23
2023-09-14 00:00:00,"Bragantino","","Grêmio","",2,0,2023,23
2023-09-15 00:00:00,"Cuiabá","","América-MG","MG",2,2,2023,23
2023-09-15 00:00:00,"Palmeiras","","Goiás","",1,0,2023,23
2023-09-16 00:00:00,"Vasco","","Fluminense","",4,2,2023,23
2023-09-16 00:00:00,"Atlético-MG","MG","Botafogo","",1,0,2023,23
2023-09-18 00:00:00,"Bahia","","Santos","",1,2,2023,24
2023-09-19 00:00:00,"América-MG","MG","Bragantino","",0,2,2023,24
2023-09-20 00:00:00,"Goiás","","Flamengo","",0,0,2023,24
2023-09-20 00:00:00,"Fluminense","","Cruzeiro","",1,0,2023,24
2023-09-20 00:00:00,"São Paulo","","Fortaleza","",1,2,2023,24
2023-09-21 00:00:00,"Vasco","","Coritiba","",5,1,2023,24
2023-09-21 00:00:00,"Athletico-PR","PR","Internacional","",2,1,2023,24
2023-09-21 00:00:00,"Grêmio","","Palmeiras","",1,0,2023,24
2023-09-22 00:00:00,"Corinthians","","Botafogo","",1,0,2023,24
2023-09-23 00:00:00,"Atlético-MG","MG","Cuiabá","",1,0,2023,24
2023-09-30 00:00:00,"Flamengo","","Bahia","",1,0,2023,25
2023-09-30 00:00:00,"Fortaleza","","Grêmio","",1,1,2023,25
2023-09-30 00:00:00,"São Paulo","","Corinthians","",2,1,2023,25
2023-09-30 00:00:00,"Cuiabá","","Fluminense","",3,0,2023,25
2023-09-30 00:00:00,"Internacional","","Atlético-MG","MG",0,2,2023,25
2023-10-01 00:00:00,"Santos","","Vasco","",4,1,2023,25
2023-10-01 00:00:00,"Cruzeiro","","América-MG","MG",1,1,2023,25
2023-10-01 00:00:00,"Coritiba","","Athletico-PR","PR",2,0,2023,25
2023-10-01 00:00:00,"Bragantino","","Palmeiras","",2,1,2023,25
2023-10-02 00:00:00,"Botafogo","","Goiás","",1,1,2023,25
2023-10-07 00:00:00,"Goiás","","Bahia","",4,6,2023,26
2023-10-07 00:00:00,"Vasco","","São Paulo","",0,0,2023,26
2023-10-07 00:00:00,"Corinthians","","Flamengo","",1,1,2023,26
2023-10-08 00:00:00,"Fluminense","","Botafogo","",0,2,2023,26
2023-10-08 00:00:00,"Palmeiras","","Santos","",1,2,2023,26
2023-10-08 00:00:00,"Internacional","","Grêmio","",3,2,2023,26
2023-10-08 00:00:00,"Atlético-MG","MG","Coritiba","",1,2,2023,26
2023-10-08 00:00:00,"Athletico-PR","PR","Bragantino","",1,1,2023,26
2023-10-08 00:00:00,"Fortaleza","","América-MG","MG",3,2,2023,26
2023-10-14 00:00:00,"Cuiabá","","Cruzeiro","",0,0,2023,26
2023-10-18 00:00:00,"Grêmio","","Athletico-PR","PR",1,2,2023,27
2023-10-18 00:00:00,"Coritiba","","Cuiabá","",0,3,2023,27
2023-10-18 00:00:00,"América-MG","MG","Botafogo","",1,2,2023,27
2023-10-18 00:00:00,"Vasco","","Fortaleza","",1,0,2023,27
2023-10-18 00:00:00,"Goiás","","São Paulo","",2,0,2023,27
2023-10-18 00:00:00,"Bahia","","Internacional","",1,0,2023,27
2023-10-19 00:00:00,"Palmeiras","","Atlético-MG","MG",0,2,2023,27
2023-10-19 00:00:00,"Cruzeiro","","Flamengo","",0,2,2023,27
2023-10-19 00:00:00,"Santos","","Bragantino","",1,3,2023,27
2023-10-19 00:00:00,"Fluminense","","Corinthians","",3,3,2023,27
2023-10-21 00:00:00,"São Paulo","","Grêmio","",3,0,2023,28
2023-10-21 00:00:00,"Bahia","","Fortaleza","",2,0,2023,28
2023-10-21 00:00:00,"Cuiabá","","Goiás","",1,1,2023,28
2023-10-22 00:00:00,"Botafogo","","Athletico-PR","PR",1,1,2023,28
2023-10-22 00:00:00,"Flamengo","","Vasco","",1,0,2023,28
2023-10-22 00:00:00,"Atlético-MG","MG","Cruzeiro","",0,1,2023,28
2023-10-22 00:00:00,"Internacional","","Santos","",7,1,2023,28
2023-10-22 00:00:00,"Corinthians","","América-MG","MG",1,1,2023,28
2023-10-22 00:00:00,"Bragantino","","Fluminense","",1,0,2023,28
2023-10-22 00:00:00,"Coritiba","","Palmeiras","",0,2,2023,28
2023-10-25 00:00:00,"Fluminense","","Goiás","",5,3,2023,29
2023-10-25 00:00:00,"Bragantino","","Atlético-MG","MG",1,2,2023,29
2023-10-25 00:00:00,"Athletico-PR","PR","América-MG","MG",3,2,2023,29
2023-10-25 00:00:00,"Palmeiras","","São Paulo","",5,0,2023,29
2023-10-25 00:00:00,"Cruzeiro","","Bahia","",3,0,2023,29
2023-10-25 00:00:00,"Grêmio","","Flamengo","",3,2,2023,29
2023-10-25 00:00:00,"Cuiabá","","Corinthians","",0,1,2023,29
2023-10-26 00:00:00,"Vasco","","Internacional","",1,2,2023,29
2023-10-26 00:00:00,"Santos","","Coritiba","",2,1,2023,29
2023-11-23 00:00:00,"Fortaleza","","Botafogo","",2,2,2023,29
2023-10-28 00:00:00,"Palmeiras","","Bahia","",1,0,2023,30
2023-10-28 00:00:00,"América-MG","MG","Grêmio","",3,4,2023,30
2023-10-28 00:00:00,"Atlético-MG","MG","Fluminense","",2,0,2023,30
2023-10-29 00:00:00,"Goiás","","Vasco","",1,1,2023,30
2023-10-29 00:00:00,"Athletico-PR","PR","São Paulo","",1,1,2023,30
2023-10-29 00:00:00,"Corinthians","","Santos","",1,1,2023,30
2023-10-29 00:00:00,"Internacional","","Coritiba","",3,4,2023,30
2023-10-29 00:00:00,"Botafogo","","Cuiabá","",0,1,2023,30
2023-11-18 00:00:00,"Fortaleza","","Cruzeiro","",0,1,2023,30
2023-11-23 00:00:00,"Flamengo","","Bragantino","",1,0,2023,30
2023-10-31 00:00:00,"Bahia","","Fluminense","",1,0,2023,31
2023-11-01 00:00:00,"Corinthians","","Athletico-PR","PR",1,0,2023,31
2023-11-01 00:00:00,"Internacional","","América-MG","MG",1,1,2023,31
2023-11-01 00:00:00,"Flamengo","","Santos","",1,2,2023,31
2023-11-01 00:00:00,"Coritiba","","Grêmio","",1,2,2023,31
2023-11-01 00:00:00,"Botafogo","","Palmeiras","",3,4,2023,31
2023-11-01 00:00:00,"Atlético-MG","MG","Fortaleza","",3,1,2023,31
2023-11-02 00:00:00,"Cuiabá","","Vasco","",0,2,2023,31
2023-11-02 00:00:00,"Goiás","","Bragantino","",0,2,2023,31
2023-11-02 00:00:00,"São Paulo","","Cruzeiro","",1,0,2023,31
2023-11-04 00:00:00,"Grêmio","","Bahia","",1,0,2023,32
2023-11-04 00:00:00,"América-MG","MG","Atlético-MG","MG",1,1,2023,32
2023-11-04 00:00:00,"Palmeiras","","Athletico-PR","PR",1,0,2023,32
2023-11-05 00:00:00,"Bragantino","","Corinthians","",1,0,2023,32
2023-11-05 00:00:00,"Cruzeiro","","Internacional","",1,2,2023,32
2023-11-05 00:00:00,"Fortaleza","","Flamengo","",0,2,2023,32
2023-11-05 00:00:00,"Coritiba","","Goiás","",0,1,2023,32
2023-11-06 00:00:00,"Vasco","","Botafogo","",1,0,2023,32
2023-11-06 00:00:00,"Santos","","Cuiabá","",0,0,2023,32
2023-11-22 00:00:00,"Fluminense","","São Paulo","",1,0,2023,32
2023-11-08 00:00:00,"Internacional","","Fluminense","",0,0,2023,33
2023-11-08 00:00:00,"América-MG","MG","Coritiba","",0,3,2023,33
2023-11-08 00:00:00,"São Paulo","","Bragantino","",1,0,2023,33
2023-11-08 00:00:00,"Athletico-PR","PR","Fortaleza","",1,1,2023,33
2023-11-08 00:00:00,"Flamengo","","Palmeiras","",3,0,2023,33
2023-11-09 00:00:00,"Corinthians","","Atlético-MG","MG",1,1,2023,33
2023-11-09 00:00:00,"Goiás","","Santos","",0,1,2023,33
2023-11-09 00:00:00,"Botafogo","","Grêmio","",3,4,2023,33
2023-11-09 00:00:00,"Bahia","","Cuiabá","",0,3,2023,33
2023-11-22 00:00:00,"Cruzeiro","","Vasco","",2,2,2023,33
2023-11-11 00:00:00,"Coritiba","","Cruzeiro","",1,0,2023,34
2023-11-11 00:00:00,"Flamengo","","Fluminense","",1,1,2023,34
2023-11-11 00:00:00,"Palmeiras","","Internacional","",3,0,2023,34
2023-11-12 00:00:00,"Bragantino","","Botafogo","",2,2,2023,34
2023-11-12 00:00:00,"Grêmio","","Corinthians","",0,1,2023,34
2023-11-12 00:00:00,"Vasco","","América-MG","MG",2,1,2023,34
2023-11-12 00:00:00,"Santos","","São Paulo","",0,0,2023,34
2023-11-12 00:00:00,"Atlético-MG","MG","Goiás","",2,1,2023,34
2023-11-12 00:00:00,"Bahia","","Athletico-PR","PR",1,1,2023,34
2023-11-12 00:00:00,"Cuiabá","","Fortaleza","",2,1,2023,34
2023-11-24 00:00:00,"Corinthians","","Bahia","",1,5,2023,35
2023-11-25 00:00:00,"Athletico-PR","PR","Vasco","",0,0,2023,35
2023-11-25 00:00:00,"Fluminense","","Coritiba","",2,1,2023,35
2023-11-26 00:00:00,"Botafogo","","Santos","",1,1,2023,35
2023-11-26 00:00:00,"Atlético-MG","MG","Grêmio","",3,0,2023,35
2023-11-26 00:00:00,"São Paulo","","Cuiabá","",0,0,2023,35
2023-11-26 00:00:00,"Internacional","","Bragantino","",1,0,2023,35
2023-11-26 00:00:00,"Fortaleza","","Palmeiras","",2,2,2023,35
2023-11-26 00:00:00,"América-MG","MG","Flamengo","",0,3,2023,35
2023-11-27 00:00:00,"Goiás","","Cruzeiro","",0,1,2023,35
2023-11-28 00:00:00,"Vasco","","Corinthians","",2,4,2023,36
2023-11-29 00:00:00,"Santos","","Fluminense","",0,3,2023,36
2023-11-29 00:00:00,"Flamengo","","Atlético-MG","MG",0,3,2023,36
2023-11-29 00:00:00,"Bahia","","São Paulo","",0,1,2023,36
2023-11-29 00:00:00,"Cuiabá","","Internacional","",0,2,2023,36
2023-11-29 00:00:00,"Palmeiras","","América-MG","MG",4,0,2023,36
2023-11-29 00:00:00,"Coritiba","","Botafogo","",1,1,2023,36
2023-11-30 00:00:00,"Grêmio","","Goiás","",2,1,2023,36
2023-11-30 00:00:00,"Cruzeiro","","Athletico-PR","PR",1,1,2023,36
2023-11-30 00:00:00,"Bragantino","","Fortaleza","",1,2,2023,36
2023-12-02 00:00:00,"Corinthians","","Internacional","",1,2,2023,37
2023-12-02 00:00:00,"Atlético-MG","MG","São Paulo","",2,1,2023,37
2023-12-03 00:00:00,"Flamengo","","Cuiabá","",2,1,2023,37
2023-12-03 00:00:00,"Palmeiras","","Fluminense","",1,0,2023,37
2023-12-03 00:00:00,"Botafogo","","Cruzeiro","",0,0,2023,37
2023-12-03 00:00:00,"Bragantino","","Coritiba","",1,0,2023,37
2023-12-03 00:00:00,"Grêmio","","Vasco","",1,0,2023,37
2023-12-03 00:00:00,"Athletico-PR","PR","Santos","",3,0,2023,37
2023-12-03 00:00:00,"Fortaleza","","Goiás","",1,0,2023,37
2023-12-03 00:00:00,"América-MG","MG","Bahia","",3,2,2023,37
2023-12-06 00:00:00,"Goiás","","América-MG","MG",1,0,2023,38
2023-12-06 00:00:00,"Fluminense","","Grêmio","",2,3,2023,38
2023-12-06 00:00:00,"Vasco","","Bragantino","",2,1,2023,38
2023-12-06 00:00:00,"São Paulo","","Flamengo","",1,0,2023,38
2023-12-06 00:00:00,"Santos","","Fortaleza","",1,2,2023,38
2023-12-06 00:00:00,"Cruzeiro","","Palmeiras","",1,1,2023,38
2023-12-06 00:00:00,"Internacional","","Botafogo","",3,1,2023,38
2023-12-06 00:00:00,"Coritiba","","Corinthians","",0,2,2023,38
2023-12-06 00:00:00,"Bahia","","Atlético-MG","MG",4,1,2023,38
2023-12-06 00:00:00,"Cuiabá","","Athletico-PR","PR",3,0,2023,38
